Unnamed: 0,atletas.posicao_id,atletas.apelido,atletas.variacao_num,atletas.preco_num,atletas.rodada_id,atletas.jogos_num,atletas.media_num,atletas.nome,atletas.clube.id.full.name,atletas.status_id,atletas.entrou_em_campo,atletas.slug,atletas.atleta_id,atletas.apelido_abreviado,atletas.clube_id,atletas.foto,atletas.pontos_num,CA,DS,FC,FF,FS,G,I,FD,SG,A,PS,FT,V,CV,DE,DP,GS,PC,PP,GC,posicao_nome,ranking_rodada,percentil_pontuacao,classificacao_desempenho,destaque_rodada
0,6,Mano Menezes,0.09,9.45,23,17,5.04,Luis Antônio Venker de Menezes,GRE,7,True,mano-menezes,37281,M. Menezes,284,https://s3.glbimg.com/v1/AUTH_58d78b787ec34892b5aaa0c7a146155f/clubes_2025/silhuetas/GRE/FORMATO.png,5.29,,,,,,,,,,,,,4.0,,,,,,,,Técnico,91,73.21,Bom,False
1,6,Léo Condé,0.1,8.22,23,20,5.26,Leonardo Rodrigues Condé,CEA,7,True,leo-conde,37457,L. Condé,354,https://s3.glbimg.com/v1/AUTH_58d78b787ec34892b5aaa0c7a146155f/clubes_2025/silhuetas/CEA/FORMATO.png,4.61,,,,,,,,,,,,,6.0,,,,,,,,Técnico,104,69.35,Regular,False
2,1,Fábio,-1.23,7.66,23,21,3.16,Fábio Deivson Lopes Maciel,FLU,7,True,fabio,37656,Fábio,266,https://s3.glbimg.com/v1/AUTH_58d78b787ec34892b5aaa0c7a146155f/clubes_2025/silhuetas/FLU/FORMATO.png,-1.0,1.0,,,,2.0,,,,5.0,,,,,,49.0,1.0,29.0,,,,Goleiro,328,2.38,Ruim,False
3,3,Thiago Silva,0.0,8.73,23,13,2.76,Thiago Emiliano da Silva,FLU,6,False,thiago-silva,37715,T. Silva,266,https://s3.glbimg.com/v1/AUTH_58d78b787ec34892b5aaa0c7a146155f/clubes_2025/silhuetas/FLU/FORMATO.png,0.0,,5.0,6.0,3.0,5.0,,,2.0,4.0,,,1.0,,,,,,,,,Zagueiro,0,0.0,Não Jogou,False
4,4,Nenê,-0.67,4.53,23,12,3.16,Anderson Luis de Carvalho - Luiz,JUV,7,True,nene,38913,Nenê,286,https://s3.glbimg.com/v1/AUTH_58d78b787ec34892b5aaa0c7a146155f/clubes_2025/silhuetas/JUV/FORMATO.png,0.7,,2.0,3.0,3.0,16.0,1.0,,2.0,,3.0,,,,,,,,,,,Meia,257,23.36,Regular,False
5,5,Hulk,-0.63,13.8,23,18,5.78,Givanildo Vieira de Souza,CAM,7,True,hulk,39148,Hulk,282,https://s3.glbimg.com/v1/AUTH_58d78b787ec34892b5aaa0c7a146155f/clubes_2025/silhuetas/CAM/FORMATO.png,3.0,7.0,7.0,22.0,24.0,41.0,4.0,7.0,15.0,,3.0,,1.0,,,,,,,,,Atacante,149,55.65,Regular,False
6,4,Alan Franco,0.86,5.35,23,17,2.12,Alan Steven Franco Palma,CAM,6,True,alan-franco,39656,A. Franco,282,https://s3.glbimg.com/v1/AUTH_58d78b787ec34892b5aaa0c7a146155f/clubes_2025/silhuetas/CAM/FORMATO.png,7.7,1.0,24.0,20.0,2.0,11.0,,,,,,,,,,,,,,,,Meia,47,86.01,Bom,False
7,6,Dorival Júnior,0.31,10.2,23,17,5.18,Dorival Silvestre Júnior,COR,7,True,dorival-junior,40990,D. Júnior,264,https://s3.glbimg.com/v1/AUTH_58d78b787ec34892b5aaa0c7a146155f/clubes_2025/silhuetas/COR/FORMATO.png,5.76,,,,,,,,,,,,,5.0,,,,,,,,Técnico,75,77.98,Bom,False
8,6,Renato Gaúcho,-0.35,9.38,23,20,5.1,Renato Portaluppi,FLU,7,True,renato-gaucho,41929,R. Gaúcho,266,https://s3.glbimg.com/v1/AUTH_58d78b787ec34892b5aaa0c7a146155f/clubes_2025/silhuetas/FLU/FORMATO.png,3.45,,,,,,,,,,,,,8.0,,,,,,,,Técnico,140,58.63,Regular,False
9,4,Willian,0.0,9.0,23,0,0.0,Willian Borges da Silva,GRE,6,False,willian,42135,Willian,284,https://s3.glbimg.com/v1/AUTH_58d78b787ec34892b5aaa0c7a146155f/clubes_2025/silhuetas/GRE/FORMATO.png,0.0,,,,,,,,,,,,,,,,,,,,,Meia,0,0.0,Não Jogou,False
10,5,Osvaldo,-0.96,3.9,23,17,2.34,Osvaldo Lourenço Filho,VIT,7,True,osvaldo,42222,Osvaldo,287,https://s3.glbimg.com/v1/AUTH_58d78b787ec34892b5aaa0c7a146155f/clubes_2025/silhuetas/VIT/FORMATO.png,0.5,3.0,8.0,6.0,7.0,14.0,,3.0,6.0,,2.0,,1.0,,,,,,,,,Atacante,262,21.13,Regular,False
11,1,Cássio,-0.97,9.6,23,22,5.53,Cássio Roberto Ramos,CRU,7,True,cassio,42234,Cássio,283,https://s3.glbimg.com/v1/AUTH_58d78b787ec34892b5aaa0c7a146155f/clubes_2025/silhuetas/CRU/FORMATO.png,2.9,3.0,,,,1.0,,,,10.0,,,,,,64.0,1.0,16.0,,,,Goleiro,153,54.46,Regular,False
12,2,Fagner,0.0,8.51,23,9,6.1,Fagner Conserva Lemos,CRU,5,False,fagner,42500,Fagner,283,https://s3.glbimg.com/v1/AUTH_58d78b787ec34892b5aaa0c7a146155f/clubes_2025/silhuetas/CRU/FORMATO.png,0.0,1.0,20.0,11.0,1.0,7.0,,1.0,,5.0,,,,,,,,,,,,Lateral,0,0.0,Não Jogou,False
13,1,Walter,0.96,11.68,23,15,7.79,Walter Leandro Capeloza Artune,MIR,7,True,walter,51413,Walter,2305,https://s3.glbimg.com/v1/AUTH_58d78b787ec34892b5aaa0c7a146155f/clubes_2025/silhuetas/MIR/FORMATO.png,11.5,2.0,,,,3.0,,,,6.0,,,,,,65.0,2.0,11.0,,,,Goleiro,11,96.58,Muito Bom,True
14,4,Everton Ribeiro,-0.1,7.85,23,19,4.33,Everton Augusto de Barros Ribeiro,BAH,7,True,everton-ribeiro,51772,E. Ribeiro,265,https://s3.glbimg.com/v1/AUTH_58d78b787ec34892b5aaa0c7a146155f/clubes_2025/silhuetas/BAH/FORMATO.png,2.5,3.0,26.0,17.0,6.0,31.0,2.0,,4.0,,2.0,,1.0,,1.0,,,,,,,Meia,167,50.15,Regular,False
15,5,Gilberto,0.01,4.16,23,14,2.36,Gilberto Oliveira Souza Júnior,JUV,6,True,gilberto,61188,Gilberto,286,https://s3.glbimg.com/v1/AUTH_58d78b787ec34892b5aaa0c7a146155f/clubes_2025/silhuetas/JUV/FORMATO.png,-0.3,4.0,3.0,17.0,4.0,11.0,2.0,4.0,7.0,,1.0,,,,,,,,,,,Atacante,307,6.99,Ruim,False
16,2,Alex Sandro,0.0,10.0,23,13,4.48,Alex Sandro Lobo Silva,FLA,6,False,alex-sandro,61987,A. Sandro,262,https://s3.glbimg.com/v1/AUTH_58d78b787ec34892b5aaa0c7a146155f/clubes_2025/silhuetas/FLA/FORMATO.png,0.0,1.0,12.0,26.0,3.0,11.0,,1.0,1.0,8.0,,,,,,,,,,,,Lateral,0,0.0,Não Jogou,False
17,4,Ganso,-0.07,5.49,23,14,1.18,Paulo Henrique Chagas de Lima,FLU,6,True,ganso,62977,Ganso,266,https://s3.glbimg.com/v1/AUTH_58d78b787ec34892b5aaa0c7a146155f/clubes_2025/silhuetas/FLU/FORMATO.png,0.2,2.0,7.0,6.0,2.0,16.0,,,,,,,,,,,,,,,,Meia,275,18.15,Regular,False
18,4,Neymar,-0.58,13.81,23,13,4.78,Neymar da Silva Santos Júnior,SAN,7,True,neymar,63007,Neymar,277,https://s3.glbimg.com/v1/AUTH_58d78b787ec34892b5aaa0c7a146155f/clubes_2025/silhuetas/SAN/FORMATO.png,2.2,4.0,3.0,15.0,9.0,49.0,3.0,2.0,9.0,,,,1.0,,1.0,,,,,,,Meia,181,45.98,Regular,False
19,3,Rafael Tolói,2.92,9.92,23,1,9.4,Rafael Toloi,SAO,7,True,rafael-toloi,63008,R. Tolói,276,https://s3.glbimg.com/v1/AUTH_58d78b787ec34892b5aaa0c7a146155f/clubes_2025/silhuetas/SAO/FORMATO.png,9.4,,3.0,2.0,,1.0,,,,1.0,,,,,,,,,,,,Zagueiro,30,91.07,Bom,True
20,2,Marcos Rocha,0.0,9.84,23,3,7.2,Marcos Luis Rocha Aquino,GRE,7,False,marcos-rocha,63013,M. Rocha,284,https://s3.glbimg.com/v1/AUTH_58d78b787ec34892b5aaa0c7a146155f/clubes_2025/silhuetas/GRE/FORMATO.png,0.0,,10.0,2.0,,2.0,,,1.0,1.0,,,,,,,,,,,,Lateral,0,0.0,Não Jogou,False
21,2,Alan Ruschel,0.32,5.29,23,13,2.4,Alan Luciano Ruschel,JUV,7,True,alan-ruschel,63110,A. Ruschel,286,https://s3.glbimg.com/v1/AUTH_58d78b787ec34892b5aaa0c7a146155f/clubes_2025/silhuetas/JUV/FORMATO.png,2.3,2.0,11.0,10.0,,20.0,,3.0,,2.0,,,,,,,,,,,,Lateral,173,47.92,Regular,False
22,4,Edenílson,0.0,4.86,23,15,2.45,Edenílson Andrade dos Santos,GRE,6,False,edenilson,63289,Edenílson,284,https://s3.glbimg.com/v1/AUTH_58d78b787ec34892b5aaa0c7a146155f/clubes_2025/silhuetas/GRE/FORMATO.png,0.0,4.0,8.0,9.0,2.0,16.0,2.0,1.0,1.0,,1.0,,,,,,,,,,,Meia,0,0.0,Não Jogou,False
23,4,Alan Patrick,-1.0,13.11,23,16,6.42,Alan Patrick Lourenço,INT,7,True,alan-patrick,68685,A. Patrick,285,https://s3.glbimg.com/v1/AUTH_58d78b787ec34892b5aaa0c7a146155f/clubes_2025/silhuetas/INT/FORMATO.png,3.3,3.0,14.0,15.0,5.0,20.0,5.0,2.0,6.0,,5.0,,1.0,,,,,,,,,Meia,142,57.74,Regular,False
24,4,Eduardo,0.0,3.43,23,18,1.54,Carlos Eduardo de Oliveira Alves,CRU,3,False,eduardo,68708,Eduardo,283,https://s3.glbimg.com/v1/AUTH_58d78b787ec34892b5aaa0c7a146155f/clubes_2025/silhuetas/CRU/FORMATO.png,0.0,1.0,11.0,9.0,4.0,7.0,1.0,1.0,2.0,,,1.0,,,1.0,,,,,,,Meia,0,0.0,Não Jogou,False
25,1,Neto,-1.26,7.25,23,3,2.03,Norberto Murara Neto,BOT,6,True,neto,68806,Neto,263,https://s3.glbimg.com/v1/AUTH_58d78b787ec34892b5aaa0c7a146155f/clubes_2025/silhuetas/BOT/FORMATO.png,-1.0,,,,,,,,,,,,,,,7.0,,3.0,,,,Goleiro,328,2.38,Ruim,False
26,4,Oscar,0.0,11.39,23,6,1.67,Oscar dos Santos Emboaba Júnior,SAO,6,False,oscar,68811,Oscar,276,https://s3.glbimg.com/v1/AUTH_58d78b787ec34892b5aaa0c7a146155f/clubes_2025/silhuetas/SAO/FORMATO.png,0.0,1.0,5.0,3.0,,4.0,,,2.0,,,,,,,,,,,,,Meia,0,0.0,Não Jogou,False
27,1,Marcelo Lomba,0.0,7.63,23,1,3.2,Marcelo Lomba do Nascimento,PAL,6,False,marcelo-lomba,68872,M. Lomba,275,https://s3.glbimg.com/v1/AUTH_58d78b787ec34892b5aaa0c7a146155f/clubes_2025/silhuetas/PAL/FORMATO.png,0.0,,,,,,,,,,,,,,,4.0,,2.0,,,,Goleiro,0,0.0,Não Jogou,False
28,4,Philippe Coutinho,0.61,11.35,23,15,5.38,Philippe Coutinho Correia,VAS,7,True,philippe-coutinho,68899,P. Coutinho,267,https://s3.glbimg.com/v1/AUTH_58d78b787ec34892b5aaa0c7a146155f/clubes_2025/silhuetas/VAS/FORMATO.png,13.0,,6.0,10.0,12.0,23.0,4.0,1.0,13.0,,1.0,1.0,1.0,,1.0,,,,,,,Meia,6,98.36,Muito Bom,True
29,5,Dudu,-0.16,7.8,23,9,2.09,Eduardo Pereira Rodrigues,CAM,6,True,dudu,68920,Dudu,282,https://s3.glbimg.com/v1/AUTH_58d78b787ec34892b5aaa0c7a146155f/clubes_2025/silhuetas/CAM/FORMATO.png,0.8,,4.0,5.0,1.0,11.0,1.0,,,,,,,,,,,,,,,Atacante,252,24.7,Regular,False
30,1,Rafael,0.17,9.95,23,21,4.6,Rafael Pires Monteiro,SAO,7,True,rafael,68928,Rafael,276,https://s3.glbimg.com/v1/AUTH_58d78b787ec34892b5aaa0c7a146155f/clubes_2025/silhuetas/SAO/FORMATO.png,7.6,2.0,1.0,,,5.0,,,,7.0,,,,,,62.0,,21.0,,,,Goleiro,50,85.42,Bom,False
31,5,Marinho,0.42,6.69,23,13,3.32,Mário Sérgio Santos Costa,FOR,6,True,marinho,68952,Marinho,356,https://s3.glbimg.com/v1/AUTH_58d78b787ec34892b5aaa0c7a146155f/clubes_2025/silhuetas/FOR/FORMATO.png,3.1,2.0,10.0,22.0,10.0,18.0,1.0,12.0,5.0,,2.0,,,,1.0,,,,,,,Atacante,148,56.25,Regular,False
32,4,Lucas Sasha,0.0,7.96,23,14,5.51,Lucas Pacheco Affini,FOR,6,False,lucas-sasha,68991,L. Sasha,356,https://s3.glbimg.com/v1/AUTH_58d78b787ec34892b5aaa0c7a146155f/clubes_2025/silhuetas/FOR/FORMATO.png,0.0,1.0,50.0,20.0,1.0,12.0,,,2.0,,,,,,,,,,,,,Meia,0,0.0,Não Jogou,False
33,5,Willian José,0.88,7.58,23,17,3.64,Willian José da Silva,BAH,7,True,willian-jose,68996,W. José,265,https://s3.glbimg.com/v1/AUTH_58d78b787ec34892b5aaa0c7a146155f/clubes_2025/silhuetas/BAH/FORMATO.png,5.8,2.0,1.0,5.0,6.0,6.0,3.0,,5.0,,4.0,,2.0,,,,,,,,,Atacante,74,78.27,Bom,False
34,3,Manoel,0.0,4.56,23,4,1.83,Manoel Messias Silva Carvalho,FLU,6,False,manoel,69014,Manoel,266,https://s3.glbimg.com/v1/AUTH_58d78b787ec34892b5aaa0c7a146155f/clubes_2025/silhuetas/FLU/FORMATO.png,0.0,,,1.0,2.0,2.0,,,,1.0,,,,,,,,,,,,Zagueiro,0,0.0,Não Jogou,False
35,1,Danilo Fernandes,0.0,4.0,23,0,0.0,Danilo Fernandes Batista,BAH,6,False,danilo-fernandes,69051,D. Fernandes,265,https://s3.glbimg.com/v1/AUTH_58d78b787ec34892b5aaa0c7a146155f/clubes_2025/silhuetas/BAH/FORMATO.png,0.0,,,,,,,,,,,,,,,,,,,,,Goleiro,0,0.0,Não Jogou,False
36,5,Pablo,0.0,5.48,23,11,2.35,Pablo Felipe Teixeira,SPT,6,False,pablo,69138,Pablo,292,https://s3.glbimg.com/v1/AUTH_58d78b787ec34892b5aaa0c7a146155f/clubes_2025/silhuetas/SPT/FORMATO.png,0.0,1.0,6.0,10.0,5.0,14.0,1.0,6.0,2.0,,,,,,,,,,,,,Atacante,0,0.0,Não Jogou,False
37,4,Allan,-0.72,3.75,23,10,2.23,Allan Marques Loureiro,BOT,6,True,allan,69140,Allan,263,https://s3.glbimg.com/v1/AUTH_58d78b787ec34892b5aaa0c7a146155f/clubes_2025/silhuetas/BOT/FORMATO.png,-0.3,3.0,17.0,18.0,,8.0,,,1.0,,,,,,,,,,,,,Meia,307,6.99,Ruim,False
38,3,Danilo,0.89,13.88,23,8,5.97,Danilo Luiz da Silva,FLA,7,True,danilo,69783,Danilo,262,https://s3.glbimg.com/v1/AUTH_58d78b787ec34892b5aaa0c7a146155f/clubes_2025/silhuetas/FLA/FORMATO.png,8.0,,6.0,8.0,,4.0,1.0,,1.0,6.0,,,,,,,,,,,,Zagueiro,46,86.61,Bom,False
39,4,Lucas Moura,0.0,7.77,23,2,6.45,Lucas Rodrigues Moura da Silva,SAO,5,False,lucas-moura,70164,L. Moura,276,https://s3.glbimg.com/v1/AUTH_58d78b787ec34892b5aaa0c7a146155f/clubes_2025/silhuetas/SAO/FORMATO.png,0.0,,3.0,2.0,,2.0,1.0,,,,,,,,,,,,,,,Meia,0,0.0,Não Jogou,False
40,3,Bruno Uvini,0.0,4.0,23,0,0.0,Bruno Uvini Bortolança,VIT,6,False,bruno-uvini,70221,B. Uvini,287,https://s3.glbimg.com/v1/AUTH_58d78b787ec34892b5aaa0c7a146155f/clubes_2025/silhuetas/VIT/FORMATO.png,0.0,,,,,,,,,,,,,,,,,,,,,Zagueiro,0,0.0,Não Jogou,False
41,5,Eduardo Sasha,2.1,9.52,23,21,4.35,Eduardo Colcenti Antunes,RBB,7,True,eduardo-sasha,70360,E. Sasha,280,https://s3.glbimg.com/v1/AUTH_58d78b787ec34892b5aaa0c7a146155f/clubes_2025/silhuetas/RBB/FORMATO.png,14.3,3.0,8.0,7.0,12.0,19.0,5.0,1.0,17.0,,1.0,,1.0,,1.0,,,,,,,Atacante,4,99.11,Muito Bom,True
42,1,Gabriel,1.26,6.39,23,10,4.52,Gabriel Vasconcelos Ferreira,SPT,7,True,gabriel,70449,Gabriel,292,https://s3.glbimg.com/v1/AUTH_58d78b787ec34892b5aaa0c7a146155f/clubes_2025/silhuetas/SPT/FORMATO.png,9.4,,,,,1.0,,,,2.0,,,,,,39.0,,16.0,,,,Goleiro,30,91.07,Bom,True
43,4,Felipe Anderson,0.19,7.72,23,16,4.53,Felipe Anderson Pereira Gomes,PAL,7,True,felipe-anderson,70592,F. Anderson,275,https://s3.glbimg.com/v1/AUTH_58d78b787ec34892b5aaa0c7a146155f/clubes_2025/silhuetas/PAL/FORMATO.png,6.7,,30.0,11.0,7.0,9.0,1.0,2.0,4.0,,1.0,,1.0,,,,,,,,,Meia,58,82.89,Bom,False
44,3,Marllon,0.0,7.35,23,16,3.96,Marllon Gonçalves Jerônimo Borges,CEA,6,False,marllon,70666,Marllon,354,https://s3.glbimg.com/v1/AUTH_58d78b787ec34892b5aaa0c7a146155f/clubes_2025/silhuetas/CEA/FORMATO.png,0.0,2.0,12.0,12.0,2.0,7.0,2.0,,,6.0,,,,,,,,,,,,Zagueiro,0,0.0,Não Jogou,False
45,6,Jorge Sampaoli,1.2,11.57,23,1,5.84,Jorge Sampaoli,CAM,7,True,jorge-sampaoli,70800,J. Sampaoli,282,https://s3.glbimg.com/v1/AUTH_58d78b787ec34892b5aaa0c7a146155f/clubes_2025/silhuetas/CAM/FORMATO.png,5.84,,,,,,,,,,,,,,,,,,,,,Técnico,73,78.57,Bom,False
46,2,Diogo Barbosa,0.0,7.58,23,9,4.01,Diogo Barbosa Mendanha,FOR,6,False,diogo-barbosa,70916,D. Barbosa,356,https://s3.glbimg.com/v1/AUTH_58d78b787ec34892b5aaa0c7a146155f/clubes_2025/silhuetas/FOR/FORMATO.png,0.0,1.0,10.0,4.0,1.0,9.0,1.0,,,2.0,,,,,,,,,,,,Lateral,0,0.0,Não Jogou,False
47,4,Bruno Henrique,0.0,5.71,23,16,2.53,Bruno Henrique Corsini,INT,6,False,bruno-henrique,70944,B. Henrique,285,https://s3.glbimg.com/v1/AUTH_58d78b787ec34892b5aaa0c7a146155f/clubes_2025/silhuetas/INT/FORMATO.png,0.0,,20.0,28.0,8.0,8.0,1.0,,3.0,,,,,,1.0,,,,,,,Meia,0,0.0,Não Jogou,False
48,4,Thiago Mendes,0.0,4.96,23,3,0.2,Thiago Henrique Mendes Ribeiro,VAS,6,False,thiago-mendes,71123,T. Mendes,267,https://s3.glbimg.com/v1/AUTH_58d78b787ec34892b5aaa0c7a146155f/clubes_2025/silhuetas/VAS/FORMATO.png,0.0,1.0,1.0,3.0,,2.0,,,,,,,,,,,,,,,,Meia,0,0.0,Não Jogou,False
49,4,Vina,-0.48,6.61,23,2,2.95,Vinícius Goes Barbosa de Souza,CEA,6,True,vina,71162,Vina,354,https://s3.glbimg.com/v1/AUTH_58d78b787ec34892b5aaa0c7a146155f/clubes_2025/silhuetas/CEA/FORMATO.png,1.5,,2.0,1.0,,4.0,,,1.0,,,,,,,,,,,,,Meia,216,34.52,Regular,False
50,4,Luiz Gustavo,0.0,10.73,23,1,9.6,Luiz Gustavo Dias,SAO,5,False,luiz-gustavo,71536,L. Gustavo,276,https://s3.glbimg.com/v1/AUTH_58d78b787ec34892b5aaa0c7a146155f/clubes_2025/silhuetas/SAO/FORMATO.png,0.0,,4.0,4.0,1.0,2.0,,,,,,,1.0,,,,,,,,,Meia,0,0.0,Não Jogou,False
51,1,Fernando Miguel,0.0,7.02,23,6,6.18,Fernando Miguel Kaufmann,CEA,6,False,fernando-miguel,71571,F. Miguel,354,https://s3.glbimg.com/v1/AUTH_58d78b787ec34892b5aaa0c7a146155f/clubes_2025/silhuetas/CEA/FORMATO.png,0.0,,,,,6.0,,,,3.0,,,,,,17.0,,3.0,,,,Goleiro,0,0.0,Não Jogou,False
52,1,Weverton,0.01,7.98,23,20,4.43,Weverton Pereira da Silva,PAL,7,True,weverton,71631,Weverton,275,https://s3.glbimg.com/v1/AUTH_58d78b787ec34892b5aaa0c7a146155f/clubes_2025/silhuetas/PAL/FORMATO.png,1.6,2.0,,,,8.0,,,,8.0,,,,,,42.0,1.0,15.0,,,,Goleiro,212,36.76,Regular,False
53,2,Raúl Cáceres,-0.36,2.73,23,9,2.23,Raúl Alejandro Cáceres Bogado,VIT,6,True,raul-caceres,71680,R. Cáceres,287,https://s3.glbimg.com/v1/AUTH_58d78b787ec34892b5aaa0c7a146155f/clubes_2025/silhuetas/VIT/FORMATO.png,-1.9,4.0,4.0,10.0,2.0,2.0,,1.0,3.0,2.0,1.0,,,,,,,,,,,Lateral,334,0.89,Ruim,False
54,3,Gustavo Gómez,0.44,9.21,23,17,4.86,Gustavo Raúl Gómez Portillo,PAL,7,True,gustavo-gomez,71684,G. Gómez,275,https://s3.glbimg.com/v1/AUTH_58d78b787ec34892b5aaa0c7a146155f/clubes_2025/silhuetas/PAL/FORMATO.png,3.6,5.0,25.0,21.0,5.0,8.0,1.0,7.0,1.0,7.0,1.0,,,,,,,,,,,Zagueiro,135,60.12,Regular,False
55,2,Santiago Arias,0.27,6.72,23,10,3.68,Santiago Arias Naranjo,BAH,7,True,santiago-arias,71701,S. Arias,265,https://s3.glbimg.com/v1/AUTH_58d78b787ec34892b5aaa0c7a146155f/clubes_2025/silhuetas/BAH/FORMATO.png,4.8,2.0,12.0,4.0,2.0,6.0,,,2.0,3.0,,,,,,,,,,,,Lateral,98,70.98,Regular,False
56,4,Cuéllar,-0.55,6.61,23,6,4.1,Gustavo Leonardo Cuellar Gallego,GRE,7,True,cuellar,71709,Cuéllar,284,https://s3.glbimg.com/v1/AUTH_58d78b787ec34892b5aaa0c7a146155f/clubes_2025/silhuetas/GRE/FORMATO.png,4.0,1.0,16.0,8.0,,8.0,,,,,,,,,,,,,,,,Meia,124,63.24,Regular,False
57,1,Tiago Volpi,-0.62,7.42,23,21,4.16,Tiago Luis Volpi,GRE,7,True,tiago-volpi,72018,T. Volpi,284,https://s3.glbimg.com/v1/AUTH_58d78b787ec34892b5aaa0c7a146155f/clubes_2025/silhuetas/GRE/FORMATO.png,5.5,2.0,,,,5.0,1.0,,,4.0,,,,,,66.0,,26.0,1.0,,,Goleiro,81,75.6,Bom,False
58,1,Thomazella,0.0,2.0,23,0,0.0,Carlos Eduardo Lecciolle Thomazella,MIR,6,False,thomazella,72279,Thomazella,2305,https://s3.glbimg.com/v1/AUTH_58d78b787ec34892b5aaa0c7a146155f/clubes_2025/silhuetas/MIR/FORMATO.png,0.0,,,,,,,,,,,,,,,,,,,,,Goleiro,0,0.0,Não Jogou,False
59,1,Everson,0.14,9.14,23,20,4.23,Everson Felipe Marques Pires,CAM,7,True,everson,72294,Everson,282,https://s3.glbimg.com/v1/AUTH_58d78b787ec34892b5aaa0c7a146155f/clubes_2025/silhuetas/CAM/FORMATO.png,4.2,5.0,,,,4.0,,,,7.0,,,,,,58.0,,23.0,,,,Goleiro,119,64.43,Regular,False
60,3,Luiz Otávio,0.0,4.0,23,0,0.0,Luiz Otávio Anacleto Leandro,CEA,5,False,luiz-otavio,72359,L. Otávio,354,https://s3.glbimg.com/v1/AUTH_58d78b787ec34892b5aaa0c7a146155f/clubes_2025/silhuetas/CEA/FORMATO.png,0.0,,,,,,,,,,,,,,,,,,,,,Zagueiro,0,0.0,Não Jogou,False
61,6,Fernando Diniz,-0.21,9.55,23,13,5.3,Fernando Diniz Silva,VAS,7,True,fernando-diniz,72391,F. Diniz,267,https://s3.glbimg.com/v1/AUTH_58d78b787ec34892b5aaa0c7a146155f/clubes_2025/silhuetas/VAS/FORMATO.png,4.58,,,,,,,,,,,,,4.0,,,,,,,,Técnico,106,68.75,Regular,False
62,4,Bernard,0.0,3.46,23,14,0.81,Bernard Anício Caldeira Duarte,CAM,6,False,bernard,72460,Bernard,282,https://s3.glbimg.com/v1/AUTH_58d78b787ec34892b5aaa0c7a146155f/clubes_2025/silhuetas/CAM/FORMATO.png,0.0,1.0,8.0,6.0,1.0,3.0,,1.0,,,,,,,,,,,,,,Meia,0,0.0,Não Jogou,False
63,2,Alex Telles,0.0,10.51,23,17,5.59,Alex Nicolao Telles,BOT,7,False,alex-telles,72493,A. Telles,263,https://s3.glbimg.com/v1/AUTH_58d78b787ec34892b5aaa0c7a146155f/clubes_2025/silhuetas/BOT/FORMATO.png,0.0,1.0,8.0,16.0,7.0,10.0,2.0,1.0,2.0,10.0,2.0,,,,,,,,,,,Lateral,0,0.0,Não Jogou,False
64,5,Pedro Henrique,1.18,7.98,23,14,3.73,Pedro Henrique Konzen Medina da Silva,CEA,6,True,pedro-henrique,72583,P. Henrique,354,https://s3.glbimg.com/v1/AUTH_58d78b787ec34892b5aaa0c7a146155f/clubes_2025/silhuetas/CEA/FORMATO.png,9.4,4.0,16.0,19.0,9.0,12.0,2.0,6.0,6.0,,,,1.0,,,,,,1.0,,,Atacante,30,91.07,Bom,True
65,3,Vitor Hugo,1.74,8.32,23,8,4.9,Vitor Hugo Franchescoli de Souza,CAM,6,True,vitor-hugo,72605,V. Hugo,282,https://s3.glbimg.com/v1/AUTH_58d78b787ec34892b5aaa0c7a146155f/clubes_2025/silhuetas/CAM/FORMATO.png,9.8,1.0,12.0,2.0,3.0,1.0,,1.0,,4.0,,,,,,,,,,,,Zagueiro,28,91.82,Bom,True
66,3,Wilker Ángel,-0.59,2.98,23,14,1.55,Wílker José Ángel Romero,JUV,7,True,wilker-angel,72801,W. Ángel,286,https://s3.glbimg.com/v1/AUTH_58d78b787ec34892b5aaa0c7a146155f/clubes_2025/silhuetas/JUV/FORMATO.png,0.5,4.0,5.0,22.0,3.0,4.0,1.0,2.0,3.0,2.0,,,,,,,,,1.0,,,Zagueiro,262,21.13,Regular,False
67,3,Mercado,0.0,6.6,23,1,2.9,Gabriel Iván Mercado,INT,6,False,mercado,72951,Mercado,285,https://s3.glbimg.com/v1/AUTH_58d78b787ec34892b5aaa0c7a146155f/clubes_2025/silhuetas/INT/FORMATO.png,0.0,,2.0,2.0,,1.0,,,,,,,,,,,,,,,,Zagueiro,0,0.0,Não Jogou,False
68,2,Daniel Borges,0.0,4.38,23,8,3.72,Daniel Fortunato Borges,MIR,6,False,daniel-borges,73318,D. Borges,2305,https://s3.glbimg.com/v1/AUTH_58d78b787ec34892b5aaa0c7a146155f/clubes_2025/silhuetas/MIR/FORMATO.png,0.0,2.0,3.0,6.0,2.0,3.0,2.0,,,2.0,,,,,,,,,,,,Lateral,0,0.0,Não Jogou,False
69,2,Samuel Xavier,0.0,8.3,23,14,4.32,Samuel Xavier Brito,FLU,5,False,samuel-xavier,73384,S. Xavier,266,https://s3.glbimg.com/v1/AUTH_58d78b787ec34892b5aaa0c7a146155f/clubes_2025/silhuetas/FLU/FORMATO.png,0.0,3.0,10.0,17.0,3.0,18.0,2.0,,1.0,4.0,1.0,,,,,,,,,,,Lateral,0,0.0,Não Jogou,False
70,4,Gabriel,0.0,6.44,23,15,3.07,Gabriel Santana Pinto,MIR,6,False,gabriel,73515,Gabriel,2305,https://s3.glbimg.com/v1/AUTH_58d78b787ec34892b5aaa0c7a146155f/clubes_2025/silhuetas/MIR/FORMATO.png,0.0,2.0,3.0,5.0,4.0,15.0,3.0,5.0,4.0,,1.0,1.0,,,,,,,,,,Meia,0,0.0,Não Jogou,False
71,4,Guilherme Marques,0.0,5.0,23,0,0.0,Guilherme Costa Marques,MIR,6,False,guilherme-marques,73781,G. Marques,2305,https://s3.glbimg.com/v1/AUTH_58d78b787ec34892b5aaa0c7a146155f/clubes_2025/silhuetas/MIR/FORMATO.png,0.0,,,,,,,,,,,,,,,,,,,,,Meia,0,0.0,Não Jogou,False
72,4,Rincón,0.0,3.46,23,13,0.96,Tomás Eduardo Rincón Hernández,SAN,7,False,rincon,74187,Rincón,277,https://s3.glbimg.com/v1/AUTH_58d78b787ec34892b5aaa0c7a146155f/clubes_2025/silhuetas/SAN/FORMATO.png,0.0,4.0,13.0,23.0,5.0,6.0,,,,,,,,,1.0,,,,,,,Meia,0,0.0,Não Jogou,False
73,4,Carrillo,0.0,6.96,23,15,3.06,André Martín Carrillo Díaz,COR,5,False,carrillo,77485,Carrillo,264,https://s3.glbimg.com/v1/AUTH_58d78b787ec34892b5aaa0c7a146155f/clubes_2025/silhuetas/COR/FORMATO.png,0.0,1.0,19.0,18.0,5.0,12.0,1.0,2.0,1.0,,1.0,,,,,,,,,,,Meia,0,0.0,Não Jogou,False
74,2,Cédric Soares,0.69,7.53,23,19,3.51,Cédric Ricardo Alves Soares,SAO,7,True,cedric-soares,77656,C. Soares,276,https://s3.glbimg.com/v1/AUTH_58d78b787ec34892b5aaa0c7a146155f/clubes_2025/silhuetas/SAO/FORMATO.png,7.7,1.0,20.0,10.0,2.0,8.0,,,,5.0,2.0,,,,,,,,,,,Lateral,47,86.01,Bom,False
75,4,Sérgio Oliveira,0.0,8.59,23,8,4.6,Sérgio Miguel Relvas de Oliveira,SPT,6,False,sergio-oliveira,77664,S. Oliveira,292,https://s3.glbimg.com/v1/AUTH_58d78b787ec34892b5aaa0c7a146155f/clubes_2025/silhuetas/SPT/FORMATO.png,0.0,3.0,14.0,12.0,6.0,6.0,1.0,,3.0,,,,1.0,,,,,,,,,Meia,0,0.0,Não Jogou,False
76,5,Romarinho,-1.12,7.28,23,2,2.65,Romário Ricardo da Silva,VIT,6,True,romarinho,77738,Romarinho,287,https://s3.glbimg.com/v1/AUTH_58d78b787ec34892b5aaa0c7a146155f/clubes_2025/silhuetas/VIT/FORMATO.png,0.0,,2.0,,1.0,3.0,,,,,,,,,,,,,,,,Atacante,278,13.99,Regular,False
77,4,João Schmidt,-0.32,4.41,23,16,1.9,João Felipe Schmidt Urbano,SAN,7,True,joao-schmidt,77777,J. Schmidt,277,https://s3.glbimg.com/v1/AUTH_58d78b787ec34892b5aaa0c7a146155f/clubes_2025/silhuetas/SAN/FORMATO.png,1.0,4.0,19.0,28.0,6.0,7.0,,1.0,1.0,,1.0,,,,,,,,,,,Meia,246,26.49,Regular,False
78,5,Everaldo,0.0,3.65,23,17,1.88,Everaldo Stum,FLU,6,False,everaldo,78117,Everaldo,266,https://s3.glbimg.com/v1/AUTH_58d78b787ec34892b5aaa0c7a146155f/clubes_2025/silhuetas/FLU/FORMATO.png,0.0,1.0,3.0,17.0,9.0,11.0,2.0,1.0,5.0,,,,1.0,,,,,,,1.0,,Atacante,0,0.0,Não Jogou,False
79,3,Gustavo Henrique,0.37,7.08,23,10,3.8,Gustavo Henrique Vernes,COR,7,True,gustavo-henrique,78248,G. Henrique,264,https://s3.glbimg.com/v1/AUTH_58d78b787ec34892b5aaa0c7a146155f/clubes_2025/silhuetas/COR/FORMATO.png,3.4,1.0,10.0,8.0,2.0,4.0,1.0,,4.0,2.0,,,,,,,,,,,,Zagueiro,141,58.33,Regular,False
80,5,Vitinho,-1.02,6.71,23,4,2.05,Victor Vinícius Coelho dos Santos,COR,2,True,vitinho,78435,Vitinho,264,https://s3.glbimg.com/v1/AUTH_58d78b787ec34892b5aaa0c7a146155f/clubes_2025/silhuetas/COR/FORMATO.png,0.0,,4.0,3.0,,4.0,,1.0,1.0,,,,,,,,,,,,,Atacante,278,13.99,Regular,False
81,2,Renê,0.0,10.15,23,13,6.48,Renê Rodrigues Martins,FLU,6,False,rene,78445,Renê,266,https://s3.glbimg.com/v1/AUTH_58d78b787ec34892b5aaa0c7a146155f/clubes_2025/silhuetas/FLU/FORMATO.png,0.0,,35.0,11.0,2.0,11.0,1.0,,,4.0,,,,,,,,,,,,Lateral,0,0.0,Não Jogou,False
82,4,Willian Arão,0.0,7.19,23,1,-0.3,Willian Souza Arão da Silva,SAN,6,False,willian-arao,78478,W. Arão,277,https://s3.glbimg.com/v1/AUTH_58d78b787ec34892b5aaa0c7a146155f/clubes_2025/silhuetas/SAN/FORMATO.png,0.0,,,1.0,,,,,,,,,,,,,,,,,,Meia,0,0.0,Não Jogou,False
83,4,Gabriel,0.6,6.11,23,20,3.15,Gabriel Girotto Franco,RBB,7,True,gabriel,78605,Gabriel,280,https://s3.glbimg.com/v1/AUTH_58d78b787ec34892b5aaa0c7a146155f/clubes_2025/silhuetas/RBB/FORMATO.png,5.4,7.0,35.0,30.0,5.0,20.0,1.0,,1.0,,,,1.0,,,,,,,,,Meia,87,73.96,Bom,False
84,2,Reinaldo,-0.22,10.72,23,20,7.26,Reinaldo Manoel da Silva,MIR,7,True,reinaldo,78850,Reinaldo,2305,https://s3.glbimg.com/v1/AUTH_58d78b787ec34892b5aaa0c7a146155f/clubes_2025/silhuetas/MIR/FORMATO.png,10.0,3.0,23.0,18.0,9.0,15.0,7.0,,7.0,6.0,3.0,,,,,,,,1.0,1.0,,Lateral,26,92.41,Muito Bom,True
85,1,Richard,0.0,4.53,23,0,-1.0,Richard de Oliveira Costa,CEA,6,False,richard,78851,Richard,354,https://s3.glbimg.com/v1/AUTH_58d78b787ec34892b5aaa0c7a146155f/clubes_2025/silhuetas/CEA/FORMATO.png,0.0,1.0,,,,,,,,,,,,,,,,,,,,Goleiro,0,0.0,Não Jogou,False
86,3,Thiago Santos,0.0,6.98,23,7,4.35,Thiago dos Santos,FLU,6,False,thiago-santos,78855,T. Santos,266,https://s3.glbimg.com/v1/AUTH_58d78b787ec34892b5aaa0c7a146155f/clubes_2025/silhuetas/FLU/FORMATO.png,0.0,2.0,5.0,8.0,1.0,3.0,,,,5.0,,,,,,,,,,,,Zagueiro,0,0.0,Não Jogou,False
87,1,Alex Muralha,0.0,3.34,23,6,2.37,Alex Roberto Santana Rafael,MIR,6,False,alex-muralha,79066,A. Muralha,2305,https://s3.glbimg.com/v1/AUTH_58d78b787ec34892b5aaa0c7a146155f/clubes_2025/silhuetas/MIR/FORMATO.png,0.0,2.0,,,,1.0,,,,,,,,,,19.0,,9.0,,,,Goleiro,0,0.0,Não Jogou,False
88,1,Bruno Ferreira,0.37,5.87,23,14,3.44,Bruno Ferreira Ventura Diniz - de Lins,CEA,7,True,bruno-ferreira,79266,B. Ferreira,354,https://s3.glbimg.com/v1/AUTH_58d78b787ec34892b5aaa0c7a146155f/clubes_2025/silhuetas/CEA/FORMATO.png,3.7,2.0,,1.0,,5.0,,,,4.0,,,,,,33.0,,15.0,,,,Goleiro,131,60.86,Regular,False
89,6,Roger Machado,-0.33,9.32,23,22,5.01,Roger Machado Marques,INT,7,True,roger-machado,79437,R. Machado,285,https://s3.glbimg.com/v1/AUTH_58d78b787ec34892b5aaa0c7a146155f/clubes_2025/silhuetas/INT/FORMATO.png,2.95,,,,,,,,,,,,,7.0,,,,,,,,Técnico,152,55.06,Regular,False
90,5,Cano,0.42,9.45,23,14,5.02,Germán Ezequiel Cano,FLU,7,True,cano,79631,Cano,266,https://s3.glbimg.com/v1/AUTH_58d78b787ec34892b5aaa0c7a146155f/clubes_2025/silhuetas/FLU/FORMATO.png,4.5,1.0,4.0,5.0,17.0,17.0,5.0,2.0,4.0,,,,,,,,,,,,,Atacante,108,66.96,Regular,False
91,4,Lucas Silva,0.0,4.41,23,21,2.37,Lucas Silva Borges,CRU,7,False,lucas-silva,79701,L. Silva,283,https://s3.glbimg.com/v1/AUTH_58d78b787ec34892b5aaa0c7a146155f/clubes_2025/silhuetas/CRU/FORMATO.png,0.0,3.0,17.0,31.0,6.0,17.0,1.0,,2.0,,2.0,,1.0,,,,,,,,,Meia,0,0.0,Não Jogou,False
92,1,Helton Leite,0.0,4.66,23,3,0.93,Helton Brant Aleixo Leite,FOR,6,False,helton-leite,79973,H. Leite,356,https://s3.glbimg.com/v1/AUTH_58d78b787ec34892b5aaa0c7a146155f/clubes_2025/silhuetas/FOR/FORMATO.png,0.0,,,,,,,,,,,,,,,6.0,,5.0,,,,Goleiro,0,0.0,Não Jogou,False
93,4,Saúl,0.86,11.15,23,5,5.0,Saúl Ñíguez Esclapez,FLA,7,True,saul,80061,Saúl,262,https://s3.glbimg.com/v1/AUTH_58d78b787ec34892b5aaa0c7a146155f/clubes_2025/silhuetas/FLA/FORMATO.png,11.5,,11.0,9.0,5.0,2.0,,,1.0,,1.0,,,,,,,,,,,Meia,11,96.58,Muito Bom,True
94,5,Zé Roberto,0.0,6.0,23,0,0.0,José Roberto Assunção de Araújo Filho,SPT,6,False,ze-roberto,80076,Z. Roberto,292,https://s3.glbimg.com/v1/AUTH_58d78b787ec34892b5aaa0c7a146155f/clubes_2025/silhuetas/SPT/FORMATO.png,0.0,,,,,,,,,,,,,,,,,,,,,Atacante,0,0.0,Não Jogou,False
95,4,Jadson,0.12,5.9,23,20,3.46,Jadson Alves dos Santos,JUV,7,True,jadson,80129,Jadson,286,https://s3.glbimg.com/v1/AUTH_58d78b787ec34892b5aaa0c7a146155f/clubes_2025/silhuetas/JUV/FORMATO.png,1.7,5.0,36.0,29.0,6.0,33.0,,2.0,3.0,,1.0,,,,,,,,1.0,,,Meia,205,38.39,Regular,False
96,4,Yago Pikachu,-0.05,5.29,23,17,2.51,Glaybson Yago Souza Lisboa,FOR,2,True,yago-pikachu,80196,Y. Pikachu,356,https://s3.glbimg.com/v1/AUTH_58d78b787ec34892b5aaa0c7a146155f/clubes_2025/silhuetas/FOR/FORMATO.png,0.0,2.0,8.0,7.0,4.0,12.0,2.0,3.0,5.0,,,1.0,1.0,,,,,,,,,Meia,278,13.99,Regular,False
97,5,Luciano,0.0,9.29,23,18,5.71,Luciano da Rocha Neves,SAO,7,False,luciano,80287,Luciano,276,https://s3.glbimg.com/v1/AUTH_58d78b787ec34892b5aaa0c7a146155f/clubes_2025/silhuetas/SAO/FORMATO.png,0.0,6.0,18.0,22.0,19.0,26.0,4.0,4.0,13.0,,3.0,2.0,,,,,,,,1.0,,Atacante,0,0.0,Não Jogou,False
98,2,Gilberto,0.0,7.33,23,15,4.13,Gilberto Moraes Júnior,BAH,6,False,gilberto,80313,Gilberto,265,https://s3.glbimg.com/v1/AUTH_58d78b787ec34892b5aaa0c7a146155f/clubes_2025/silhuetas/BAH/FORMATO.png,0.0,3.0,22.0,11.0,4.0,6.0,1.0,1.0,1.0,4.0,,,,,,,,,,,,Lateral,0,0.0,Não Jogou,False
99,2,Wendell,1.19,10.29,23,12,5.09,Wendell Nascimento Borges,SAO,2,True,wendell,80570,Wendell,276,https://s3.glbimg.com/v1/AUTH_58d78b787ec34892b5aaa0c7a146155f/clubes_2025/silhuetas/SAO/FORMATO.png,8.5,,17.0,11.0,3.0,13.0,,,,5.0,1.0,,,,,,,,,,,Lateral,42,87.65,Bom,False
100,4,Lucas Lima,-1.32,6.32,23,19,4.02,Lucas Rafael Araújo Lima,SPT,3,True,lucas-lima,80583,L. Lima,292,https://s3.glbimg.com/v1/AUTH_58d78b787ec34892b5aaa0c7a146155f/clubes_2025/silhuetas/SPT/FORMATO.png,2.6,9.0,16.0,22.0,3.0,33.0,3.0,6.0,9.0,,3.0,,,,,,,,,,,Meia,165,51.04,Regular,False
101,4,Jair,0.0,4.63,23,10,2.07,Jair Rodrigues Júnior,VAS,5,False,jair,81091,Jair,267,https://s3.glbimg.com/v1/AUTH_58d78b787ec34892b5aaa0c7a146155f/clubes_2025/silhuetas/VAS/FORMATO.png,0.0,3.0,14.0,12.0,1.0,11.0,,,,,,,,,,,,,,,,Meia,0,0.0,Não Jogou,False
102,4,Lucas Mugni,0.0,6.26,23,17,3.25,Lucas Andrés Mugni,CEA,7,False,lucas-mugni,81121,L. Mugni,354,https://s3.glbimg.com/v1/AUTH_58d78b787ec34892b5aaa0c7a146155f/clubes_2025/silhuetas/CEA/FORMATO.png,0.0,4.0,19.0,22.0,5.0,10.0,1.0,1.0,2.0,,3.0,,1.0,,,,,,,,,Meia,0,0.0,Não Jogou,False
103,2,Mayke,0.0,7.75,23,8,3.29,Mayke Rocha de Oliveira,SAN,7,False,mayke,81150,Mayke,277,https://s3.glbimg.com/v1/AUTH_58d78b787ec34892b5aaa0c7a146155f/clubes_2025/silhuetas/SAN/FORMATO.png,0.0,1.0,12.0,13.0,1.0,5.0,,1.0,,2.0,,,,,,,,,,,,Lateral,0,0.0,Não Jogou,False
104,5,Gonçalo Paciência,0.0,5.5,23,4,0.58,Gonçalo Mendes Paciência,SPT,6,False,goncalo-paciencia,81401,G. Paciência,292,https://s3.glbimg.com/v1/AUTH_58d78b787ec34892b5aaa0c7a146155f/clubes_2025/silhuetas/SPT/FORMATO.png,0.0,,,2.0,3.0,1.0,,,,,,,,,,,,,,,,Atacante,0,0.0,Não Jogou,False
105,4,Alisson,-0.11,4.53,23,17,1.84,Alisson Euler de Freitas Castro,SAO,7,True,alisson,81845,Alisson,276,https://s3.glbimg.com/v1/AUTH_58d78b787ec34892b5aaa0c7a146155f/clubes_2025/silhuetas/SAO/FORMATO.png,1.5,4.0,9.0,15.0,4.0,22.0,,1.0,6.0,,1.0,,,,,,,,,,,Meia,216,34.52,Regular,False
106,1,João Ricardo,1.8,10.56,23,12,5.1,João Ricardo Riedi,FOR,7,True,joao-ricardo,81881,J. Ricardo,356,https://s3.glbimg.com/v1/AUTH_58d78b787ec34892b5aaa0c7a146155f/clubes_2025/silhuetas/FOR/FORMATO.png,8.9,,,,,,,,,5.0,,,,,,44.0,,18.0,,,1.0,Goleiro,37,89.14,Bom,False
107,4,Willian Oliveira,0.19,4.7,23,11,2.77,Willian Osmar de Oliveira Silva,VIT,7,True,willian-oliveira,81952,W. Oliveira,287,https://s3.glbimg.com/v1/AUTH_58d78b787ec34892b5aaa0c7a146155f/clubes_2025/silhuetas/VIT/FORMATO.png,2.8,4.0,18.0,16.0,7.0,11.0,,,1.0,,,,,,,,,,,,,Meia,156,53.27,Regular,False
108,4,Chico Kim,-0.18,4.23,23,10,1.76,Francisco Hyun-Sol Kim,MIR,6,True,chico-kim,82407,C. Kim,2305,https://s3.glbimg.com/v1/AUTH_58d78b787ec34892b5aaa0c7a146155f/clubes_2025/silhuetas/MIR/FORMATO.png,-0.1,1.0,8.0,6.0,1.0,11.0,,,1.0,,,1.0,,,,,,,,,,Meia,303,9.82,Ruim,False
109,4,Zé Rafael,-0.29,7.31,23,13,3.64,José Rafael Vivian,SAN,7,True,ze-rafael,82455,Z. Rafael,277,https://s3.glbimg.com/v1/AUTH_58d78b787ec34892b5aaa0c7a146155f/clubes_2025/silhuetas/SAN/FORMATO.png,4.5,2.0,27.0,15.0,3.0,22.0,,,,,,,,,,,,,,,,Meia,108,66.96,Regular,False
110,4,Otávio,0.15,6.29,23,2,1.3,Otávio Henrique Passos Santos,FLU,7,True,otavio,82463,Otávio,266,https://s3.glbimg.com/v1/AUTH_58d78b787ec34892b5aaa0c7a146155f/clubes_2025/silhuetas/FLU/FORMATO.png,3.0,,1.0,3.0,,4.0,,,,,,,,,,,,,,,,Meia,149,55.65,Regular,False
111,5,Luiz Araújo,0.73,9.36,23,20,5.37,Luiz de Araújo Guimarães Neto,FLA,7,True,luiz-araujo,82627,L. Araújo,262,https://s3.glbimg.com/v1/AUTH_58d78b787ec34892b5aaa0c7a146155f/clubes_2025/silhuetas/FLA/FORMATO.png,5.7,1.0,28.0,18.0,9.0,14.0,4.0,1.0,8.0,,2.0,,2.0,,,,,,,,,Atacante,76,77.23,Bom,False
112,2,Tinga,0.0,8.33,23,10,4.11,Guilherme de Jesus da Silva,FOR,6,False,tinga,82628,Tinga,356,https://s3.glbimg.com/v1/AUTH_58d78b787ec34892b5aaa0c7a146155f/clubes_2025/silhuetas/FOR/FORMATO.png,0.0,1.0,11.0,6.0,3.0,4.0,1.0,,,3.0,,,,,,,,,,,,Lateral,0,0.0,Não Jogou,False
113,2,Marcelo Hermes,0.0,7.58,23,9,5.04,Marcelo Gazella Hermes,JUV,7,False,marcelo-hermes,82639,M. Hermes,286,https://s3.glbimg.com/v1/AUTH_58d78b787ec34892b5aaa0c7a146155f/clubes_2025/silhuetas/JUV/FORMATO.png,0.0,2.0,13.0,9.0,5.0,6.0,,,3.0,2.0,2.0,,,,,,,,,,,Lateral,0,0.0,Não Jogou,False
114,2,Lucas Ramon,0.08,10.28,23,19,6.79,Lucas Ramon Batista Silva,MIR,7,True,lucas-ramon,82775,L. Ramon,2305,https://s3.glbimg.com/v1/AUTH_58d78b787ec34892b5aaa0c7a146155f/clubes_2025/silhuetas/MIR/FORMATO.png,10.3,5.0,43.0,20.0,5.0,25.0,2.0,2.0,6.0,5.0,2.0,1.0,,,,,,,,,,Lateral,22,93.6,Muito Bom,True
115,3,Rafael Thyere,-0.25,5.84,23,9,3.34,Rafael Thyere de Albuquerque Marques,SPT,7,True,rafael-thyere,83048,R. Thyere,292,https://s3.glbimg.com/v1/AUTH_58d78b787ec34892b5aaa0c7a146155f/clubes_2025/silhuetas/SPT/FORMATO.png,0.5,,9.0,6.0,2.0,5.0,,,1.0,2.0,,,1.0,,,,,,,,,Zagueiro,262,21.13,Regular,False
116,2,Alan Benítez,-0.66,5.13,23,6,1.98,Alan Max Benítez Domínguez,INT,6,True,alan-benitez,83251,A. Benítez,285,https://s3.glbimg.com/v1/AUTH_58d78b787ec34892b5aaa0c7a146155f/clubes_2025/silhuetas/INT/FORMATO.png,0.0,,3.0,4.0,,,,,3.0,1.0,,,,,,,,,,,,Lateral,278,13.99,Regular,False
117,5,Gabriel,0.66,7.6,23,18,3.59,Gabriel Barbosa Almeida,CRU,2,True,gabriel,83257,Gabriel,283,https://s3.glbimg.com/v1/AUTH_58d78b787ec34892b5aaa0c7a146155f/clubes_2025/silhuetas/CRU/FORMATO.png,7.5,2.0,3.0,3.0,6.0,6.0,5.0,5.0,8.0,,2.0,,,,,,,,,1.0,,Atacante,52,84.82,Bom,False
118,3,Léo Pereira,-0.05,9.89,23,21,5.56,Leonardo Pereira,FLA,7,True,leo-pereira,83528,L. Pereira,262,https://s3.glbimg.com/v1/AUTH_58d78b787ec34892b5aaa0c7a146155f/clubes_2025/silhuetas/FLA/FORMATO.png,6.5,2.0,16.0,15.0,7.0,8.0,3.0,,3.0,12.0,,,1.0,,,,,,1.0,,,Zagueiro,62,81.4,Bom,False
119,3,Neris,0.0,2.13,23,4,-0.85,Hueglo dos Santos Neris,VIT,6,False,neris,83786,Neris,287,https://s3.glbimg.com/v1/AUTH_58d78b787ec34892b5aaa0c7a146155f/clubes_2025/silhuetas/VIT/FORMATO.png,0.0,1.0,1.0,8.0,,1.0,,2.0,1.0,,,,,,1.0,,,,,,,Zagueiro,0,0.0,Não Jogou,False
120,5,Tiquinho Soares,1.42,8.82,23,18,3.26,Francisco das Chagas Soares dos Santos Meireles,SAN,6,True,tiquinho-soares,84042,T. Soares,277,https://s3.glbimg.com/v1/AUTH_58d78b787ec34892b5aaa0c7a146155f/clubes_2025/silhuetas/SAN/FORMATO.png,10.2,2.0,6.0,24.0,9.0,28.0,2.0,4.0,5.0,,3.0,1.0,,,,,,,,,,Atacante,24,93.15,Muito Bom,True
121,1,Ruan Carneiro,0.0,2.41,23,2,2.55,Eudes Ruan de Souza Carneiro,JUV,6,False,ruan-carneiro,84094,R. Carneiro,286,https://s3.glbimg.com/v1/AUTH_58d78b787ec34892b5aaa0c7a146155f/clubes_2025/silhuetas/JUV/FORMATO.png,0.0,,,,,,,,,,,,,,,7.0,,4.0,,,,Goleiro,0,0.0,Não Jogou,False
122,3,Jemerson,0.0,4.77,23,9,3.2,Jemerson de Jesus Nascimento,GRE,6,False,jemerson,84263,Jemerson,284,https://s3.glbimg.com/v1/AUTH_58d78b787ec34892b5aaa0c7a146155f/clubes_2025/silhuetas/GRE/FORMATO.png,0.0,3.0,11.0,14.0,1.0,3.0,1.0,,1.0,1.0,,,1.0,,,,,,,,,Zagueiro,0,0.0,Não Jogou,False
123,4,Fernando Sobral,-0.02,4.08,23,18,1.41,Fernando Pereira do Nascimento,CEA,7,True,fernando-sobral,84428,F. Sobral,354,https://s3.glbimg.com/v1/AUTH_58d78b787ec34892b5aaa0c7a146155f/clubes_2025/silhuetas/CEA/FORMATO.png,1.7,6.0,19.0,23.0,4.0,13.0,,1.0,,,,,,,,,,,,,,Meia,205,38.39,Regular,False
124,5,Romarinho,-0.16,3.41,23,11,2.04,José Romário Silva de Souza,SPT,6,True,romarinho,84523,Romarinho,292,https://s3.glbimg.com/v1/AUTH_58d78b787ec34892b5aaa0c7a146155f/clubes_2025/silhuetas/SPT/FORMATO.png,0.0,,,,2.0,5.0,2.0,1.0,2.0,,,,,,,,,,,,,Atacante,278,13.99,Regular,False
125,4,Lucas Romero,-0.15,7.83,23,21,4.55,Lucas Daniel Romero,CRU,7,True,lucas-romero,84558,L. Romero,283,https://s3.glbimg.com/v1/AUTH_58d78b787ec34892b5aaa0c7a146155f/clubes_2025/silhuetas/CRU/FORMATO.png,3.5,7.0,46.0,22.0,5.0,32.0,1.0,1.0,2.0,,2.0,,,,,,,,,,,Meia,136,59.38,Regular,False
126,4,Lucas Evangelista,1.39,7.62,23,17,3.67,Lucas Evangelista Santana de Oliveira,PAL,7,True,lucas-evangelista,84674,L. Evangelista,275,https://s3.glbimg.com/v1/AUTH_58d78b787ec34892b5aaa0c7a146155f/clubes_2025/silhuetas/PAL/FORMATO.png,11.0,2.0,22.0,18.0,2.0,19.0,2.0,,4.0,,1.0,,,,,,,,,,,Meia,17,95.09,Muito Bom,True
127,4,Jorginho,0.0,7.1,23,8,1.93,Jorge Luiz Frello Filho,FLA,6,False,jorginho,84735,Jorginho,262,https://s3.glbimg.com/v1/AUTH_58d78b787ec34892b5aaa0c7a146155f/clubes_2025/silhuetas/FLA/FORMATO.png,0.0,3.0,13.0,12.0,1.0,1.0,,,1.0,,,,,,,,,,,,,Meia,0,0.0,Não Jogou,False
128,2,Varela,0.0,7.85,23,16,4.93,Guillermo Varela Olivera,FLA,7,False,varela,84816,Varela,262,https://s3.glbimg.com/v1/AUTH_58d78b787ec34892b5aaa0c7a146155f/clubes_2025/silhuetas/FLA/FORMATO.png,0.0,,8.0,4.0,,6.0,,1.0,1.0,9.0,4.0,,,,,,,,1.0,,,Lateral,0,0.0,Não Jogou,False
129,3,Luan Peres,-0.03,5.54,23,14,2.71,Luan Peres Petroni,SAN,7,True,luan-peres,84847,L. Peres,277,https://s3.glbimg.com/v1/AUTH_58d78b787ec34892b5aaa0c7a146155f/clubes_2025/silhuetas/SAN/FORMATO.png,5.4,4.0,15.0,19.0,,8.0,,,1.0,4.0,,,,,,,,,,,,Zagueiro,87,73.96,Bom,False
130,4,Óscar Romero,0.0,4.5,23,9,1.42,Óscar David Romero Villamayor,INT,6,False,oscar-romero,85034,O. Romero,285,https://s3.glbimg.com/v1/AUTH_58d78b787ec34892b5aaa0c7a146155f/clubes_2025/silhuetas/INT/FORMATO.png,0.0,1.0,2.0,2.0,4.0,6.0,,,1.0,,1.0,,,,,,,,1.0,,,Meia,0,0.0,Não Jogou,False
131,5,Memphis Depay,0.0,13.85,23,14,5.95,Memphis Depay,COR,5,False,memphis-depay,85048,M. Depay,264,https://s3.glbimg.com/v1/AUTH_58d78b787ec34892b5aaa0c7a146155f/clubes_2025/silhuetas/COR/FORMATO.png,0.0,4.0,7.0,11.0,10.0,20.0,4.0,1.0,11.0,,3.0,,2.0,,,,,,,1.0,,Atacante,0,0.0,Não Jogou,False
132,1,Vinicius Silvestre,0.0,6.75,23,2,4.4,Vinicius Silvestre da Costa,FOR,6,False,vinicius-silvestre,85083,V. Silvestre,356,https://s3.glbimg.com/v1/AUTH_58d78b787ec34892b5aaa0c7a146155f/clubes_2025/silhuetas/FOR/FORMATO.png,0.0,,,,,1.0,,,,,,,,,,11.0,,6.0,,,,Goleiro,0,0.0,Não Jogou,False
133,4,Danielzinho,0.09,5.04,23,20,2.84,Daniel de Oliveira Sertanejo,MIR,7,True,danielzinho,85403,Danielzinho,2305,https://s3.glbimg.com/v1/AUTH_58d78b787ec34892b5aaa0c7a146155f/clubes_2025/silhuetas/MIR/FORMATO.png,1.9,3.0,16.0,23.0,7.0,37.0,,1.0,4.0,,2.0,1.0,1.0,,,,,,,,,Meia,199,40.33,Regular,False
134,1,João Paulo,0.0,6.45,23,0,-1.0,João Paulo Silva Martins,BAH,6,False,joao-paulo,85425,J. Paulo,265,https://s3.glbimg.com/v1/AUTH_58d78b787ec34892b5aaa0c7a146155f/clubes_2025/silhuetas/BAH/FORMATO.png,0.0,2.0,,,,,,,,,,,,,,,,,,,,Goleiro,0,0.0,Não Jogou,False
135,4,Alex Santana,0.0,2.96,23,8,0.45,Alex Paulo Menezes Santana,GRE,6,False,alex-santana,85465,A. Santana,284,https://s3.glbimg.com/v1/AUTH_58d78b787ec34892b5aaa0c7a146155f/clubes_2025/silhuetas/GRE/FORMATO.png,0.0,3.0,1.0,10.0,4.0,10.0,,1.0,,,,,,,,,,,,,,Meia,0,0.0,Não Jogou,False
136,4,Ricardo Ryller,0.0,2.69,23,16,1.3,Ricardo Ryller Ribeiro Lino Silva,VIT,6,False,ricardo-ryller,85856,R. Ryller,287,https://s3.glbimg.com/v1/AUTH_58d78b787ec34892b5aaa0c7a146155f/clubes_2025/silhuetas/VIT/FORMATO.png,0.0,3.0,15.0,28.0,2.0,7.0,,1.0,4.0,,,,,,,,,,,,,Meia,0,0.0,Não Jogou,False
137,5,Aylon,0.0,5.52,23,13,3.33,Aylon Darwin Tavella,CEA,6,False,aylon,85930,Aylon,354,https://s3.glbimg.com/v1/AUTH_58d78b787ec34892b5aaa0c7a146155f/clubes_2025/silhuetas/CEA/FORMATO.png,0.0,2.0,11.0,17.0,6.0,17.0,2.0,2.0,4.0,,,,,,,,,,,,,Atacante,0,0.0,Não Jogou,False
138,4,Hyoran,0.0,3.22,23,3,-0.57,Hyoran Kaue Dalmoro,SPT,6,False,hyoran,85931,Hyoran,292,https://s3.glbimg.com/v1/AUTH_58d78b787ec34892b5aaa0c7a146155f/clubes_2025/silhuetas/SPT/FORMATO.png,0.0,1.0,,4.0,,1.0,,,,,,,,,,,,,,,,Meia,0,0.0,Não Jogou,False
139,5,Bolasie,-0.28,3.31,23,11,0.83,Yannick Bolasie,CRU,6,True,bolasie,86292,Bolasie,283,https://s3.glbimg.com/v1/AUTH_58d78b787ec34892b5aaa0c7a146155f/clubes_2025/silhuetas/CRU/FORMATO.png,0.0,1.0,3.0,8.0,1.0,2.0,,1.0,1.0,,1.0,,,,,,,,,,,Atacante,278,13.99,Regular,False
140,2,Victor Luis,0.0,3.34,23,3,0.57,Victor Luis Chuab Zamblauskas,VAS,7,False,victor-luis,86410,V. Luis,267,https://s3.glbimg.com/v1/AUTH_58d78b787ec34892b5aaa0c7a146155f/clubes_2025/silhuetas/VAS/FORMATO.png,0.0,,,,,1.0,,,1.0,,,,,,,,,,,,,Lateral,0,0.0,Não Jogou,False
141,5,Keno,0.0,6.04,23,9,3.04,Marcos da Silva França,FLU,6,False,keno,86485,Keno,266,https://s3.glbimg.com/v1/AUTH_58d78b787ec34892b5aaa0c7a146155f/clubes_2025/silhuetas/FLU/FORMATO.png,0.0,,1.0,2.0,7.0,17.0,,,2.0,,2.0,,,,,,,,,,,Atacante,0,0.0,Não Jogou,False
142,1,Jandrei,-1.63,5.55,23,4,3.8,Jandrei Chitolina Carniel,JUV,7,True,jandrei,86508,Jandrei,286,https://s3.glbimg.com/v1/AUTH_58d78b787ec34892b5aaa0c7a146155f/clubes_2025/silhuetas/JUV/FORMATO.png,0.6,1.0,,,,,,,,1.0,,,,,,14.0,,7.0,,,,Goleiro,261,22.62,Regular,False
143,4,Richardson,-0.29,2.58,23,8,1.06,Richardson Fernandes dos Santos,CEA,3,True,richardson,86536,Richardson,354,https://s3.glbimg.com/v1/AUTH_58d78b787ec34892b5aaa0c7a146155f/clubes_2025/silhuetas/CEA/FORMATO.png,0.3,3.0,7.0,6.0,1.0,4.0,,,,,,,,,,,,,,,,Meia,274,18.75,Regular,False
144,4,Tchê Tchê,0.0,3.64,23,16,1.48,Danilo das Neves Pinheiro,VAS,7,False,tche-tche,86686,T. Tchê,267,https://s3.glbimg.com/v1/AUTH_58d78b787ec34892b5aaa0c7a146155f/clubes_2025/silhuetas/VAS/FORMATO.png,0.0,1.0,2.0,12.0,4.0,26.0,1.0,1.0,1.0,,,,,,,,,,,,,Meia,0,0.0,Não Jogou,False
145,4,Richard,0.0,3.98,23,3,1.47,Richard Cândido Coelho,INT,6,False,richard,86711,Richard,285,https://s3.glbimg.com/v1/AUTH_58d78b787ec34892b5aaa0c7a146155f/clubes_2025/silhuetas/INT/FORMATO.png,0.0,,2.0,2.0,,4.0,,,,,,,,,,,,,,,,Meia,0,0.0,Não Jogou,False
146,5,Everton,-0.35,6.92,23,15,2.25,Everton Sousa Soares,FLA,6,True,everton,86757,Everton,262,https://s3.glbimg.com/v1/AUTH_58d78b787ec34892b5aaa0c7a146155f/clubes_2025/silhuetas/FLA/FORMATO.png,0.0,,7.0,7.0,9.0,1.0,1.0,1.0,4.0,,1.0,,,,,,,,,,,Atacante,278,13.99,Regular,False
147,4,Matheus Rossetto,0.0,3.15,23,10,0.82,Matheus Rossetto,FOR,2,False,matheus-rossetto,86766,M. Rossetto,356,https://s3.glbimg.com/v1/AUTH_58d78b787ec34892b5aaa0c7a146155f/clubes_2025/silhuetas/FOR/FORMATO.png,0.0,,5.0,3.0,,3.0,,,,,,,,,,,,,,,,Meia,0,0.0,Não Jogou,False
148,2,Reginaldo,-0.92,4.47,23,14,3.01,Reginaldo Lopes de Jesus,JUV,7,True,reginaldo,86820,Reginaldo,286,https://s3.glbimg.com/v1/AUTH_58d78b787ec34892b5aaa0c7a146155f/clubes_2025/silhuetas/JUV/FORMATO.png,2.3,1.0,9.0,6.0,1.0,9.0,,1.0,1.0,3.0,2.0,,,,,,,,,,,Lateral,173,47.92,Regular,False
149,4,José Welison,0.0,3.82,23,9,1.89,José Welison da Silva,FOR,6,False,jose-welison,86859,J. Welison,356,https://s3.glbimg.com/v1/AUTH_58d78b787ec34892b5aaa0c7a146155f/clubes_2025/silhuetas/FOR/FORMATO.png,0.0,3.0,12.0,7.0,2.0,5.0,,,,,,,,,,,,,,,,Meia,0,0.0,Não Jogou,False
150,3,Luiz Otávio,0.0,4.0,23,0,0.0,Luiz Otávio da Silva Santos,MIR,6,False,luiz-otavio,86863,L. Otávio,2305,https://s3.glbimg.com/v1/AUTH_58d78b787ec34892b5aaa0c7a146155f/clubes_2025/silhuetas/MIR/FORMATO.png,0.0,,,,,,,,,,,,,,,,,,,,,Zagueiro,0,0.0,Não Jogou,False
151,1,Léo Jardim,0.61,7.21,23,19,3.03,Leonardo César Jardim,VAS,7,True,leo-jardim,87008,L. Jardim,267,https://s3.glbimg.com/v1/AUTH_58d78b787ec34892b5aaa0c7a146155f/clubes_2025/silhuetas/VAS/FORMATO.png,4.5,,,,,4.0,,,,3.0,,,,,1.0,53.0,,25.0,,,,Goleiro,108,66.96,Regular,False
152,3,Pedro Henrique,0.6,7.54,23,20,3.61,Pedro Henrique Ribeiro Gonçalves,RBB,7,True,pedro-henrique,87225,P. Henrique,280,https://s3.glbimg.com/v1/AUTH_58d78b787ec34892b5aaa0c7a146155f/clubes_2025/silhuetas/RBB/FORMATO.png,3.0,3.0,21.0,12.0,4.0,17.0,,,2.0,5.0,1.0,,1.0,,,,,,,,,Zagueiro,149,55.65,Regular,False
153,2,Guilherme Arana,0.15,9.04,23,10,3.74,Guilherme Antonio Arana Lopes,CAM,7,True,guilherme-arana,87228,G. Arana,282,https://s3.glbimg.com/v1/AUTH_58d78b787ec34892b5aaa0c7a146155f/clubes_2025/silhuetas/CAM/FORMATO.png,3.9,2.0,12.0,8.0,4.0,8.0,,,3.0,2.0,,,1.0,,,,,,,,,Lateral,126,62.35,Regular,False
154,5,Soteldo,-0.32,6.71,23,12,1.09,Yeferson Julio Soteldo Martínez,FLU,6,True,soteldo,87258,Soteldo,266,https://s3.glbimg.com/v1/AUTH_58d78b787ec34892b5aaa0c7a146155f/clubes_2025/silhuetas/FLU/FORMATO.png,0.0,1.0,3.0,3.0,3.0,14.0,,1.0,1.0,,,,,,,,,,,,,Atacante,278,13.99,Regular,False
155,3,Kannemann,-0.12,5.2,23,11,2.73,Walter Kannemann,GRE,3,True,kannemann,87342,Kannemann,284,https://s3.glbimg.com/v1/AUTH_58d78b787ec34892b5aaa0c7a146155f/clubes_2025/silhuetas/GRE/FORMATO.png,0.7,6.0,12.0,16.0,1.0,6.0,,,,3.0,,1.0,1.0,,,,,,,,,Zagueiro,257,23.36,Regular,False
156,4,Thaciano,-0.22,4.88,23,12,1.98,Thaciano Mickael da Silva,SAN,6,True,thaciano,87470,Thaciano,277,https://s3.glbimg.com/v1/AUTH_58d78b787ec34892b5aaa0c7a146155f/clubes_2025/silhuetas/SAN/FORMATO.png,0.0,,7.0,2.0,3.0,6.0,1.0,7.0,1.0,,,,,,,,,,,,,Meia,278,13.99,Regular,False
157,4,Neto Moura,-0.64,4.23,23,19,3.04,Antônio Francisco Moura Neto,MIR,7,True,neto-moura,87742,N. Moura,2305,https://s3.glbimg.com/v1/AUTH_58d78b787ec34892b5aaa0c7a146155f/clubes_2025/silhuetas/MIR/FORMATO.png,-0.1,5.0,42.0,23.0,2.0,12.0,,,,,,,,,,,,,1.0,,,Meia,303,9.82,Ruim,False
158,4,Yago Felipe,0.0,4.31,23,13,2.07,Yago Felipe da Costa Rocha,MIR,6,False,yago-felipe,87747,Y. Felipe,2305,https://s3.glbimg.com/v1/AUTH_58d78b787ec34892b5aaa0c7a146155f/clubes_2025/silhuetas/MIR/FORMATO.png,0.0,1.0,9.0,8.0,3.0,19.0,,,,,1.0,,,,,,,,,,,Meia,0,0.0,Não Jogou,False
159,3,Philipe Sampaio,0.0,3.0,23,0,0.0,Philipe Sampaio Azevedo,BOT,6,False,philipe-sampaio,87808,P. Sampaio,263,https://s3.glbimg.com/v1/AUTH_58d78b787ec34892b5aaa0c7a146155f/clubes_2025/silhuetas/BOT/FORMATO.png,0.0,,,,,,,,,,,,,,,,,,,,,Zagueiro,0,0.0,Não Jogou,False
160,3,Mauricio Lemos,0.0,5.2,23,4,1.93,Paolo Mauricio Lemos Merladett,VAS,6,False,mauricio-lemos,87853,M. Lemos,267,https://s3.glbimg.com/v1/AUTH_58d78b787ec34892b5aaa0c7a146155f/clubes_2025/silhuetas/VAS/FORMATO.png,0.0,,2.0,1.0,,,,,,1.0,,,,,,,,,,,,Zagueiro,0,0.0,Não Jogou,False
161,4,Arrascaeta,0.73,19.71,23,20,10.25,Giorgian Daniel de Arrascaeta Benedetti,FLA,7,True,arrascaeta,87863,Arrascaeta,262,https://s3.glbimg.com/v1/AUTH_58d78b787ec34892b5aaa0c7a146155f/clubes_2025/silhuetas/FLA/FORMATO.png,14.0,1.0,10.0,10.0,14.0,35.0,13.0,2.0,3.0,,10.0,2.0,2.0,,,,,,,,,Meia,5,98.81,Muito Bom,True
162,3,Balbuena,0.0,8.94,23,3,6.33,Fabián Cornelio Balbuena González,GRE,5,False,balbuena,87887,Balbuena,284,https://s3.glbimg.com/v1/AUTH_58d78b787ec34892b5aaa0c7a146155f/clubes_2025/silhuetas/GRE/FORMATO.png,0.0,,3.0,,,3.0,1.0,,,1.0,,,,,,,,,,,,Zagueiro,0,0.0,Não Jogou,False
163,4,Gustavo Scarpa,-0.07,10.2,23,21,3.9,Gustavo Henrique Furtado Scarpa,CAM,7,True,gustavo-scarpa,87999,G. Scarpa,282,https://s3.glbimg.com/v1/AUTH_58d78b787ec34892b5aaa0c7a146155f/clubes_2025/silhuetas/CAM/FORMATO.png,5.5,2.0,13.0,14.0,15.0,28.0,2.0,3.0,9.0,,2.0,,2.0,,,,,,,,,Meia,81,75.6,Bom,False
164,3,Ramon Menezes,-0.96,6.78,23,9,3.94,Ramon Menezes Roma,SPT,7,True,ramon-menezes,88087,R. Menezes,292,https://s3.glbimg.com/v1/AUTH_58d78b787ec34892b5aaa0c7a146155f/clubes_2025/silhuetas/SPT/FORMATO.png,1.4,1.0,10.0,9.0,2.0,2.0,1.0,,3.0,2.0,,,,,,,,,,,,Zagueiro,227,32.14,Regular,False
165,1,Ivan,0.0,4.0,23,0,0.0,Ivan Quaresma da Silva,INT,5,False,ivan,88136,Ivan,285,https://s3.glbimg.com/v1/AUTH_58d78b787ec34892b5aaa0c7a146155f/clubes_2025/silhuetas/INT/FORMATO.png,0.0,,,,,,,,,,,,,,,,,,,,,Goleiro,0,0.0,Não Jogou,False
166,3,Junior Alonso,0.0,6.83,23,19,4.03,Júnior Osmar Ignacio Alonso Mujica,CAM,7,False,junior-alonso,88312,J. Alonso,282,https://s3.glbimg.com/v1/AUTH_58d78b787ec34892b5aaa0c7a146155f/clubes_2025/silhuetas/CAM/FORMATO.png,0.0,3.0,24.0,15.0,7.0,10.0,,,3.0,7.0,1.0,,,,1.0,,,,,,1.0,Zagueiro,0,0.0,Não Jogou,False
167,5,Ángel Romero,0.16,5.45,23,20,2.03,Ángel Rodrigo Romero Villamayor,COR,2,True,angel-romero,88323,A. Romero,264,https://s3.glbimg.com/v1/AUTH_58d78b787ec34892b5aaa0c7a146155f/clubes_2025/silhuetas/COR/FORMATO.png,1.2,3.0,13.0,10.0,10.0,20.0,,7.0,4.0,,1.0,,1.0,,1.0,,,,,,,Atacante,239,28.42,Regular,False
168,2,Ayrton Lucas,0.35,10.37,23,9,6.34,Ayrton Lucas Dantas de Medeiros,FLA,7,True,ayrton-lucas,88393,A. Lucas,262,https://s3.glbimg.com/v1/AUTH_58d78b787ec34892b5aaa0c7a146155f/clubes_2025/silhuetas/FLA/FORMATO.png,5.9,2.0,12.0,12.0,1.0,9.0,1.0,,2.0,6.0,,,,,,,,,1.0,,,Lateral,70,79.17,Bom,False
169,2,Aderlan,-0.27,4.9,23,5,2.38,Aderlan de Lima Silva,SPT,2,True,aderlan,88423,Aderlan,292,https://s3.glbimg.com/v1/AUTH_58d78b787ec34892b5aaa0c7a146155f/clubes_2025/silhuetas/SPT/FORMATO.png,1.5,,4.0,1.0,1.0,3.0,,1.0,,1.0,,,,,,,,,1.0,,,Lateral,216,34.52,Regular,False
170,4,Walace,0.0,3.42,23,8,0.64,Walace Souza Silva,CRU,6,False,walace,88479,Walace,283,https://s3.glbimg.com/v1/AUTH_58d78b787ec34892b5aaa0c7a146155f/clubes_2025/silhuetas/CRU/FORMATO.png,0.0,2.0,6.0,8.0,,1.0,,,,,,,,,,,,,,,,Meia,0,0.0,Não Jogou,False
171,4,Lucas Crispim,-0.35,4.65,23,1,0.4,Lucas de Figueiredo Crispim,FOR,6,True,lucas-crispim,88597,L. Crispim,356,https://s3.glbimg.com/v1/AUTH_58d78b787ec34892b5aaa0c7a146155f/clubes_2025/silhuetas/FOR/FORMATO.png,0.4,,,2.0,,2.0,,,,,,,,,,,,,,,,Meia,271,19.35,Regular,False
172,6,Leonardo Jardim,-0.18,10.91,23,23,6.86,José Leonardo Nunes Alves Sousa Jardim,CRU,7,True,leonardo-jardim,88963,L. Jardim,283,https://s3.glbimg.com/v1/AUTH_58d78b787ec34892b5aaa0c7a146155f/clubes_2025/silhuetas/CRU/FORMATO.png,6.12,,,,,,,,,,,,,14.0,,,,,,,,Técnico,67,80.36,Bom,False
173,5,Héctor Hernández,0.0,4.39,23,9,2.18,Héctor José Hernández Marrero,COR,6,False,hector-hernandez,89048,H. Hernández,264,https://s3.glbimg.com/v1/AUTH_58d78b787ec34892b5aaa0c7a146155f/clubes_2025/silhuetas/COR/FORMATO.png,0.0,,5.0,4.0,2.0,3.0,1.0,2.0,2.0,,,,,,,,,,,,,Atacante,0,0.0,Não Jogou,False
174,2,João Pedro,0.37,6.18,23,7,3.03,João Pedro Maturano dos Santos,GRE,7,True,joao-pedro,89273,J. Pedro,284,https://s3.glbimg.com/v1/AUTH_58d78b787ec34892b5aaa0c7a146155f/clubes_2025/silhuetas/GRE/FORMATO.png,6.6,,10.0,6.0,,1.0,,1.0,3.0,1.0,,,,,,,,,1.0,,,Lateral,60,82.29,Bom,False
175,4,Andreas Pereira,-0.54,12.46,23,1,2.0,Andreas Hugo Hoelgebaum Pereira,PAL,6,True,andreas-pereira,89274,A. Pereira,275,https://s3.glbimg.com/v1/AUTH_58d78b787ec34892b5aaa0c7a146155f/clubes_2025/silhuetas/PAL/FORMATO.png,2.0,,1.0,1.0,1.0,,,,,,,,,,,,,,,,,Meia,191,42.41,Regular,False
176,2,William,0.49,16.19,23,17,8.71,Willian de Asevedo Furtado,CRU,7,True,william,89275,William,283,https://s3.glbimg.com/v1/AUTH_58d78b787ec34892b5aaa0c7a146155f/clubes_2025/silhuetas/CRU/FORMATO.png,9.8,1.0,45.0,20.0,8.0,13.0,,2.0,4.0,10.0,4.0,,,,,,,,,,,Lateral,28,91.82,Bom,True
177,4,Matheus Sales,0.0,4.0,23,0,0.0,Matheus de Sales Cabral,MIR,6,False,matheus-sales,89285,M. Sales,2305,https://s3.glbimg.com/v1/AUTH_58d78b787ec34892b5aaa0c7a146155f/clubes_2025/silhuetas/MIR/FORMATO.png,0.0,,,,,,,,,,,,,,,,,,,,,Meia,0,0.0,Não Jogou,False
178,5,Braithwaite,0.35,11.69,23,17,4.36,Martin Christensen Braithwaite,GRE,7,True,braithwaite,89368,Braithwaite,284,https://s3.glbimg.com/v1/AUTH_58d78b787ec34892b5aaa0c7a146155f/clubes_2025/silhuetas/GRE/FORMATO.png,3.2,3.0,9.0,23.0,11.0,23.0,4.0,2.0,8.0,,1.0,1.0,1.0,,,,,,,,,Atacante,145,56.85,Regular,False
179,3,Igor Rabello,-0.45,5.67,23,6,3.65,Igor Rabello da Costa,FLU,7,True,igor-rabello,89493,I. Rabello,266,https://s3.glbimg.com/v1/AUTH_58d78b787ec34892b5aaa0c7a146155f/clubes_2025/silhuetas/FLU/FORMATO.png,2.1,,6.0,7.0,,,,,,3.0,,,,,,,,,,,,Zagueiro,186,44.49,Regular,False
180,4,Thiago Maia,0.42,5.42,23,18,2.84,Thiago Maia Alencar,INT,7,True,thiago-maia,89637,T. Maia,285,https://s3.glbimg.com/v1/AUTH_58d78b787ec34892b5aaa0c7a146155f/clubes_2025/silhuetas/INT/FORMATO.png,4.5,1.0,25.0,10.0,2.0,6.0,1.0,,,,1.0,,,,,,,,,,,Meia,108,66.96,Regular,False
181,4,Lucho Acosta,0.34,9.91,23,3,5.83,Luciano Federico Acosta,FLU,7,True,lucho-acosta,89837,L. Acosta,266,https://s3.glbimg.com/v1/AUTH_58d78b787ec34892b5aaa0c7a146155f/clubes_2025/silhuetas/FLU/FORMATO.png,4.7,1.0,5.0,2.0,,5.0,1.0,1.0,1.0,,,,,,,,,,,,,Meia,100,70.09,Regular,False
182,5,Calleri,0.0,5.78,23,3,-0.77,Jonathan Calleri,SAO,5,False,calleri,89840,Calleri,276,https://s3.glbimg.com/v1/AUTH_58d78b787ec34892b5aaa0c7a146155f/clubes_2025/silhuetas/SAO/FORMATO.png,0.0,,1.0,2.0,2.0,2.0,,,1.0,,,,,,1.0,,,,,1.0,,Atacante,0,0.0,Não Jogou,False
183,4,Cristaldo,0.57,6.71,23,15,2.38,Franco Cristaldo,GRE,7,True,cristaldo,89846,Cristaldo,284,https://s3.glbimg.com/v1/AUTH_58d78b787ec34892b5aaa0c7a146155f/clubes_2025/silhuetas/GRE/FORMATO.png,5.5,1.0,11.0,4.0,3.0,21.0,,1.0,3.0,,1.0,,,,,,,,,,,Meia,81,75.6,Bom,False
184,4,Dodi,1.03,5.29,23,17,2.4,Douglas Moreira Fagundes,GRE,7,True,dodi,89883,Dodi,284,https://s3.glbimg.com/v1/AUTH_58d78b787ec34892b5aaa0c7a146155f/clubes_2025/silhuetas/GRE/FORMATO.png,8.5,4.0,26.0,22.0,3.0,28.0,,,,,,,,,1.0,,,,1.0,,,Meia,42,87.65,Bom,False
185,2,Bruno Pacheco,1.95,10.5,23,5,6.62,Bruno de Jesus Pacheco,FOR,7,True,bruno-pacheco,90061,B. Pacheco,356,https://s3.glbimg.com/v1/AUTH_58d78b787ec34892b5aaa0c7a146155f/clubes_2025/silhuetas/FOR/FORMATO.png,16.1,1.0,8.0,6.0,,6.0,1.0,1.0,,1.0,1.0,,1.0,,,,,,,,,Lateral,3,99.4,Excelente,True
186,5,Bruno Henrique,0.0,5.64,23,19,2.63,Bruno Henrique Pinto,FLA,3,False,bruno-henrique,90285,B. Henrique,262,https://s3.glbimg.com/v1/AUTH_58d78b787ec34892b5aaa0c7a146155f/clubes_2025/silhuetas/FLA/FORMATO.png,0.0,4.0,12.0,25.0,11.0,18.0,2.0,10.0,9.0,,,,,,,,,,,,,Atacante,0,0.0,Não Jogou,False
187,5,Juninho,0.0,4.24,23,11,1.56,Olávio Vieira dos Santos Júnior,FLA,6,False,juninho,90307,Juninho,262,https://s3.glbimg.com/v1/AUTH_58d78b787ec34892b5aaa0c7a146155f/clubes_2025/silhuetas/FLA/FORMATO.png,0.0,,5.0,7.0,2.0,4.0,,2.0,2.0,,,,2.0,,,,,,,,,Atacante,0,0.0,Não Jogou,False
188,5,David,-0.31,6.1,23,9,3.59,David Correa da Fonseca,VAS,6,True,david,90309,David,267,https://s3.glbimg.com/v1/AUTH_58d78b787ec34892b5aaa0c7a146155f/clubes_2025/silhuetas/VAS/FORMATO.png,-0.3,1.0,5.0,6.0,1.0,3.0,1.0,1.0,2.0,,3.0,,,,,,,,,,,Atacante,307,6.99,Ruim,False
189,4,Matheus Pereira,0.45,5.61,23,8,2.85,Matheus Pereira da Silva,FOR,7,True,matheus-pereira,90370,M. Pereira,356,https://s3.glbimg.com/v1/AUTH_58d78b787ec34892b5aaa0c7a146155f/clubes_2025/silhuetas/FOR/FORMATO.png,5.9,2.0,6.0,9.0,1.0,3.0,,,1.0,,3.0,,,,,,,,,,,Meia,70,79.17,Bom,False
190,4,Rezende,-0.61,3.15,23,4,1.42,Júlio César de Rezende Miranda,BAH,6,True,rezende,90449,Rezende,265,https://s3.glbimg.com/v1/AUTH_58d78b787ec34892b5aaa0c7a146155f/clubes_2025/silhuetas/BAH/FORMATO.png,0.0,,3.0,6.0,,6.0,,,,,,,,,,,,,,,,Meia,278,13.99,Regular,False
191,4,Arthur Melo,1.54,11.54,23,1,6.6,Arthur Henrique Ramos de Oliveira Melo,GRE,7,True,arthur-melo,90532,A. Melo,284,https://s3.glbimg.com/v1/AUTH_58d78b787ec34892b5aaa0c7a146155f/clubes_2025/silhuetas/GRE/FORMATO.png,6.6,,4.0,1.0,,2.0,,1.0,,,,,,,,,,,,,,Meia,60,82.29,Bom,False
192,4,Caíque,0.92,4.7,23,14,2.27,Caique de Jesus Gonçalves,JUV,7,True,caique,90588,Caíque,286,https://s3.glbimg.com/v1/AUTH_58d78b787ec34892b5aaa0c7a146155f/clubes_2025/silhuetas/JUV/FORMATO.png,6.0,5.0,24.0,27.0,1.0,18.0,,,,,,,,,,,,,1.0,,,Meia,68,79.91,Bom,False
193,5,Chico da Costa,0.0,8.99,23,9,5.55,Francisco da Costa Aragão,MIR,7,False,chico-da-costa,90608,C. Costa,2305,https://s3.glbimg.com/v1/AUTH_58d78b787ec34892b5aaa0c7a146155f/clubes_2025/silhuetas/MIR/FORMATO.png,0.0,,2.0,8.0,5.0,9.0,5.0,4.0,1.0,,,,,,,,,,,,,Atacante,0,0.0,Não Jogou,False
194,4,Matheuzinho,0.03,9.43,23,15,4.12,Matheus Martins Fogaça de Paulo,VIT,6,True,matheuzinho,90703,Matheuzinho,287,https://s3.glbimg.com/v1/AUTH_58d78b787ec34892b5aaa0c7a146155f/clubes_2025/silhuetas/VIT/FORMATO.png,1.3,3.0,17.0,11.0,3.0,36.0,2.0,2.0,8.0,,,,,,1.0,,,,,,,Meia,232,30.36,Regular,False
195,3,Fabrício Bruno,-0.73,7.89,23,22,4.67,Fabrício Bruno Soares de Faria,CRU,7,True,fabricio-bruno,90768,F. Bruno,283,https://s3.glbimg.com/v1/AUTH_58d78b787ec34892b5aaa0c7a146155f/clubes_2025/silhuetas/CRU/FORMATO.png,-0.3,4.0,23.0,14.0,3.0,14.0,2.0,,1.0,10.0,,,,,,,,,,,,Zagueiro,307,6.99,Ruim,False
196,5,Carlos Eduardo,-0.68,4.14,23,10,2.51,Carlos Eduardo Ferreira de Souza,MIR,6,True,carlos-eduardo,90917,C. Eduardo,2305,https://s3.glbimg.com/v1/AUTH_58d78b787ec34892b5aaa0c7a146155f/clubes_2025/silhuetas/MIR/FORMATO.png,1.4,1.0,3.0,7.0,1.0,9.0,,2.0,3.0,,3.0,,,,,,,,,,,Atacante,227,32.14,Regular,False
197,3,Zé Marcos,0.0,3.07,23,17,1.75,José Marcos Alves Luis,VIT,6,False,ze-marcos,90943,Z. Marcos,287,https://s3.glbimg.com/v1/AUTH_58d78b787ec34892b5aaa0c7a146155f/clubes_2025/silhuetas/VIT/FORMATO.png,0.0,3.0,8.0,14.0,,10.0,,1.0,,4.0,,,,,,,,,,,,Zagueiro,0,0.0,Não Jogou,False
198,1,Ronaldo,-0.49,5.43,23,11,3.98,Ronaldo de Oliveira Strada,BAH,7,True,ronaldo,91101,Ronaldo,265,https://s3.glbimg.com/v1/AUTH_58d78b787ec34892b5aaa0c7a146155f/clubes_2025/silhuetas/BAH/FORMATO.png,-0.7,,,,,3.0,,,,3.0,,,,,,28.0,1.0,15.0,1.0,,,Goleiro,325,3.42,Ruim,False
199,5,Fernandinho,-0.57,5.54,23,7,3.3,Fernando José Marques Maciel,CEA,6,True,fernandinho,91130,Fernandinho,354,https://s3.glbimg.com/v1/AUTH_58d78b787ec34892b5aaa0c7a146155f/clubes_2025/silhuetas/CEA/FORMATO.png,2.2,1.0,8.0,4.0,4.0,6.0,,3.0,2.0,,1.0,,,,,,,,,,,Atacante,181,45.98,Regular,False
200,3,Kaio,-0.26,9.17,23,7,5.33,Kaio Fernando da Silva Pantaleão,BOT,7,True,kaio,91158,Kaio,263,https://s3.glbimg.com/v1/AUTH_58d78b787ec34892b5aaa0c7a146155f/clubes_2025/silhuetas/BOT/FORMATO.png,2.7,,9.0,6.0,4.0,10.0,,,2.0,3.0,,,,,,,,,,,,Zagueiro,161,51.93,Regular,False
201,3,Éder,0.0,2.82,23,2,0.8,Éder Ferreira Graminho,CEA,6,False,eder,91203,Éder,354,https://s3.glbimg.com/v1/AUTH_58d78b787ec34892b5aaa0c7a146155f/clubes_2025/silhuetas/CEA/FORMATO.png,0.0,,,3.0,1.0,1.0,,,1.0,,,,,,,,,,,,,Zagueiro,0,0.0,Não Jogou,False
202,4,Erick Pulgar,0.0,6.34,23,9,2.89,Erick Antonio Pulgar Farfán,FLA,5,False,erick-pulgar,91473,E. Pulgar,262,https://s3.glbimg.com/v1/AUTH_58d78b787ec34892b5aaa0c7a146155f/clubes_2025/silhuetas/FLA/FORMATO.png,0.0,2.0,12.0,13.0,,7.0,1.0,,2.0,,,,,,,,,,,,,Meia,0,0.0,Não Jogou,False
203,3,Rodrigo Sam,0.0,4.25,23,5,2.04,Rodrigo Eduardo da Silva,JUV,5,False,rodrigo-sam,91509,R. Sam,286,https://s3.glbimg.com/v1/AUTH_58d78b787ec34892b5aaa0c7a146155f/clubes_2025/silhuetas/JUV/FORMATO.png,0.0,2.0,8.0,8.0,1.0,4.0,,2.0,,,,,,,,,,,,,,Zagueiro,0,0.0,Não Jogou,False
204,3,Arboleda,-0.94,9.22,23,14,5.84,Robert Abel Arboleda Escobar,SAO,6,True,arboleda,91573,Arboleda,276,https://s3.glbimg.com/v1/AUTH_58d78b787ec34892b5aaa0c7a146155f/clubes_2025/silhuetas/SAO/FORMATO.png,5.0,2.0,20.0,9.0,5.0,7.0,3.0,2.0,,5.0,,,,,,,,,,,,Zagueiro,94,72.02,Bom,False
205,5,Rony,0.04,9.65,23,20,4.1,Ronielson da Silva Barbosa,CAM,6,True,rony,91607,Rony,282,https://s3.glbimg.com/v1/AUTH_58d78b787ec34892b5aaa0c7a146155f/clubes_2025/silhuetas/CAM/FORMATO.png,1.3,3.0,15.0,34.0,12.0,35.0,3.0,15.0,16.0,,,1.0,1.0,,,,,,,,,Atacante,232,30.36,Regular,False
206,4,Dudu Vieira,0.0,3.0,23,0,0.0,Carlos Eduardo de Souza Vieira,JUV,6,False,dudu-vieira,91627,D. Vieira,286,https://s3.glbimg.com/v1/AUTH_58d78b787ec34892b5aaa0c7a146155f/clubes_2025/silhuetas/JUV/FORMATO.png,0.0,,,,,,,,,,,,,,,,,,,,,Meia,0,0.0,Não Jogou,False
207,2,Igor Cariús,0.0,8.06,23,15,4.97,Igor Aquino da Silva,SPT,5,False,igor-carius,91639,I. Cariús,292,https://s3.glbimg.com/v1/AUTH_58d78b787ec34892b5aaa0c7a146155f/clubes_2025/silhuetas/SPT/FORMATO.png,0.0,1.0,31.0,17.0,4.0,19.0,,5.0,5.0,4.0,,,,,,,,,1.0,,1.0,Lateral,0,0.0,Não Jogou,False
208,2,Marlon,-0.48,7.93,23,16,5.44,Marlon Rodrigues Xavier,GRE,7,True,marlon,91706,Marlon,284,https://s3.glbimg.com/v1/AUTH_58d78b787ec34892b5aaa0c7a146155f/clubes_2025/silhuetas/GRE/FORMATO.png,4.7,2.0,38.0,15.0,2.0,15.0,,,2.0,4.0,1.0,,,,,,,,,,,Lateral,100,70.09,Regular,False
209,3,David Duarte,-0.25,4.73,23,17,3.02,David de Duarte Macedo,BAH,3,False,david-duarte,91772,D. Duarte,265,https://s3.glbimg.com/v1/AUTH_58d78b787ec34892b5aaa0c7a146155f/clubes_2025/silhuetas/BAH/FORMATO.png,-1.0,3.0,8.0,12.0,6.0,8.0,,1.0,2.0,7.0,,,,,,,,,,,,Zagueiro,0,0.0,Não Jogou,False
210,1,Caíque França,0.0,6.53,23,12,3.52,Caíque França Godoy,SPT,6,False,caique-franca,91808,C. França,292,https://s3.glbimg.com/v1/AUTH_58d78b787ec34892b5aaa0c7a146155f/clubes_2025/silhuetas/SPT/FORMATO.png,0.0,2.0,2.0,,,1.0,,,,2.0,,,,,,39.0,,20.0,,,,Goleiro,0,0.0,Não Jogou,False
211,3,Zé Ivaldo,-1.43,5.92,23,14,3.88,José Ivaldo Almeida Silva,SAN,3,True,ze-ivaldo,91866,Z. Ivaldo,277,https://s3.glbimg.com/v1/AUTH_58d78b787ec34892b5aaa0c7a146155f/clubes_2025/silhuetas/SAN/FORMATO.png,-2.5,4.0,20.0,14.0,11.0,10.0,1.0,3.0,,3.0,,,,,1.0,,,,1.0,,,Zagueiro,335,0.6,Ruim,False
212,5,Pavón,-0.1,4.73,23,12,2.41,Cristian David Pavón,GRE,6,True,pavon,91908,Pavón,284,https://s3.glbimg.com/v1/AUTH_58d78b787ec34892b5aaa0c7a146155f/clubes_2025/silhuetas/GRE/FORMATO.png,0.8,4.0,10.0,6.0,6.0,8.0,,,5.0,,1.0,,,,,,,,,,,Atacante,252,24.7,Regular,False
213,5,Giovanny,0.0,3.2,23,10,1.72,Giovanny Bariani Marques,JUV,6,False,giovanny,92085,Giovanny,286,https://s3.glbimg.com/v1/AUTH_58d78b787ec34892b5aaa0c7a146155f/clubes_2025/silhuetas/JUV/FORMATO.png,0.0,,3.0,4.0,5.0,10.0,,1.0,,,1.0,,,,,,,,,,,Atacante,0,0.0,Não Jogou,False
214,3,Lyanco,-0.78,8.08,23,13,5.09,Lyanco Evangelista Silveira Neves Vojnovic,CAM,7,True,lyanco,92087,Lyanco,282,https://s3.glbimg.com/v1/AUTH_58d78b787ec34892b5aaa0c7a146155f/clubes_2025/silhuetas/CAM/FORMATO.png,0.7,4.0,29.0,24.0,5.0,17.0,,2.0,3.0,5.0,,,,,2.0,,,,1.0,,,Zagueiro,257,23.36,Regular,False
215,5,Arthur Cabral,0.0,13.26,23,8,7.11,Arthur Mendonça Cabral,BOT,7,False,arthur-cabral,92171,A. Cabral,263,https://s3.glbimg.com/v1/AUTH_58d78b787ec34892b5aaa0c7a146155f/clubes_2025/silhuetas/BOT/FORMATO.png,0.0,,6.0,10.0,7.0,13.0,3.0,2.0,5.0,,1.0,1.0,1.0,,,,,,,,,Atacante,0,0.0,Não Jogou,False
216,3,Juninho,-0.54,4.08,23,10,2.45,José Carlos Ferreira Júnior,INT,7,True,juninho,92182,Juninho,285,https://s3.glbimg.com/v1/AUTH_58d78b787ec34892b5aaa0c7a146155f/clubes_2025/silhuetas/INT/FORMATO.png,0.0,2.0,12.0,4.0,6.0,5.0,,,2.0,,,,,,,,,,,,,Zagueiro,278,13.99,Regular,False
217,3,Rodrigo Ely,0.0,4.75,23,2,0.6,Rodrigo Ely,GRE,5,False,rodrigo-ely,92237,R. Ely,284,https://s3.glbimg.com/v1/AUTH_58d78b787ec34892b5aaa0c7a146155f/clubes_2025/silhuetas/GRE/FORMATO.png,0.0,,1.0,1.0,,,,,,,,,,,,,,,,,,Zagueiro,0,0.0,Não Jogou,False
218,3,André Ramalho,0.75,6.68,23,17,3.64,André Ramalho Silva,COR,7,True,andre-ramalho,92440,A. Ramalho,264,https://s3.glbimg.com/v1/AUTH_58d78b787ec34892b5aaa0c7a146155f/clubes_2025/silhuetas/COR/FORMATO.png,7.0,4.0,22.0,18.0,7.0,7.0,,,,6.0,,,,,,,,,1.0,,,Zagueiro,55,83.78,Bom,False
219,5,Renato Kayzer,-0.74,9.11,23,16,5.49,Renato Kayzer de Souza,VIT,7,True,renato-kayzer,92696,R. Kayzer,287,https://s3.glbimg.com/v1/AUTH_58d78b787ec34892b5aaa0c7a146155f/clubes_2025/silhuetas/VIT/FORMATO.png,-0.5,2.0,6.0,22.0,9.0,30.0,7.0,9.0,6.0,,,,1.0,,,,,,,,,Atacante,321,4.76,Ruim,False
220,6,Daniel Paulista,-0.03,8.05,23,10,4.92,Daniel Pollo Barioni,SPT,7,True,daniel-paulista,92702,D. Paulista,292,https://s3.glbimg.com/v1/AUTH_58d78b787ec34892b5aaa0c7a146155f/clubes_2025/silhuetas/SPT/FORMATO.png,4.52,,,,,,,,,,,,,1.0,,,,,,,,Técnico,107,68.45,Regular,False
221,5,Deyverson,0.0,5.47,23,14,3.04,Deyverson Brum Silva,FOR,6,False,deyverson,92708,Deyverson,356,https://s3.glbimg.com/v1/AUTH_58d78b787ec34892b5aaa0c7a146155f/clubes_2025/silhuetas/FOR/FORMATO.png,0.0,1.0,4.0,12.0,11.0,14.0,2.0,3.0,3.0,,,,2.0,,,,,,,,,Atacante,0,0.0,Não Jogou,False
222,5,Bruno Rodrigues,-0.14,5.86,23,1,1.2,Bruno Rafael Rodrigues do Nascimento,PAL,6,True,bruno-rodrigues,92811,B. Rodrigues,275,https://s3.glbimg.com/v1/AUTH_58d78b787ec34892b5aaa0c7a146155f/clubes_2025/silhuetas/PAL/FORMATO.png,1.2,,,,,,,,1.0,,,,,,,,,,,,,Atacante,239,28.42,Regular,False
223,5,Borré,0.0,9.38,23,16,3.86,Rafael Santos Borré Maury,INT,6,False,borre,92854,Borré,285,https://s3.glbimg.com/v1/AUTH_58d78b787ec34892b5aaa0c7a146155f/clubes_2025/silhuetas/INT/FORMATO.png,0.0,1.0,11.0,19.0,9.0,5.0,4.0,5.0,5.0,,1.0,,1.0,,1.0,,,,,,,Atacante,0,0.0,Não Jogou,False
224,4,Ronaldo,0.0,4.2,23,11,1.95,Ronaldo da Silva Souza Guerrero,INT,5,False,ronaldo,92981,Ronaldo,285,https://s3.glbimg.com/v1/AUTH_58d78b787ec34892b5aaa0c7a146155f/clubes_2025/silhuetas/INT/FORMATO.png,0.0,3.0,19.0,20.0,2.0,2.0,,2.0,2.0,,,,,,1.0,,,,,,,Meia,0,0.0,Não Jogou,False
225,2,Rafael Ramos,0.0,5.29,23,13,3.62,Rafael António Figueiredo Ramos,CEA,6,False,rafael-ramos,93236,R. Ramos,354,https://s3.glbimg.com/v1/AUTH_58d78b787ec34892b5aaa0c7a146155f/clubes_2025/silhuetas/CEA/FORMATO.png,0.0,2.0,16.0,15.0,3.0,2.0,,,1.0,5.0,,,,,,,,,,,,Lateral,0,0.0,Não Jogou,False
226,3,João Basso,0.0,7.74,23,6,4.42,João Othávio Basso,SAN,7,False,joao-basso,93372,J. Basso,277,https://s3.glbimg.com/v1/AUTH_58d78b787ec34892b5aaa0c7a146155f/clubes_2025/silhuetas/SAN/FORMATO.png,0.0,2.0,7.0,10.0,,6.0,1.0,,,2.0,,,,,,,,,,,,Zagueiro,0,0.0,Não Jogou,False
227,5,Cantalapiedra,-0.46,5.32,23,5,3.04,Aitor Cantalapiedra Fernández,VIT,7,True,cantalapiedra,93411,Cantalapiedra,287,https://s3.glbimg.com/v1/AUTH_58d78b787ec34892b5aaa0c7a146155f/clubes_2025/silhuetas/VIT/FORMATO.png,1.6,1.0,3.0,3.0,2.0,5.0,,1.0,3.0,,1.0,,,,,,,,,,,Atacante,212,36.76,Regular,False
228,5,Wanderson,-0.29,4.77,23,22,2.07,Wanderson Maciel Sousa Campos,CRU,7,True,wanderson,93478,Wanderson,283,https://s3.glbimg.com/v1/AUTH_58d78b787ec34892b5aaa0c7a146155f/clubes_2025/silhuetas/CRU/FORMATO.png,0.0,2.0,9.0,24.0,15.0,12.0,,6.0,9.0,,2.0,,1.0,,,,,,,,,Atacante,278,13.99,Regular,False
229,2,Paulo Henrique,-0.52,12.61,23,15,7.53,Paulo Henrique de Oliveira Alves,VAS,7,True,paulo-henrique,93716,P. Henrique,267,https://s3.glbimg.com/v1/AUTH_58d78b787ec34892b5aaa0c7a146155f/clubes_2025/silhuetas/VAS/FORMATO.png,5.9,6.0,52.0,34.0,4.0,10.0,,1.0,6.0,3.0,3.0,,2.0,,,,,,,,,Lateral,70,79.17,Bom,False
230,4,Marlon Freitas,-0.11,5.06,23,18,2.2,Marlon Rodrigues Freitas,BOT,7,True,marlon-freitas,93790,M. Freitas,263,https://s3.glbimg.com/v1/AUTH_58d78b787ec34892b5aaa0c7a146155f/clubes_2025/silhuetas/BOT/FORMATO.png,0.0,3.0,13.0,19.0,7.0,7.0,,,4.0,,3.0,,,,,,,,,,,Meia,278,13.99,Regular,False
231,1,Keiller,0.0,3.0,23,0,0.0,Keiller da Silva Nunes,CEA,6,False,keiller,93834,Keiller,354,https://s3.glbimg.com/v1/AUTH_58d78b787ec34892b5aaa0c7a146155f/clubes_2025/silhuetas/CEA/FORMATO.png,0.0,,,,,,,,,,,,,,,,,,,,,Goleiro,0,0.0,Não Jogou,False
232,1,Cleiton,0.88,7.96,23,20,4.41,Cleiton Schwengber,RBB,7,True,cleiton,93882,Cleiton,280,https://s3.glbimg.com/v1/AUTH_58d78b787ec34892b5aaa0c7a146155f/clubes_2025/silhuetas/RBB/FORMATO.png,6.8,4.0,,,,5.0,,,,5.0,,,,,,72.0,,29.0,,,,Goleiro,57,83.33,Bom,False
233,4,Matheusinho,-0.51,7.23,23,9,4.82,Matheus Leonardo Sales Cardoso,SPT,7,True,matheusinho,93886,Matheusinho,292,https://s3.glbimg.com/v1/AUTH_58d78b787ec34892b5aaa0c7a146155f/clubes_2025/silhuetas/SPT/FORMATO.png,1.5,,10.0,6.0,6.0,10.0,1.0,1.0,2.0,,2.0,,,,,,,,,,,Meia,216,34.52,Regular,False
234,5,Breno Lopes,1.35,7.93,23,14,4.24,Breno Henrique Vasconcelos Lopes,FOR,7,True,breno-lopes,93988,B. Lopes,356,https://s3.glbimg.com/v1/AUTH_58d78b787ec34892b5aaa0c7a146155f/clubes_2025/silhuetas/FOR/FORMATO.png,10.0,2.0,3.0,7.0,9.0,26.0,4.0,10.0,4.0,,,,1.0,,,,,,,,,Atacante,26,92.41,Muito Bom,True
235,4,Matheus Fernandes,-0.23,4.23,23,10,1.79,Matheus Fernandes Siqueira,RBB,6,True,matheus-fernandes,94067,M. Fernandes,280,https://s3.glbimg.com/v1/AUTH_58d78b787ec34892b5aaa0c7a146155f/clubes_2025/silhuetas/RBB/FORMATO.png,-0.3,1.0,13.0,8.0,1.0,2.0,,,,,,,,,,,,,,,,Meia,307,6.99,Ruim,False
236,4,Maycon,-0.12,3.9,23,14,2.04,Maycon de Andrade Barberan,COR,7,True,maycon,94154,Maycon,264,https://s3.glbimg.com/v1/AUTH_58d78b787ec34892b5aaa0c7a146155f/clubes_2025/silhuetas/COR/FORMATO.png,1.5,,12.0,6.0,3.0,4.0,1.0,,,,,,,,,,,,,,,Meia,216,34.52,Regular,False
237,5,Guilherme,0.1,9.5,23,16,6.6,Guilherme Augusto Vieira dos Santos,SAN,7,True,guilherme,94207,Guilherme,277,https://s3.glbimg.com/v1/AUTH_58d78b787ec34892b5aaa0c7a146155f/clubes_2025/silhuetas/SAN/FORMATO.png,2.5,,26.0,8.0,16.0,27.0,3.0,10.0,8.0,,2.0,,,,,,,,,,,Atacante,167,50.15,Regular,False
238,5,Matheus Babi,-0.46,3.5,23,13,1.81,Matheus Barcelos da Silva,JUV,6,True,matheus-babi,94444,M. Babi,286,https://s3.glbimg.com/v1/AUTH_58d78b787ec34892b5aaa0c7a146155f/clubes_2025/silhuetas/JUV/FORMATO.png,0.0,4.0,6.0,13.0,3.0,9.0,2.0,4.0,,,,,,,,,,,,,,Atacante,278,13.99,Regular,False
239,4,Raphael Veiga,0.56,11.45,23,11,2.56,Raphael Cavalcante Veiga,PAL,6,True,raphael-veiga,94509,R. Veiga,275,https://s3.glbimg.com/v1/AUTH_58d78b787ec34892b5aaa0c7a146155f/clubes_2025/silhuetas/PAL/FORMATO.png,5.7,,6.0,9.0,4.0,18.0,,,3.0,,1.0,1.0,,,,,,,,,,Meia,76,77.23,Bom,False
240,3,Lucas Oliveira,-0.46,4.33,23,3,1.67,Lucas da Cruz Oliveira,VAS,6,True,lucas-oliveira,94514,L. Oliveira,267,https://s3.glbimg.com/v1/AUTH_58d78b787ec34892b5aaa0c7a146155f/clubes_2025/silhuetas/VAS/FORMATO.png,0.0,,,,,,,,,1.0,,,,,,,,,,,,Zagueiro,278,13.99,Regular,False
241,5,Pedro,-1.32,16.23,23,16,8.01,Pedro Guilherme Abreu dos Santos,FLA,7,True,pedro,94583,Pedro,262,https://s3.glbimg.com/v1/AUTH_58d78b787ec34892b5aaa0c7a146155f/clubes_2025/silhuetas/FLA/FORMATO.png,1.0,3.0,8.0,9.0,2.0,10.0,10.0,1.0,13.0,,4.0,1.0,1.0,,,,,,,1.0,,Atacante,246,26.49,Regular,False
242,4,Lucas Fernandes,-0.79,4.98,23,2,1.5,Lucas Fernandes da Silva,JUV,6,True,lucas-fernandes,94931,L. Fernandes,286,https://s3.glbimg.com/v1/AUTH_58d78b787ec34892b5aaa0c7a146155f/clubes_2025/silhuetas/JUV/FORMATO.png,0.0,,1.0,1.0,1.0,2.0,,,,,,,,,,,,,,,,Meia,278,13.99,Regular,False
243,2,Juninho Capixaba,0.0,11.57,23,12,8.26,Luis Antônio da Rocha Júnior,RBB,7,False,juninho-capixaba,94968,J. Capixaba,280,https://s3.glbimg.com/v1/AUTH_58d78b787ec34892b5aaa0c7a146155f/clubes_2025/silhuetas/RBB/FORMATO.png,0.0,1.0,29.0,17.0,7.0,27.0,1.0,1.0,4.0,6.0,,,,,,,,,,,,Lateral,0,0.0,Não Jogou,False
244,3,Gabriel Bahia,0.0,3.0,23,0,0.0,Gabriel Henrique Feitosa da Silva,BOT,6,False,gabriel-bahia,95106,G. Bahia,263,https://s3.glbimg.com/v1/AUTH_58d78b787ec34892b5aaa0c7a146155f/clubes_2025/silhuetas/BOT/FORMATO.png,0.0,,,,,,,,,,,,,,,,,,,,,Zagueiro,0,0.0,Não Jogou,False
245,2,Nicolas,0.0,5.27,23,9,2.98,Nicolas Vecchiato da Silva - Vichiatto / Vechiatto,CEA,6,False,nicolas,95127,Nicolas,354,https://s3.glbimg.com/v1/AUTH_58d78b787ec34892b5aaa0c7a146155f/clubes_2025/silhuetas/CEA/FORMATO.png,0.0,1.0,7.0,8.0,2.0,4.0,,,1.0,3.0,,,,,,,,,,,,Lateral,0,0.0,Não Jogou,False
246,5,Gabriel Taliari,-0.27,7.93,23,19,4.34,Gabriel Pereira Taliari,JUV,7,True,gabriel-taliari,95131,G. Taliari,286,https://s3.glbimg.com/v1/AUTH_58d78b787ec34892b5aaa0c7a146155f/clubes_2025/silhuetas/JUV/FORMATO.png,0.8,2.0,17.0,28.0,9.0,29.0,3.0,3.0,5.0,,2.0,,2.0,,,,,,,,,Atacante,252,24.7,Regular,False
247,4,Giraldo,0.0,1.74,23,12,0.37,Daniel Eduardo Giraldo Cárdenas,JUV,3,False,giraldo,95354,Giraldo,286,https://s3.glbimg.com/v1/AUTH_58d78b787ec34892b5aaa0c7a146155f/clubes_2025/silhuetas/JUV/FORMATO.png,0.0,3.0,6.0,15.0,2.0,3.0,,1.0,,,,,,,,,,,,,,Meia,0,0.0,Não Jogou,False
248,4,Rivera,0.86,5.21,23,19,2.84,Christian Hernando Rivera Cuéllar,SPT,7,True,rivera,95357,Rivera,292,https://s3.glbimg.com/v1/AUTH_58d78b787ec34892b5aaa0c7a146155f/clubes_2025/silhuetas/SPT/FORMATO.png,5.5,5.0,41.0,46.0,,23.0,,2.0,,,,,,,,,,,,,,Meia,81,75.6,Bom,False
249,2,Igor Vinícius,-0.73,6.52,23,10,3.17,Igor Vinícius de Souza,SAN,3,True,igor-vinicius,95466,I. Vinícius,277,https://s3.glbimg.com/v1/AUTH_58d78b787ec34892b5aaa0c7a146155f/clubes_2025/silhuetas/SAN/FORMATO.png,2.5,3.0,13.0,13.0,3.0,6.0,,,3.0,2.0,,,,,,,,,,,,Lateral,167,50.15,Regular,False
250,4,Raniele,0.0,5.77,23,18,3.54,Raniele Almeida Melo,COR,5,False,raniele,95556,Raniele,264,https://s3.glbimg.com/v1/AUTH_58d78b787ec34892b5aaa0c7a146155f/clubes_2025/silhuetas/COR/FORMATO.png,0.0,4.0,31.0,21.0,4.0,29.0,,,4.0,,1.0,,,,,,,,,,,Meia,0,0.0,Não Jogou,False
251,3,Marcelo Benevenuto,0.0,5.0,23,0,0.0,Marcelo da Conceição Benevenuto Malaquias,FOR,5,False,marcelo-benevenuto,95638,M. Benevenuto,356,https://s3.glbimg.com/v1/AUTH_58d78b787ec34892b5aaa0c7a146155f/clubes_2025/silhuetas/FOR/FORMATO.png,0.0,,,,,,,,,,,,,,,,,,,,,Zagueiro,0,0.0,Não Jogou,False
252,4,Lucas Kal,0.0,5.0,23,0,0.0,Lucas Kal Schenfeld Prigioli,SPT,7,False,lucas-kal,95662,L. Kal,292,https://s3.glbimg.com/v1/AUTH_58d78b787ec34892b5aaa0c7a146155f/clubes_2025/silhuetas/SPT/FORMATO.png,0.0,,,,,,,,,,,,,,,,,,,,,Meia,0,0.0,Não Jogou,False
253,5,Artur,0.0,9.43,23,15,4.72,Artur Victor Guimarães,BOT,7,False,artur,95799,Artur,263,https://s3.glbimg.com/v1/AUTH_58d78b787ec34892b5aaa0c7a146155f/clubes_2025/silhuetas/BOT/FORMATO.png,0.0,1.0,8.0,8.0,10.0,16.0,2.0,1.0,6.0,,4.0,,1.0,,,,,,,,,Atacante,0,0.0,Não Jogou,False
254,1,Daniel Fuzato,0.0,2.04,23,2,-0.7,Daniel Cerântula Fuzato,VAS,6,False,daniel-fuzato,95936,D. Fuzato,267,https://s3.glbimg.com/v1/AUTH_58d78b787ec34892b5aaa0c7a146155f/clubes_2025/silhuetas/VAS/FORMATO.png,0.0,,,,,,,,,,,,,,,2.0,,4.0,,,,Goleiro,0,0.0,Não Jogou,False
255,4,Lima,0.3,4.98,23,15,2.02,Vinícius Moreira de Lima,FLU,7,True,lima,96340,Lima,266,https://s3.glbimg.com/v1/AUTH_58d78b787ec34892b5aaa0c7a146155f/clubes_2025/silhuetas/FLU/FORMATO.png,2.7,2.0,4.0,13.0,7.0,20.0,1.0,1.0,3.0,,,,1.0,,,,,,,,,Meia,161,51.93,Regular,False
256,4,Charles,0.0,2.96,23,11,1.49,Charles Rigon Mattos,COR,6,False,charles,96342,Charles,264,https://s3.glbimg.com/v1/AUTH_58d78b787ec34892b5aaa0c7a146155f/clubes_2025/silhuetas/COR/FORMATO.png,0.0,2.0,15.0,17.0,,2.0,,2.0,1.0,,,,,,,,,,1.0,,,Meia,0,0.0,Não Jogou,False
257,5,Joaquín Correa,0.17,7.88,23,10,1.85,Carlos Joaquín Correa,BOT,6,True,joaquin-correa,96353,J. Correa,263,https://s3.glbimg.com/v1/AUTH_58d78b787ec34892b5aaa0c7a146155f/clubes_2025/silhuetas/BOT/FORMATO.png,2.7,1.0,5.0,5.0,4.0,9.0,,2.0,5.0,,,,,,,,,,,,,Atacante,161,51.93,Regular,False
258,4,Matheus Pereira,-1.02,14.61,23,21,7.93,Matheus Fellipe Costa Pereira,CRU,7,True,matheus-pereira,96610,M. Pereira,283,https://s3.glbimg.com/v1/AUTH_58d78b787ec34892b5aaa0c7a146155f/clubes_2025/silhuetas/CRU/FORMATO.png,3.7,5.0,30.0,25.0,15.0,65.0,5.0,5.0,14.0,,6.0,,1.0,,,,,,,,,Meia,131,60.86,Regular,False
259,4,Allan,-0.37,1.67,23,12,0.36,Allan Rodrigues de Souza,FLA,7,True,allan,96652,Allan,262,https://s3.glbimg.com/v1/AUTH_58d78b787ec34892b5aaa0c7a146155f/clubes_2025/silhuetas/FLA/FORMATO.png,-0.6,2.0,3.0,19.0,2.0,7.0,,,2.0,,,,,,,,,,,,,Meia,322,4.17,Ruim,False
260,5,Rigoni,1.11,6.11,23,1,4.2,Emiliano Ariel Rigoni,SAO,6,True,rigoni,96684,Rigoni,276,https://s3.glbimg.com/v1/AUTH_58d78b787ec34892b5aaa0c7a146155f/clubes_2025/silhuetas/SAO/FORMATO.png,4.2,,,1.0,,1.0,,2.0,1.0,,,,1.0,,,,,,,,,Atacante,119,64.43,Regular,False
261,2,Saravia,0.0,6.02,23,8,3.48,Renzo Saravia,CAM,5,False,saravia,96725,Saravia,282,https://s3.glbimg.com/v1/AUTH_58d78b787ec34892b5aaa0c7a146155f/clubes_2025/silhuetas/CAM/FORMATO.png,0.0,1.0,6.0,11.0,2.0,3.0,,,,4.0,,,,,,,,,,,,Lateral,0,0.0,Não Jogou,False
262,3,Camutanga,-0.45,5.22,23,2,3.25,Cleidson Andrade da Souza Silva,VIT,7,True,camutanga,96793,Camutanga,287,https://s3.glbimg.com/v1/AUTH_58d78b787ec34892b5aaa0c7a146155f/clubes_2025/silhuetas/VIT/FORMATO.png,1.1,1.0,1.0,2.0,,1.0,,1.0,1.0,1.0,,,,,,,,,,,,Zagueiro,245,27.38,Regular,False
263,5,Carlinhos,0.0,4.71,23,4,2.02,Carlos Moisés de Lima,VIT,6,False,carlinhos,96831,Carlinhos,287,https://s3.glbimg.com/v1/AUTH_58d78b787ec34892b5aaa0c7a146155f/clubes_2025/silhuetas/VIT/FORMATO.png,0.0,2.0,1.0,8.0,4.0,,1.0,2.0,,,,,,,,,,,,,,Atacante,0,0.0,Não Jogou,False
264,2,Emerson Royal,3.5,12.38,23,4,6.7,Emerson Aparecido Leite de Souza Júnior,FLA,7,True,emerson-royal,96870,E. Royal,262,https://s3.glbimg.com/v1/AUTH_58d78b787ec34892b5aaa0c7a146155f/clubes_2025/silhuetas/FLA/FORMATO.png,18.7,,7.0,5.0,1.0,8.0,1.0,,,1.0,,,,,,,,,,,,Lateral,2,99.7,Excelente,True
265,1,Guruceaga,0.0,4.0,23,0,0.0,Gastón Guruceaga Fagúndez,JUV,6,False,guruceaga,96874,Guruceaga,286,https://s3.glbimg.com/v1/AUTH_58d78b787ec34892b5aaa0c7a146155f/clubes_2025/silhuetas/JUV/FORMATO.png,0.0,,,,,,,,,,,,,,,,,,,,,Goleiro,0,0.0,Não Jogou,False
266,3,Carlos Cuesta,2.62,10.62,23,1,8.9,Carlos Eccehomo Cuesta Figueroa,VAS,7,True,carlos-cuesta,97095,C. Cuesta,267,https://s3.glbimg.com/v1/AUTH_58d78b787ec34892b5aaa0c7a146155f/clubes_2025/silhuetas/VAS/FORMATO.png,8.9,,,1.0,,,1.0,,1.0,,,,,,,,,,,,,Zagueiro,37,89.14,Bom,False
267,4,Villasanti,0.0,9.45,23,15,3.93,Mathías Adalberto Villasanti Rolón,GRE,5,False,villasanti,97145,Villasanti,284,https://s3.glbimg.com/v1/AUTH_58d78b787ec34892b5aaa0c7a146155f/clubes_2025/silhuetas/GRE/FORMATO.png,0.0,5.0,42.0,24.0,4.0,10.0,,,,,,,,,,,,,,,,Meia,0,0.0,Não Jogou,False
268,5,Alesson,0.77,7.21,23,9,4.47,Alesson dos Santos Batista,MIR,6,True,alesson,97321,Alesson,2305,https://s3.glbimg.com/v1/AUTH_58d78b787ec34892b5aaa0c7a146155f/clubes_2025/silhuetas/MIR/FORMATO.png,10.1,,4.0,11.0,2.0,5.0,3.0,5.0,,,2.0,,,,,,,,,,,Atacante,25,92.86,Muito Bom,True
269,6,Rogério Ceni,0.05,9.1,23,21,5.59,Rogério Mücke Ceni,BAH,7,True,rogerio-ceni,97341,R. Ceni,265,https://s3.glbimg.com/v1/AUTH_58d78b787ec34892b5aaa0c7a146155f/clubes_2025/silhuetas/BAH/FORMATO.png,4.47,,,,,,,,,,,,,10.0,,,,,,,,Técnico,117,65.48,Regular,False
270,3,João Victor,-0.02,4.13,23,18,3.03,João Victor Carroll Santana,MIR,7,True,joao-victor,97460,J. Victor,2305,https://s3.glbimg.com/v1/AUTH_58d78b787ec34892b5aaa0c7a146155f/clubes_2025/silhuetas/MIR/FORMATO.png,7.7,5.0,12.0,15.0,3.0,9.0,1.0,1.0,1.0,5.0,1.0,,1.0,,1.0,,,,,,,Zagueiro,47,86.01,Bom,False
271,2,Marçal,-0.12,8.48,23,7,5.75,Fernando Marçal de Oliveira,BOT,6,True,marcal,97468,Marçal,263,https://s3.glbimg.com/v1/AUTH_58d78b787ec34892b5aaa0c7a146155f/clubes_2025/silhuetas/BOT/FORMATO.png,1.7,2.0,8.0,12.0,1.0,2.0,2.0,,,3.0,,,,,,,,,,,,Lateral,205,38.39,Regular,False
272,4,Shaylon,-0.14,5.86,23,1,1.2,Shaylon Kallyson Cardozo - Cardoso,MIR,6,True,shaylon,97520,Shaylon,2305,https://s3.glbimg.com/v1/AUTH_58d78b787ec34892b5aaa0c7a146155f/clubes_2025/silhuetas/MIR/FORMATO.png,1.2,,,,,,,,1.0,,,,,,,,,,,,,Meia,239,28.42,Regular,False
273,3,Félix Torres,0.0,6.74,23,9,3.72,Félix Eduardo Torres Caicedo,COR,6,False,felix-torres,97642,F. Torres,264,https://s3.glbimg.com/v1/AUTH_58d78b787ec34892b5aaa0c7a146155f/clubes_2025/silhuetas/COR/FORMATO.png,0.0,1.0,14.0,12.0,2.0,1.0,,,,3.0,,,,,,,,,,,,Zagueiro,0,0.0,Não Jogou,False
274,1,Thiago Couto,0.0,3.0,23,0,0.0,Thiago Couto Wenceslau,VIT,6,False,thiago-couto,97645,T. Couto,287,https://s3.glbimg.com/v1/AUTH_58d78b787ec34892b5aaa0c7a146155f/clubes_2025/silhuetas/VIT/FORMATO.png,0.0,,,,,,,,,,,,,,,,,,,,,Goleiro,0,0.0,Não Jogou,False
275,3,Murilo,-0.06,7.47,23,8,3.27,Murilo Cerqueira Paim,PAL,7,True,murilo,97653,Murilo,275,https://s3.glbimg.com/v1/AUTH_58d78b787ec34892b5aaa0c7a146155f/clubes_2025/silhuetas/PAL/FORMATO.png,1.7,4.0,5.0,13.0,3.0,2.0,1.0,,1.0,3.0,,,,,,,,,1.0,,,Zagueiro,205,38.39,Regular,False
276,5,Erick,-0.42,7.18,23,17,4.87,Erick de Arruda Serafim,VIT,7,True,erick,97810,Erick,287,https://s3.glbimg.com/v1/AUTH_58d78b787ec34892b5aaa0c7a146155f/clubes_2025/silhuetas/VIT/FORMATO.png,5.7,4.0,11.0,12.0,11.0,42.0,3.0,,6.0,,2.0,,1.0,,,,,,,,,Atacante,76,77.23,Bom,False
277,3,Léo Ortiz,0.0,6.94,23,20,5.37,Leonardo Rech Ortiz,FLA,7,False,leo-ortiz,97867,L. Ortiz,262,https://s3.glbimg.com/v1/AUTH_58d78b787ec34892b5aaa0c7a146155f/clubes_2025/silhuetas/FLA/FORMATO.png,0.0,3.0,17.0,16.0,7.0,3.0,1.0,1.0,3.0,11.0,2.0,,2.0,,,,,,,,,Zagueiro,0,0.0,Não Jogou,False
278,2,Iago,0.0,5.4,23,6,3.18,Iago Amaral Borduchi,BAH,6,False,iago,97868,Iago,265,https://s3.glbimg.com/v1/AUTH_58d78b787ec34892b5aaa0c7a146155f/clubes_2025/silhuetas/BAH/FORMATO.png,0.0,,4.0,2.0,2.0,2.0,,1.0,1.0,2.0,,,,,,,,,,,,Lateral,0,0.0,Não Jogou,False
279,2,Maílton,0.0,5.0,23,0,0.0,Maílton dos Santos de Sá,SAO,6,False,mailton,97898,Maílton,276,https://s3.glbimg.com/v1/AUTH_58d78b787ec34892b5aaa0c7a146155f/clubes_2025/silhuetas/SAO/FORMATO.png,0.0,,,,,,,,,,,,,,,,,,,,,Lateral,0,0.0,Não Jogou,False
280,2,Matheus Bahia,0.12,8.1,23,13,5.02,Matheus Bahia Santos,CEA,7,True,matheus-bahia,97899,M. Bahia,354,https://s3.glbimg.com/v1/AUTH_58d78b787ec34892b5aaa0c7a146155f/clubes_2025/silhuetas/CEA/FORMATO.png,2.3,3.0,20.0,10.0,3.0,13.0,,,2.0,5.0,1.0,,,,,,,,,,,Lateral,173,47.92,Regular,False
281,3,Vitão,-0.54,6.75,23,16,2.9,Vitor Eduardo da Silva Matos,INT,7,True,vitao,97900,Vitão,285,https://s3.glbimg.com/v1/AUTH_58d78b787ec34892b5aaa0c7a146155f/clubes_2025/silhuetas/INT/FORMATO.png,-0.3,4.0,18.0,11.0,3.0,2.0,,,1.0,4.0,1.0,,,,,,,,,,1.0,Zagueiro,307,6.99,Ruim,False
282,4,Erick,0.0,8.32,23,8,3.53,Erick Luis Conrado de Carvalho,BAH,6,False,erick,98022,Erick,265,https://s3.glbimg.com/v1/AUTH_58d78b787ec34892b5aaa0c7a146155f/clubes_2025/silhuetas/BAH/FORMATO.png,0.0,3.0,14.0,12.0,2.0,3.0,1.0,2.0,,,,,1.0,,,,,,,,,Meia,0,0.0,Não Jogou,False
283,5,Pedro Raul,-0.03,7.91,23,19,3.82,Pedro Raul Garay da Silva,CEA,7,True,pedro-raul,98225,P. Raul,354,https://s3.glbimg.com/v1/AUTH_58d78b787ec34892b5aaa0c7a146155f/clubes_2025/silhuetas/CEA/FORMATO.png,3.7,3.0,6.0,31.0,20.0,26.0,3.0,24.0,16.0,,,,2.0,,,,,,,,,Atacante,131,60.86,Regular,False
284,3,Bastos,0.0,11.0,23,0,0.0,Bartolomeu Jacinto Quissanga,BOT,5,False,bastos,98280,Bastos,263,https://s3.glbimg.com/v1/AUTH_58d78b787ec34892b5aaa0c7a146155f/clubes_2025/silhuetas/BOT/FORMATO.png,0.0,,,,,,,,,,,,,,,,,,,,,Zagueiro,0,0.0,Não Jogou,False
285,4,Val Soares,0.0,3.0,23,0,0.0,Valdemir de Oliveira Soares,VIT,5,False,val-soares,98306,V. Soares,287,https://s3.glbimg.com/v1/AUTH_58d78b787ec34892b5aaa0c7a146155f/clubes_2025/silhuetas/VIT/FORMATO.png,0.0,,,,,,,,,,,,,,,,,,,,,Meia,0,0.0,Não Jogou,False
286,5,Negueba,-0.88,4.62,23,17,3.91,Luiz Henrique Soares Firmino,MIR,7,True,negueba,98384,Negueba,2305,https://s3.glbimg.com/v1/AUTH_58d78b787ec34892b5aaa0c7a146155f/clubes_2025/silhuetas/MIR/FORMATO.png,0.8,2.0,12.0,9.0,6.0,27.0,3.0,2.0,5.0,,1.0,,,,,,,,,,,Atacante,252,24.7,Regular,False
287,3,Kanu,0.0,4.58,23,2,2.85,Victor Hugo Soares dos Santos,BAH,5,False,kanu,98484,Kanu,265,https://s3.glbimg.com/v1/AUTH_58d78b787ec34892b5aaa0c7a146155f/clubes_2025/silhuetas/BAH/FORMATO.png,0.0,,4.0,1.0,,,,,,,,,,,,,,,,,,Zagueiro,0,0.0,Não Jogou,False
288,4,Jean Lucas,1.21,7.67,23,19,4.4,Jean Lucas de Souza Oliveira,BAH,7,True,jean-lucas,98517,J. Lucas,265,https://s3.glbimg.com/v1/AUTH_58d78b787ec34892b5aaa0c7a146155f/clubes_2025/silhuetas/BAH/FORMATO.png,12.4,2.0,29.0,24.0,9.0,19.0,3.0,1.0,4.0,,1.0,,1.0,,1.0,,,,1.0,,,Meia,9,97.62,Muito Bom,True
289,3,Kuscevic,0.0,6.58,23,15,4.0,Benjamín Kuščević Jaramillo,FOR,5,False,kuscevic,98619,Kuscevic,356,https://s3.glbimg.com/v1/AUTH_58d78b787ec34892b5aaa0c7a146155f/clubes_2025/silhuetas/FOR/FORMATO.png,0.0,1.0,22.0,13.0,3.0,3.0,1.0,,,4.0,,,,,,,,,,,,Zagueiro,0,0.0,Não Jogou,False
290,4,Savarino,-1.61,9.3,23,15,4.57,Jefferson David Savarino Quintero,BOT,7,True,savarino,98672,Savarino,263,https://s3.glbimg.com/v1/AUTH_58d78b787ec34892b5aaa0c7a146155f/clubes_2025/silhuetas/BOT/FORMATO.png,-0.3,1.0,5.0,8.0,11.0,12.0,3.0,5.0,11.0,,2.0,,1.0,,,,,,,,,Meia,307,6.99,Ruim,False
291,2,Angileri,-0.07,5.48,23,15,3.13,Fabrizio Germán Angileri - Fabricio,COR,7,True,angileri,98720,Angileri,264,https://s3.glbimg.com/v1/AUTH_58d78b787ec34892b5aaa0c7a146155f/clubes_2025/silhuetas/COR/FORMATO.png,6.5,3.0,19.0,8.0,4.0,3.0,,1.0,1.0,3.0,,,1.0,,,,,,,,,Lateral,62,81.4,Bom,False
292,5,Samuel Lino,-1.24,16.32,23,6,10.08,Samuel Dias Lino,FLA,7,True,samuel-lino,98873,S. Lino,262,https://s3.glbimg.com/v1/AUTH_58d78b787ec34892b5aaa0c7a146155f/clubes_2025/silhuetas/FLA/FORMATO.png,2.3,,9.0,6.0,10.0,5.0,2.0,1.0,2.0,,4.0,,,,,,,,,,,Atacante,173,47.92,Regular,False
293,5,Cuello,-0.7,8.28,23,15,4.43,Tomás Esteban Cuello,CAM,7,True,cuello,98909,Cuello,282,https://s3.glbimg.com/v1/AUTH_58d78b787ec34892b5aaa0c7a146155f/clubes_2025/silhuetas/CAM/FORMATO.png,5.2,3.0,13.0,17.0,13.0,27.0,1.0,2.0,11.0,,1.0,,3.0,,1.0,,,,1.0,,,Atacante,92,72.77,Bom,False
294,2,Viña,0.0,8.61,23,5,4.5,Matías Nicolás Viña Susperreguy,FLA,6,False,vina,98974,Viña,262,https://s3.glbimg.com/v1/AUTH_58d78b787ec34892b5aaa0c7a146155f/clubes_2025/silhuetas/FLA/FORMATO.png,0.0,1.0,3.0,5.0,,1.0,,,,4.0,,,,,,,,,,,,Lateral,0,0.0,Não Jogou,False
295,4,Lourenço,-0.25,4.52,23,17,3.06,João Paulo Ferreira Lourenço,CEA,7,True,lourenco,99032,Lourenço,354,https://s3.glbimg.com/v1/AUTH_58d78b787ec34892b5aaa0c7a146155f/clubes_2025/silhuetas/CEA/FORMATO.png,0.7,,20.0,17.0,3.0,14.0,1.0,,4.0,,1.0,,,,,,,,,,,Meia,257,23.36,Regular,False
296,5,Lucas Braga,0.0,4.71,23,14,2.23,Lucas Braga Ribeiro,VIT,6,False,lucas-braga,99119,L. Braga,287,https://s3.glbimg.com/v1/AUTH_58d78b787ec34892b5aaa0c7a146155f/clubes_2025/silhuetas/VIT/FORMATO.png,0.0,1.0,9.0,12.0,3.0,20.0,1.0,3.0,2.0,,,,,,,,,,,,,Atacante,0,0.0,Não Jogou,False
297,5,Vegetti,-1.25,14.65,23,18,7.58,Pablo Vegetti,VAS,7,True,vegetti,99198,Vegetti,267,https://s3.glbimg.com/v1/AUTH_58d78b787ec34892b5aaa0c7a146155f/clubes_2025/silhuetas/VAS/FORMATO.png,1.5,2.0,8.0,21.0,22.0,25.0,11.0,5.0,6.0,,1.0,,2.0,,,,,,,,1.0,Atacante,216,34.52,Regular,False
298,2,Puma Rodríguez,-0.87,5.27,23,11,3.65,José Luis Rodríguez Bebanz,VAS,7,True,puma-rodriguez,99213,P. Rodríguez,267,https://s3.glbimg.com/v1/AUTH_58d78b787ec34892b5aaa0c7a146155f/clubes_2025/silhuetas/VAS/FORMATO.png,1.3,,6.0,4.0,5.0,2.0,1.0,,1.0,1.0,2.0,,1.0,,,,,,,,,Lateral,232,30.36,Regular,False
299,5,Ignacio Ramírez,0.0,2.38,23,5,0.92,Juan Ignacio Ramírez Polero,SPT,6,False,ignacio-ramirez,99221,I. Ramírez,292,https://s3.glbimg.com/v1/AUTH_58d78b787ec34892b5aaa0c7a146155f/clubes_2025/silhuetas/SPT/FORMATO.png,0.0,,,4.0,3.0,2.0,,,2.0,,,,,,,,,,,,,Atacante,0,0.0,Não Jogou,False
300,4,De la Cruz,0.0,8.5,23,12,2.36,Diego Nicolás de la Cruz Arcosa,FLA,7,False,de-la-cruz,99228,D. Cruz,262,https://s3.glbimg.com/v1/AUTH_58d78b787ec34892b5aaa0c7a146155f/clubes_2025/silhuetas/FLA/FORMATO.png,0.0,3.0,12.0,13.0,4.0,21.0,,,3.0,,,,,,,,,,,,,Meia,0,0.0,Não Jogou,False
301,5,Bareiro,-0.64,4.32,23,7,1.15,Adam Fernando Bareiro Gamarra,FOR,6,True,bareiro,99248,Bareiro,356,https://s3.glbimg.com/v1/AUTH_58d78b787ec34892b5aaa0c7a146155f/clubes_2025/silhuetas/FOR/FORMATO.png,1.3,2.0,3.0,8.0,2.0,5.0,,,4.0,,,,1.0,,,,,,,1.0,,Atacante,232,30.36,Regular,False
302,4,Pochettino,0.29,10.86,23,12,5.17,Tomás Pochettino,FOR,2,True,pochettino,99267,Pochettino,356,https://s3.glbimg.com/v1/AUTH_58d78b787ec34892b5aaa0c7a146155f/clubes_2025/silhuetas/FOR/FORMATO.png,3.5,,18.0,4.0,8.0,7.0,1.0,1.0,7.0,,2.0,,,,,,,,,,,Meia,136,59.38,Regular,False
303,3,Alexander Barboza,0.0,9.28,23,12,5.11,Alexander Nahuel Barboza Ullúa,BOT,7,False,alexander-barboza,99274,A. Barboza,263,https://s3.glbimg.com/v1/AUTH_58d78b787ec34892b5aaa0c7a146155f/clubes_2025/silhuetas/BOT/FORMATO.png,0.0,7.0,25.0,20.0,5.0,1.0,,,2.0,6.0,,,,,,,,,,,,Zagueiro,0,0.0,Não Jogou,False
304,5,Dinenno,1.41,5.99,23,6,2.4,Juan Ignacio Dinenno de Cara,SAO,7,True,dinenno,99316,Dinenno,276,https://s3.glbimg.com/v1/AUTH_58d78b787ec34892b5aaa0c7a146155f/clubes_2025/silhuetas/SAO/FORMATO.png,9.3,1.0,1.0,3.0,3.0,4.0,1.0,,2.0,,,,,,,,,,,,,Atacante,33,90.48,Bom,True
305,5,Michael,0.0,8.08,23,10,3.89,Michael Richard Delgado de Oliveira,FLA,6,False,michael,99392,Michael,262,https://s3.glbimg.com/v1/AUTH_58d78b787ec34892b5aaa0c7a146155f/clubes_2025/silhuetas/FLA/FORMATO.png,0.0,,7.0,1.0,3.0,2.0,1.0,1.0,2.0,,3.0,,,,,,,,,,,Atacante,0,0.0,Não Jogou,False
306,4,Baralhas,-0.18,6.39,23,17,3.91,Gabriel Baralhas dos Santos,VIT,3,True,baralhas,99440,Baralhas,287,https://s3.glbimg.com/v1/AUTH_58d78b787ec34892b5aaa0c7a146155f/clubes_2025/silhuetas/VIT/FORMATO.png,4.4,6.0,32.0,27.0,10.0,14.0,1.0,,2.0,,1.0,,1.0,,,,,,1.0,,,Meia,118,65.18,Regular,False
307,1,Rossi,0.95,9.78,23,22,5.89,Agustín Daniel Rossi,FLA,7,True,rossi,99552,Rossi,262,https://s3.glbimg.com/v1/AUTH_58d78b787ec34892b5aaa0c7a146155f/clubes_2025/silhuetas/FLA/FORMATO.png,6.3,1.0,,,,4.0,,,,13.0,,,,,,46.0,2.0,10.0,,,,Goleiro,66,80.65,Bom,False
308,5,Paulinho,0.0,5.0,23,7,1.03,Paulo Henrique Sampaio Filho,PAL,5,False,paulinho,99818,Paulinho,275,https://s3.glbimg.com/v1/AUTH_58d78b787ec34892b5aaa0c7a146155f/clubes_2025/silhuetas/PAL/FORMATO.png,0.0,,2.0,1.0,3.0,2.0,,1.0,1.0,,,,,,,,,,,,,Atacante,0,0.0,Não Jogou,False
309,3,Alan Franco,0.76,6.49,23,17,2.75,Alan Javier Franco,SAO,7,True,alan-franco,99889,A. Franco,276,https://s3.glbimg.com/v1/AUTH_58d78b787ec34892b5aaa0c7a146155f/clubes_2025/silhuetas/SAO/FORMATO.png,6.7,5.0,15.0,17.0,1.0,7.0,,1.0,,6.0,,,,,,,,,,,,Zagueiro,58,82.89,Bom,False
310,4,Igor Gomes,1.25,6.64,23,19,3.24,Igor Silveira Gomes,CAM,7,True,igor-gomes,100084,I. Gomes,282,https://s3.glbimg.com/v1/AUTH_58d78b787ec34892b5aaa0c7a146155f/clubes_2025/silhuetas/CAM/FORMATO.png,10.5,1.0,12.0,12.0,6.0,8.0,4.0,1.0,2.0,,1.0,,,,,,,,,,,Meia,21,94.05,Muito Bom,True
311,4,Pedro Augusto,0.83,2.11,23,8,0.82,Pedro Augusto Borges da Costa,SPT,3,True,pedro-augusto,100085,P. Augusto,292,https://s3.glbimg.com/v1/AUTH_58d78b787ec34892b5aaa0c7a146155f/clubes_2025/silhuetas/SPT/FORMATO.png,3.9,3.0,8.0,9.0,1.0,5.0,,,,,,,,,1.0,,,,,,,Meia,126,62.35,Regular,False
312,5,Yuri Alberto,-0.44,11.0,23,14,4.9,Yuri Alberto Monteiro da Silva,COR,7,True,yuri-alberto,100652,Y. Alberto,264,https://s3.glbimg.com/v1/AUTH_58d78b787ec34892b5aaa0c7a146155f/clubes_2025/silhuetas/COR/FORMATO.png,0.5,2.0,1.0,13.0,17.0,13.0,5.0,3.0,7.0,,1.0,,,,,,,,,,,Atacante,262,21.13,Regular,False
313,5,Fernando,-0.47,4.52,23,2,0.9,Fernando dos Santos Pedro,RBB,6,True,fernando,100695,Fernando,280,https://s3.glbimg.com/v1/AUTH_58d78b787ec34892b5aaa0c7a146155f/clubes_2025/silhuetas/RBB/FORMATO.png,0.5,,,,1.0,2.0,,,,,,,,,,,,,,,,Atacante,262,21.13,Regular,False
314,4,Matheus Henrique,0.48,7.13,23,9,2.62,Matheus Henrique de Souza,CRU,7,True,matheus-henrique,100742,M. Henrique,283,https://s3.glbimg.com/v1/AUTH_58d78b787ec34892b5aaa0c7a146155f/clubes_2025/silhuetas/CRU/FORMATO.png,8.1,2.0,14.0,8.0,1.0,10.0,,,1.0,,,,,,,,,,,,,Meia,45,86.9,Bom,False
315,1,Brenno,0.0,4.83,23,1,0.8,Brenno Oliveira Fraga Costa,FOR,5,False,brenno,100830,Brenno,356,https://s3.glbimg.com/v1/AUTH_58d78b787ec34892b5aaa0c7a146155f/clubes_2025/silhuetas/FOR/FORMATO.png,0.0,,,,,1.0,,,,,,,,,1.0,1.0,,1.0,,,,Goleiro,0,0.0,Não Jogou,False
316,3,Ruan,0.0,6.04,23,4,2.75,Ruan Tressoldi Netto,CAM,6,False,ruan,100842,Ruan,282,https://s3.glbimg.com/v1/AUTH_58d78b787ec34892b5aaa0c7a146155f/clubes_2025/silhuetas/CAM/FORMATO.png,0.0,1.0,5.0,5.0,,2.0,,,,1.0,,,,,,,,,,,,Zagueiro,0,0.0,Não Jogou,False
317,2,Lucas Esteves,0.0,4.65,23,6,1.83,Lucas Esteves Souza,GRE,6,False,lucas-esteves,100846,L. Esteves,284,https://s3.glbimg.com/v1/AUTH_58d78b787ec34892b5aaa0c7a146155f/clubes_2025/silhuetas/GRE/FORMATO.png,0.0,1.0,7.0,7.0,3.0,2.0,,,1.0,,,,,,,,,,1.0,,,Lateral,0,0.0,Não Jogou,False
318,2,Luan Cândido,0.0,7.0,23,0,0.0,Luan Cândido de Almeida,SPT,6,False,luan-candido,100848,L. Cândido,292,https://s3.glbimg.com/v1/AUTH_58d78b787ec34892b5aaa0c7a146155f/clubes_2025/silhuetas/SPT/FORMATO.png,0.0,,,,,,,,,,,,,,,,,,,,,Lateral,0,0.0,Não Jogou,False
319,2,Vitinho,-0.24,9.6,23,20,5.88,Victor Alexander da Silva,BOT,7,True,vitinho,100898,Vitinho,263,https://s3.glbimg.com/v1/AUTH_58d78b787ec34892b5aaa0c7a146155f/clubes_2025/silhuetas/BOT/FORMATO.png,2.9,1.0,37.0,14.0,5.0,9.0,1.0,3.0,1.0,10.0,,,,,,,,,,,,Lateral,153,54.46,Regular,False
320,4,Ronald Lopes,0.0,3.86,23,19,2.71,Ronald dos Santos Lopes,VIT,7,False,ronald-lopes,100969,R. Lopes,287,https://s3.glbimg.com/v1/AUTH_58d78b787ec34892b5aaa0c7a146155f/clubes_2025/silhuetas/VIT/FORMATO.png,0.0,3.0,23.0,22.0,3.0,19.0,,3.0,4.0,,2.0,,,,,,,,,,,Meia,0,0.0,Não Jogou,False
321,4,Nonato,0.0,4.95,23,12,2.59,Gustavo Nonato Santana,FLU,6,False,nonato,100987,Nonato,266,https://s3.glbimg.com/v1/AUTH_58d78b787ec34892b5aaa0c7a146155f/clubes_2025/silhuetas/FLU/FORMATO.png,0.0,3.0,13.0,10.0,3.0,12.0,1.0,,1.0,,,,,,,,,,,,,Meia,0,0.0,Não Jogou,False
322,5,Júnior Santos,-0.61,5.9,23,15,2.1,José Antonio dos Santos Júnior,CAM,6,True,junior-santos,101002,J. Santos,282,https://s3.glbimg.com/v1/AUTH_58d78b787ec34892b5aaa0c7a146155f/clubes_2025/silhuetas/CAM/FORMATO.png,-0.7,1.0,4.0,9.0,5.0,14.0,2.0,3.0,2.0,,,,,,,,,,,,,Atacante,325,3.42,Ruim,False
323,2,Diego,0.11,9.55,23,20,5.57,Jackson Diego Ibraim Fagundes - Ibrahim,CEA,7,True,diego,101027,Diego,354,https://s3.glbimg.com/v1/AUTH_58d78b787ec34892b5aaa0c7a146155f/clubes_2025/silhuetas/CEA/FORMATO.png,3.7,2.0,27.0,16.0,5.0,50.0,,,3.0,7.0,2.0,,,,,,,,,,,Lateral,131,60.86,Regular,False
324,5,Ferreira,0.0,8.41,23,16,4.71,Aldemir dos Santos Ferreira,SAO,7,False,ferreira,101290,Ferreira,276,https://s3.glbimg.com/v1/AUTH_58d78b787ec34892b5aaa0c7a146155f/clubes_2025/silhuetas/SAO/FORMATO.png,0.0,3.0,10.0,10.0,8.0,26.0,4.0,1.0,4.0,,2.0,,,,,,,,,,,Atacante,0,0.0,Não Jogou,False
325,5,Ademir,0.0,5.21,23,16,3.73,Ademir da Silva Santos Júnior,BAH,6,False,ademir,101314,Ademir,265,https://s3.glbimg.com/v1/AUTH_58d78b787ec34892b5aaa0c7a146155f/clubes_2025/silhuetas/BAH/FORMATO.png,0.0,3.0,23.0,15.0,9.0,25.0,,4.0,7.0,,1.0,,,,,,,,,,,Atacante,0,0.0,Não Jogou,False
326,2,Guga,0.0,9.51,23,11,5.94,Cláudio Rodrigues Gomes,FLU,6,False,guga,101319,Guga,266,https://s3.glbimg.com/v1/AUTH_58d78b787ec34892b5aaa0c7a146155f/clubes_2025/silhuetas/FLU/FORMATO.png,0.0,1.0,21.0,5.0,2.0,11.0,1.0,,1.0,3.0,1.0,,,,,,,,,,,Lateral,0,0.0,Não Jogou,False
327,1,Marcelo Pitaluga,0.0,2.53,23,0,-1.0,Marcelo de Araújo Pitaluga Filho,FLU,6,False,marcelo-pitaluga,101478,M. Pitaluga,266,https://s3.glbimg.com/v1/AUTH_58d78b787ec34892b5aaa0c7a146155f/clubes_2025/silhuetas/FLU/FORMATO.png,0.0,1.0,,,,,,,,,,,,,,,,,,,,Goleiro,0,0.0,Não Jogou,False
328,4,Pepê,0.0,5.71,23,11,2.66,João Pedro Vilardi Pinto,VIT,6,False,pepe,101573,Pepê,287,https://s3.glbimg.com/v1/AUTH_58d78b787ec34892b5aaa0c7a146155f/clubes_2025/silhuetas/VIT/FORMATO.png,0.0,2.0,20.0,18.0,,17.0,,,1.0,,,,,,1.0,,,,,,,Meia,0,0.0,Não Jogou,False
329,1,Hugo Souza,0.4,8.75,23,18,3.75,Hugo de Souza Nogueira,COR,7,True,hugo-souza,101574,H. Souza,264,https://s3.glbimg.com/v1/AUTH_58d78b787ec34892b5aaa0c7a146155f/clubes_2025/silhuetas/COR/FORMATO.png,9.2,2.0,,,,1.0,,,,6.0,,,,,,47.0,,22.0,,,,Goleiro,35,89.88,Bom,False
330,4,Hugo Moura,0.0,4.56,23,18,2.24,Hugo Moura Arruda da Silva,VAS,7,False,hugo-moura,101594,H. Moura,267,https://s3.glbimg.com/v1/AUTH_58d78b787ec34892b5aaa0c7a146155f/clubes_2025/silhuetas/VAS/FORMATO.png,0.0,5.0,25.0,29.0,5.0,9.0,,,5.0,,1.0,,,,,,,,,,1.0,Meia,0,0.0,Não Jogou,False
331,2,Ramon,-0.46,5.9,23,10,3.26,Ramon Ramos Lima,VIT,7,True,ramon,101597,Ramon,287,https://s3.glbimg.com/v1/AUTH_58d78b787ec34892b5aaa0c7a146155f/clubes_2025/silhuetas/VIT/FORMATO.png,2.8,2.0,14.0,9.0,4.0,6.0,,1.0,1.0,2.0,,,,,,,,,1.0,,,Lateral,156,53.27,Regular,False
332,4,Peixoto,0.0,3.54,23,2,2.0,Daniel Nascimento Peixoto dos Santos,JUV,6,False,peixoto,101651,Peixoto,286,https://s3.glbimg.com/v1/AUTH_58d78b787ec34892b5aaa0c7a146155f/clubes_2025/silhuetas/JUV/FORMATO.png,0.0,,2.0,,,2.0,,,,,,,,,,,,,,,,Meia,0,0.0,Não Jogou,False
333,2,Felipe Jonatan,0.0,5.24,23,1,-0.6,Felipe Jonatan Rocha Andrade,MIR,6,False,felipe-jonatan,101708,F. Jonatan,2305,https://s3.glbimg.com/v1/AUTH_58d78b787ec34892b5aaa0c7a146155f/clubes_2025/silhuetas/MIR/FORMATO.png,0.0,,,2.0,,,,,,,,,,,,,,,,,,Lateral,0,0.0,Não Jogou,False
334,2,Matheuzinho,0.43,11.32,23,18,6.08,Matheus França Silva,COR,7,True,matheuzinho,101727,Matheuzinho,264,https://s3.glbimg.com/v1/AUTH_58d78b787ec34892b5aaa0c7a146155f/clubes_2025/silhuetas/COR/FORMATO.png,12.2,7.0,40.0,14.0,5.0,11.0,2.0,1.0,1.0,6.0,1.0,,,,,,,,1.0,,,Lateral,10,97.32,Muito Bom,True
335,4,Pablo Roberto,0.0,4.15,23,2,0.3,Pablo Roberto dos Santos Barbosa,FOR,6,False,pablo-roberto,101733,P. Roberto,356,https://s3.glbimg.com/v1/AUTH_58d78b787ec34892b5aaa0c7a146155f/clubes_2025/silhuetas/FOR/FORMATO.png,0.0,,1.0,3.0,,,,,,,,,,,,,,,,,,Meia,0,0.0,Não Jogou,False
336,2,Claudinho,0.0,4.89,23,12,2.14,Claudio Coelho Salvático,VIT,6,False,claudinho,101752,Claudinho,287,https://s3.glbimg.com/v1/AUTH_58d78b787ec34892b5aaa0c7a146155f/clubes_2025/silhuetas/VIT/FORMATO.png,0.0,5.0,11.0,10.0,3.0,7.0,,,1.0,2.0,,,,,,,,,,,,Lateral,0,0.0,Não Jogou,False
337,4,Jean David,0.0,3.0,23,0,0.0,Jean David Meneses Villarroel,VAS,6,False,jean-david,101768,J. David,267,https://s3.glbimg.com/v1/AUTH_58d78b787ec34892b5aaa0c7a146155f/clubes_2025/silhuetas/VAS/FORMATO.png,0.0,,,,,,,,,,,,,,,,,,,,,Meia,0,0.0,Não Jogou,False
338,3,Willian Machado,-0.12,5.09,23,19,3.72,Willian Estefani Machado,CEA,7,True,willian-machado,101908,W. Machado,354,https://s3.glbimg.com/v1/AUTH_58d78b787ec34892b5aaa0c7a146155f/clubes_2025/silhuetas/CEA/FORMATO.png,2.0,2.0,17.0,9.0,3.0,9.0,,,5.0,7.0,,,1.0,,,,,,1.0,,,Zagueiro,191,42.41,Regular,False
339,5,Vitinho,-1.34,4.98,23,13,2.53,Vitor Hugo Naum dos Santos,INT,7,True,vitinho,101960,Vitinho,285,https://s3.glbimg.com/v1/AUTH_58d78b787ec34892b5aaa0c7a146155f/clubes_2025/silhuetas/INT/FORMATO.png,1.0,4.0,13.0,18.0,5.0,14.0,1.0,4.0,1.0,,,,1.0,,,,,,,,,Atacante,246,26.49,Regular,False
340,3,Brítez,0.72,6.05,23,6,2.67,Emanuel Fermín Brítez,FOR,7,True,britez,101995,Brítez,356,https://s3.glbimg.com/v1/AUTH_58d78b787ec34892b5aaa0c7a146155f/clubes_2025/silhuetas/FOR/FORMATO.png,8.7,5.0,11.0,10.0,,7.0,,,,1.0,,,,,,,,,1.0,,,Zagueiro,41,88.1,Bom,False
341,2,Piquerez,0.06,11.31,23,20,6.02,Joaquín Piquerez Moreira,PAL,7,True,piquerez,102130,Piquerez,275,https://s3.glbimg.com/v1/AUTH_58d78b787ec34892b5aaa0c7a146155f/clubes_2025/silhuetas/PAL/FORMATO.png,2.3,2.0,27.0,6.0,15.0,12.0,3.0,,3.0,8.0,1.0,,,,,,,,,1.0,1.0,Lateral,173,47.92,Regular,False
342,1,Vitor Eudes,0.0,2.0,23,0,0.0,Vitor Eudes de Souza Costa,FLU,6,False,vitor-eudes,102137,V. Eudes,266,https://s3.glbimg.com/v1/AUTH_58d78b787ec34892b5aaa0c7a146155f/clubes_2025/silhuetas/FLU/FORMATO.png,0.0,,,,,,,,,,,,,,,,,,,,,Goleiro,0,0.0,Não Jogou,False
343,3,Lucas Halter,-0.92,3.68,23,21,2.63,Lucas Halter,VIT,7,True,lucas-halter,102253,L. Halter,287,https://s3.glbimg.com/v1/AUTH_58d78b787ec34892b5aaa0c7a146155f/clubes_2025/silhuetas/VIT/FORMATO.png,-0.3,5.0,20.0,13.0,4.0,5.0,1.0,1.0,2.0,3.0,,,1.0,,,,,,,,,Zagueiro,307,6.99,Ruim,False
344,4,Rollheiser,0.0,6.84,23,20,2.29,Benjamín Rollheiser,SAN,7,False,rollheiser,102256,Rollheiser,277,https://s3.glbimg.com/v1/AUTH_58d78b787ec34892b5aaa0c7a146155f/clubes_2025/silhuetas/SAN/FORMATO.png,0.0,6.0,14.0,20.0,10.0,22.0,,2.0,6.0,,1.0,,2.0,,,,,,,,,Meia,0,0.0,Não Jogou,False
345,2,Caio Paulista,0.0,6.37,23,8,3.35,Caio Fernando de Oliveira,CAM,6,False,caio-paulista,102318,C. Paulista,282,https://s3.glbimg.com/v1/AUTH_58d78b787ec34892b5aaa0c7a146155f/clubes_2025/silhuetas/CAM/FORMATO.png,0.0,1.0,6.0,4.0,3.0,3.0,,1.0,1.0,3.0,,,,,,,,,,,,Lateral,0,0.0,Não Jogou,False
346,3,Cacá,0.0,6.22,23,14,3.91,Carlos de Menezes Júnior,COR,6,False,caca,102340,Cacá,264,https://s3.glbimg.com/v1/AUTH_58d78b787ec34892b5aaa0c7a146155f/clubes_2025/silhuetas/COR/FORMATO.png,0.0,3.0,12.0,13.0,2.0,12.0,2.0,,1.0,4.0,,,,,,,,,1.0,,,Zagueiro,0,0.0,Não Jogou,False
347,5,Mastriani,0.0,4.2,23,7,0.84,Gonzalo Mathías Mastriani Borges,BOT,6,False,mastriani,102561,Mastriani,263,https://s3.glbimg.com/v1/AUTH_58d78b787ec34892b5aaa0c7a146155f/clubes_2025/silhuetas/BOT/FORMATO.png,0.0,1.0,2.0,4.0,4.0,2.0,,3.0,1.0,,,,,,,,,,,,,Atacante,0,0.0,Não Jogou,False
348,4,Luan Vinícius,-0.3,3.42,23,5,0.96,Luan Vinícius da Silva Santos,SAO,6,True,luan-vinicius,102909,L. Vinícius,276,https://s3.glbimg.com/v1/AUTH_58d78b787ec34892b5aaa0c7a146155f/clubes_2025/silhuetas/SAO/FORMATO.png,1.7,,2.0,4.0,1.0,2.0,,,1.0,,,,,,,,,,,,,Meia,205,38.39,Regular,False
349,5,Canobbio,0.0,7.63,23,14,3.99,Agustín Canobbio Graviz,FLU,6,False,canobbio,102928,Canobbio,266,https://s3.glbimg.com/v1/AUTH_58d78b787ec34892b5aaa0c7a146155f/clubes_2025/silhuetas/FLU/FORMATO.png,0.0,3.0,16.0,13.0,7.0,18.0,2.0,2.0,2.0,,1.0,1.0,,,,,,,,,,Atacante,0,0.0,Não Jogou,False
350,5,Facundo Torres,1.22,10.73,23,19,4.59,Facundo Daniel Torres Pérez,PAL,6,True,facundo-torres,102950,F. Torres,275,https://s3.glbimg.com/v1/AUTH_58d78b787ec34892b5aaa0c7a146155f/clubes_2025/silhuetas/PAL/FORMATO.png,10.8,2.0,12.0,12.0,7.0,24.0,4.0,1.0,7.0,,3.0,,1.0,,,,,,1.0,,,Atacante,19,94.64,Muito Bom,True
351,2,Escobar,-0.52,9.11,23,20,4.98,Gonzalo Daniel Escobar,SAN,7,True,escobar,102975,Escobar,277,https://s3.glbimg.com/v1/AUTH_58d78b787ec34892b5aaa0c7a146155f/clubes_2025/silhuetas/SAN/FORMATO.png,5.4,2.0,56.0,26.0,5.0,11.0,,1.0,1.0,4.0,,,,,1.0,,,,2.0,,,Lateral,87,73.96,Bom,False
352,5,Laquintana,0.28,6.43,23,14,4.66,Ignacio Jesús Laquintana Marsico - Nacho,RBB,7,True,laquintana,103014,Laquintana,280,https://s3.glbimg.com/v1/AUTH_58d78b787ec34892b5aaa0c7a146155f/clubes_2025/silhuetas/RBB/FORMATO.png,4.5,1.0,10.0,5.0,5.0,5.0,4.0,6.0,4.0,,2.0,,,,,,,,,,,Atacante,108,66.96,Regular,False
353,1,Gabriel Brazão,-0.53,6.46,23,22,4.55,Gabriel Nascimento Rezende Brazão - Resende,SAN,2,True,gabriel-brazao,103056,G. Brazão,277,https://s3.glbimg.com/v1/AUTH_58d78b787ec34892b5aaa0c7a146155f/clubes_2025/silhuetas/SAN/FORMATO.png,1.3,,1.0,,,6.0,,,,5.0,,,,,,79.0,,32.0,,,,Goleiro,232,30.36,Regular,False
354,5,Chris Ramos,-0.19,10.5,23,2,10.5,Christopher Ramos de la Flor,BOT,6,True,chris-ramos,103179,C. Ramos,263,https://s3.glbimg.com/v1/AUTH_58d78b787ec34892b5aaa0c7a146155f/clubes_2025/silhuetas/BOT/FORMATO.png,4.5,,2.0,1.0,1.0,3.0,2.0,,,,,,,,,,,,,,,Atacante,108,66.96,Regular,False
355,4,Eric Ramires,0.35,5.76,23,22,2.57,Eric dos Santos Rodrigues,RBB,7,True,eric-ramires,103295,E. Ramires,280,https://s3.glbimg.com/v1/AUTH_58d78b787ec34892b5aaa0c7a146155f/clubes_2025/silhuetas/RBB/FORMATO.png,4.0,3.0,22.0,22.0,4.0,27.0,1.0,,3.0,,1.0,,,,,,,,,,,Meia,124,63.24,Regular,False
356,2,Matheus Alexandre,-0.98,5.65,23,14,3.81,Matheus Alexandre Anastácio de Souza,SPT,7,True,matheus-alexandre,103347,M. Alexandre,292,https://s3.glbimg.com/v1/AUTH_58d78b787ec34892b5aaa0c7a146155f/clubes_2025/silhuetas/SPT/FORMATO.png,3.5,5.0,22.0,17.0,4.0,7.0,,,3.0,3.0,1.0,1.0,,,,,,,1.0,,,Lateral,136,59.38,Regular,False
357,4,Emmanuel Martínez,0.0,4.9,23,12,2.06,Leandro Emmanuel Martínez,FOR,6,False,emmanuel-martinez,103388,E. Martínez,356,https://s3.glbimg.com/v1/AUTH_58d78b787ec34892b5aaa0c7a146155f/clubes_2025/silhuetas/FOR/FORMATO.png,0.0,6.0,9.0,17.0,1.0,10.0,1.0,1.0,3.0,,1.0,,,,,,,,,,,Meia,0,0.0,Não Jogou,False
358,5,Kaio Jorge,-0.22,14.55,23,22,9.8,Kaio Jorge Pinto Ramos,CRU,2,True,kaio-jorge,103445,K. Jorge,283,https://s3.glbimg.com/v1/AUTH_58d78b787ec34892b5aaa0c7a146155f/clubes_2025/silhuetas/CRU/FORMATO.png,-0.2,2.0,20.0,25.0,22.0,28.0,15.0,7.0,10.0,,5.0,2.0,3.0,,,,,,,1.0,,Atacante,306,9.23,Ruim,False
359,3,Ignácio,0.46,7.1,23,10,3.65,Ignácio da Silva Oliveira,FLU,7,True,ignacio,103523,Ignácio,266,https://s3.glbimg.com/v1/AUTH_58d78b787ec34892b5aaa0c7a146155f/clubes_2025/silhuetas/FLU/FORMATO.png,6.5,,15.0,13.0,1.0,7.0,,,3.0,2.0,,,,,,,,,,,,Zagueiro,62,81.4,Bom,False
360,5,Rafael Bilu,0.1,4.27,23,2,3.1,Rafael Bilu Mudesto,JUV,7,True,rafael-bilu,103576,R. Bilu,286,https://s3.glbimg.com/v1/AUTH_58d78b787ec34892b5aaa0c7a146155f/clubes_2025/silhuetas/JUV/FORMATO.png,2.2,,1.0,1.0,,4.0,,,,,,,1.0,,,,,,,,,Atacante,181,45.98,Regular,False
361,1,Dênis Júnior,0.0,3.0,23,0,0.0,Dênis de Oliveira Aguiar Júnior,BAH,6,False,denis-junior,103662,D. Júnior,265,https://s3.glbimg.com/v1/AUTH_58d78b787ec34892b5aaa0c7a146155f/clubes_2025/silhuetas/BAH/FORMATO.png,0.0,,,,,,,,,,,,,,,,,,,,,Goleiro,0,0.0,Não Jogou,False
362,2,Gabriel Fuentes,-0.2,5.95,23,7,2.3,Gabriel Rafael Fuentes Gómez,FLU,7,True,gabriel-fuentes,103672,G. Fuentes,266,https://s3.glbimg.com/v1/AUTH_58d78b787ec34892b5aaa0c7a146155f/clubes_2025/silhuetas/FLU/FORMATO.png,1.0,3.0,12.0,12.0,1.0,3.0,,,2.0,,,,,,,,,,,,,Lateral,246,26.49,Regular,False
363,5,Gabriel Veron,0.27,3.52,23,15,1.09,Gabriel Veron Fonseca de Souza,JUV,7,True,gabriel-veron,103764,G. Veron,286,https://s3.glbimg.com/v1/AUTH_58d78b787ec34892b5aaa0c7a146155f/clubes_2025/silhuetas/JUV/FORMATO.png,1.7,,6.0,8.0,3.0,8.0,,2.0,3.0,,,,,,,,,,,,,Atacante,205,38.39,Regular,False
364,4,Gabriel Menino,0.0,5.69,23,15,3.02,Gabriel Vinícius Menino,CAM,2,False,gabriel-menino,103767,G. Menino,282,https://s3.glbimg.com/v1/AUTH_58d78b787ec34892b5aaa0c7a146155f/clubes_2025/silhuetas/CAM/FORMATO.png,0.0,1.0,13.0,10.0,5.0,14.0,1.0,1.0,5.0,,1.0,,,,,,,,,,,Meia,0,0.0,Não Jogou,False
365,6,Hernán Crespo,0.96,11.5,23,11,7.3,Hernán Jorge Crespo,SAO,7,True,hernan-crespo,103912,H. Crespo,276,https://s3.glbimg.com/v1/AUTH_58d78b787ec34892b5aaa0c7a146155f/clubes_2025/silhuetas/SAO/FORMATO.png,9.25,,,,,,,,,,,,,7.0,,,,,,,,Técnico,34,90.18,Bom,True
366,6,Rafael Guanaes,-0.07,7.95,23,21,5.8,Rafael Silva Guanaes,MIR,7,True,rafael-guanaes,104027,R. Guanaes,2305,https://s3.glbimg.com/v1/AUTH_58d78b787ec34892b5aaa0c7a146155f/clubes_2025/silhuetas/MIR/FORMATO.png,7.58,,,,,,,,,,,,,10.0,,,,,,,,Técnico,51,85.12,Bom,False
367,3,Sabino,0.7,6.49,23,17,3.91,José Sabino Chagas Monteiro,SAO,7,True,sabino,104075,Sabino,276,https://s3.glbimg.com/v1/AUTH_58d78b787ec34892b5aaa0c7a146155f/clubes_2025/silhuetas/SAO/FORMATO.png,8.2,2.0,17.0,18.0,5.0,8.0,1.0,,2.0,6.0,,,,,,,,,,,,Zagueiro,44,87.2,Bom,False
368,1,Carlos Miguel,0.0,6.0,23,0,0.0,Carlos Miguel dos Santos Pereira,PAL,6,False,carlos-miguel,104084,C. Miguel,275,https://s3.glbimg.com/v1/AUTH_58d78b787ec34892b5aaa0c7a146155f/clubes_2025/silhuetas/PAL/FORMATO.png,0.0,,,,,,,,,,,,,,,,,,,,,Goleiro,0,0.0,Não Jogou,False
369,3,Bruno Fuchs,0.03,7.15,23,13,4.56,Bruno de Lara Fuchs,PAL,6,True,bruno-fuchs,104085,B. Fuchs,275,https://s3.glbimg.com/v1/AUTH_58d78b787ec34892b5aaa0c7a146155f/clubes_2025/silhuetas/PAL/FORMATO.png,1.5,4.0,17.0,9.0,2.0,8.0,,,,7.0,,,,,,,,,,,,Zagueiro,216,34.52,Regular,False
370,1,Lucas Arcanjo,-1.26,7.73,23,22,4.55,Lucas Willians Assis Arcanjo,VIT,7,True,lucas-arcanjo,104118,L. Arcanjo,287,https://s3.glbimg.com/v1/AUTH_58d78b787ec34892b5aaa0c7a146155f/clubes_2025/silhuetas/VIT/FORMATO.png,1.9,2.0,,,,3.0,,,,5.0,,,,,,83.0,,32.0,,,,Goleiro,199,40.33,Regular,False
371,5,Fabri,-0.52,3.68,23,15,1.96,Fabrício do Rosário dos Santos,VIT,6,True,fabri,104134,Fabri,287,https://s3.glbimg.com/v1/AUTH_58d78b787ec34892b5aaa0c7a146155f/clubes_2025/silhuetas/VIT/FORMATO.png,0.0,,11.0,17.0,8.0,8.0,,,3.0,,1.0,,,,,,,,1.0,,,Atacante,278,13.99,Regular,False
372,1,Raul,0.0,2.0,23,0,0.0,Raul Jonas Steffens,BOT,6,False,raul,104191,Raul,263,https://s3.glbimg.com/v1/AUTH_58d78b787ec34892b5aaa0c7a146155f/clubes_2025/silhuetas/BOT/FORMATO.png,0.0,,,,,,,,,,,,,,,,,,,,,Goleiro,0,0.0,Não Jogou,False
373,5,Edson Carioca,0.0,6.91,23,19,4.78,Edson Guilherme Mendes dos Santos,MIR,7,False,edson-carioca,104204,E. Carioca,2305,https://s3.glbimg.com/v1/AUTH_58d78b787ec34892b5aaa0c7a146155f/clubes_2025/silhuetas/MIR/FORMATO.png,0.0,1.0,20.0,27.0,16.0,16.0,4.0,2.0,6.0,,2.0,,,,,,,,,,,Atacante,0,0.0,Não Jogou,False
374,2,João Lucas,0.0,5.45,23,2,2.65,João Lucas de Almeida Carvalho,GRE,6,False,joao-lucas,104257,J. Lucas,284,https://s3.glbimg.com/v1/AUTH_58d78b787ec34892b5aaa0c7a146155f/clubes_2025/silhuetas/GRE/FORMATO.png,0.0,1.0,5.0,4.0,,,,,,,,,,,,,,,,,,Lateral,0,0.0,Não Jogou,False
375,2,Hereda,0.0,5.91,23,11,4.79,Diogo Hereda da Silva,SPT,5,False,hereda,104271,Hereda,292,https://s3.glbimg.com/v1/AUTH_58d78b787ec34892b5aaa0c7a146155f/clubes_2025/silhuetas/SPT/FORMATO.png,0.0,1.0,17.0,12.0,7.0,18.0,,2.0,2.0,2.0,1.0,,,,,,,,,,,Lateral,0,0.0,Não Jogou,False
376,4,Dudu,-0.82,1.18,23,1,-1.6,Eduardo Marcelo Rodrigues Nunes,VIT,6,True,dudu,104330,Dudu,287,https://s3.glbimg.com/v1/AUTH_58d78b787ec34892b5aaa0c7a146155f/clubes_2025/silhuetas/VIT/FORMATO.png,-1.6,1.0,,2.0,,,,,,,,,,,,,,,,,,Meia,333,1.19,Ruim,False
377,4,Christian,-0.43,6.95,23,17,4.47,Christian Roberto Alves Cardoso,CRU,7,True,christian,104502,Christian,283,https://s3.glbimg.com/v1/AUTH_58d78b787ec34892b5aaa0c7a146155f/clubes_2025/silhuetas/CRU/FORMATO.png,1.4,7.0,23.0,29.0,9.0,21.0,3.0,4.0,5.0,,2.0,,,,,,,,,,,Meia,227,32.14,Regular,False
378,4,Camilo,0.0,3.77,23,11,1.87,Camilo Reijers de Oliveira,GRE,6,False,camilo,104519,Camilo,284,https://s3.glbimg.com/v1/AUTH_58d78b787ec34892b5aaa0c7a146155f/clubes_2025/silhuetas/GRE/FORMATO.png,0.0,,16.0,15.0,2.0,1.0,,,,,,,,,,,,,1.0,,,Meia,0,0.0,Não Jogou,False
379,4,Vinícius Zanocelo,0.0,5.0,23,0,0.0,Vinícius Nelson de Souza Zanocelo,CEA,6,False,vinicius-zanocelo,104521,V. Zanocelo,354,https://s3.glbimg.com/v1/AUTH_58d78b787ec34892b5aaa0c7a146155f/clubes_2025/silhuetas/CEA/FORMATO.png,0.0,,,,,,,,,,,,,,,,,,,,,Meia,0,0.0,Não Jogou,False
380,1,Fabrício,0.0,2.0,23,0,0.0,Fabrício Oliveira de Souza,RBB,6,False,fabricio,104588,Fabrício,280,https://s3.glbimg.com/v1/AUTH_58d78b787ec34892b5aaa0c7a146155f/clubes_2025/silhuetas/RBB/FORMATO.png,0.0,,,,,,,,,,,,,,,,,,,,,Goleiro,0,0.0,Não Jogou,False
381,4,Matheus Bianqui,0.3,3.07,23,10,1.05,Matheus Henrique Bianqui,MIR,6,True,matheus-bianqui,104640,M. Bianqui,2305,https://s3.glbimg.com/v1/AUTH_58d78b787ec34892b5aaa0c7a146155f/clubes_2025/silhuetas/MIR/FORMATO.png,2.0,1.0,4.0,5.0,3.0,1.0,,,1.0,,,,1.0,,,,,,,,,Meia,191,42.41,Regular,False
382,5,Moisés,0.0,11.49,23,3,3.53,Moisés Vieira da Veiga,FOR,6,False,moises,104666,Moisés,356,https://s3.glbimg.com/v1/AUTH_58d78b787ec34892b5aaa0c7a146155f/clubes_2025/silhuetas/FOR/FORMATO.png,0.0,1.0,2.0,1.0,3.0,1.0,,2.0,1.0,,1.0,,,,,,,,,,,Atacante,0,0.0,Não Jogou,False
383,4,Newton,-0.91,4.53,23,10,3.39,Newton Araújo da Costa Júnior,BOT,6,True,newton,104693,Newton,263,https://s3.glbimg.com/v1/AUTH_58d78b787ec34892b5aaa0c7a146155f/clubes_2025/silhuetas/BOT/FORMATO.png,2.4,2.0,14.0,17.0,5.0,3.0,1.0,1.0,3.0,,,,1.0,,,,,,,,,Meia,171,49.26,Regular,False
384,6,Juan Vojvoda,-0.43,10.14,23,14,5.13,Juan Pablo Vojvoda Rizzo,SAN,7,True,juan-vojvoda,104754,J. Vojvoda,277,https://s3.glbimg.com/v1/AUTH_58d78b787ec34892b5aaa0c7a146155f/clubes_2025/silhuetas/SAN/FORMATO.png,4.05,,,,,,,,,,,,,2.0,,,,,,,,Técnico,123,63.69,Regular,False
385,2,Enzo Díaz,0.2,10.31,23,19,6.2,Enzo Hernán Díaz,SAO,7,True,enzo-diaz,104758,E. Díaz,276,https://s3.glbimg.com/v1/AUTH_58d78b787ec34892b5aaa0c7a146155f/clubes_2025/silhuetas/SAO/FORMATO.png,13.0,6.0,48.0,38.0,6.0,24.0,,1.0,1.0,6.0,3.0,,1.0,,,,,,3.0,,,Lateral,6,98.36,Muito Bom,True
386,4,Acevedo,0.55,5.33,23,16,2.82,Nicolás Brian Acevedo Tabárez,BAH,7,True,acevedo,104783,Acevedo,265,https://s3.glbimg.com/v1/AUTH_58d78b787ec34892b5aaa0c7a146155f/clubes_2025/silhuetas/BAH/FORMATO.png,7.4,2.0,27.0,12.0,1.0,7.0,,,5.0,,,,,,,,,,,,,Meia,53,84.52,Bom,False
387,1,Jorge Meurer,0.0,2.0,23,0,0.0,Jorge Meurer Bartholdy,GRE,6,False,jorge-meurer,104933,J. Meurer,284,https://s3.glbimg.com/v1/AUTH_58d78b787ec34892b5aaa0c7a146155f/clubes_2025/silhuetas/GRE/FORMATO.png,0.0,,,,,,,,,,,,,,,,,,,,,Goleiro,0,0.0,Não Jogou,False
388,3,Wagner Leonardo,0.0,5.97,23,19,3.03,Wagner Leonardo Calvelo de Souza,GRE,7,False,wagner-leonardo,104994,W. Leonardo,284,https://s3.glbimg.com/v1/AUTH_58d78b787ec34892b5aaa0c7a146155f/clubes_2025/silhuetas/GRE/FORMATO.png,0.0,2.0,21.0,14.0,1.0,4.0,,1.0,4.0,4.0,1.0,,,,,,,,,,,Zagueiro,0,0.0,Não Jogou,False
389,3,João Marcelo,0.0,7.0,23,0,0.0,João Marcelo Messias Ferreira,CRU,6,False,joao-marcelo,105047,J. Marcelo,283,https://s3.glbimg.com/v1/AUTH_58d78b787ec34892b5aaa0c7a146155f/clubes_2025/silhuetas/CRU/FORMATO.png,0.0,,,,,,,,,,,,,,,,,,,,,Zagueiro,0,0.0,Não Jogou,False
390,4,Reinier,0.2,4.22,23,4,1.43,Reinier Jesus Carvalho,CAM,6,True,reinier,105068,Reinier,282,https://s3.glbimg.com/v1/AUTH_58d78b787ec34892b5aaa0c7a146155f/clubes_2025/silhuetas/CAM/FORMATO.png,2.8,1.0,4.0,2.0,1.0,1.0,,,,,,,,,,,,,,,,Meia,156,53.27,Regular,False
391,3,Alexis Duarte,0.0,6.0,23,0,0.0,Alexis David Duarte Pereira,SAN,6,False,alexis-duarte,105114,A. Duarte,277,https://s3.glbimg.com/v1/AUTH_58d78b787ec34892b5aaa0c7a146155f/clubes_2025/silhuetas/SAN/FORMATO.png,0.0,,,,,,,,,,,,,,,,,,,,,Zagueiro,0,0.0,Não Jogou,False
392,2,Khellven,-0.57,6.45,23,5,3.4,Khellven Douglas Silva Oliveira,PAL,7,True,khellven,105175,Khellven,275,https://s3.glbimg.com/v1/AUTH_58d78b787ec34892b5aaa0c7a146155f/clubes_2025/silhuetas/PAL/FORMATO.png,1.5,,5.0,10.0,,5.0,,,,2.0,,,,,,,,,,,,Lateral,216,34.52,Regular,False
393,2,Sant'Anna,0.0,5.06,23,9,2.4,Ariel Agustín Sant'Anna Quintero,RBB,6,False,sant-anna,105213,Sant'Anna,280,https://s3.glbimg.com/v1/AUTH_58d78b787ec34892b5aaa0c7a146155f/clubes_2025/silhuetas/RBB/FORMATO.png,0.0,3.0,8.0,8.0,6.0,2.0,,1.0,1.0,1.0,,,1.0,,,,,,,,,Lateral,0,0.0,Não Jogou,False
394,4,Santiago Rodríguez,0.0,6.18,23,12,2.8,Santiago Mariano Rodríguez Molina,BOT,6,False,santiago-rodriguez,105214,S. Rodríguez,263,https://s3.glbimg.com/v1/AUTH_58d78b787ec34892b5aaa0c7a146155f/clubes_2025/silhuetas/BOT/FORMATO.png,0.0,1.0,9.0,6.0,4.0,10.0,,1.0,4.0,,2.0,,,,,,,,,,,Meia,0,0.0,Não Jogou,False
395,3,Gastón Ávila,1.24,9.3,23,11,4.21,Gastón Luciano Ávila,FOR,7,True,gaston-avila,105258,G. Ávila,356,https://s3.glbimg.com/v1/AUTH_58d78b787ec34892b5aaa0c7a146155f/clubes_2025/silhuetas/FOR/FORMATO.png,11.5,1.0,20.0,6.0,2.0,8.0,,1.0,3.0,2.0,,,,,,,,,,,,Zagueiro,11,96.58,Muito Bom,True
396,3,Ferraresi,0.0,9.01,23,17,6.78,Nahuel Adolfo Ferraresi Hernández,SAO,7,False,ferraresi,105300,Ferraresi,276,https://s3.glbimg.com/v1/AUTH_58d78b787ec34892b5aaa0c7a146155f/clubes_2025/silhuetas/SAO/FORMATO.png,0.0,2.0,51.0,21.0,2.0,17.0,,1.0,,5.0,3.0,,,,,,,,,,1.0,Zagueiro,0,0.0,Não Jogou,False
397,4,Lucas Lima,0.0,2.65,23,9,0.89,Lucas Eduardo Lima da Silva,CEA,6,False,lucas-lima,105337,L. Lima,354,https://s3.glbimg.com/v1/AUTH_58d78b787ec34892b5aaa0c7a146155f/clubes_2025/silhuetas/CEA/FORMATO.png,0.0,,4.0,1.0,1.0,3.0,,,,,,,,,,,,,,,,Meia,0,0.0,Não Jogou,False
398,3,Gabriel Xavier,-1.59,5.07,23,5,2.14,Gabriel Lheman Xavier - Lhman,BAH,7,True,gabriel-xavier,105373,G. Xavier,265,https://s3.glbimg.com/v1/AUTH_58d78b787ec34892b5aaa0c7a146155f/clubes_2025/silhuetas/BAH/FORMATO.png,-0.6,1.0,2.0,6.0,,1.0,,,,2.0,,,,,,,,,,,,Zagueiro,322,4.17,Ruim,False
399,4,Carrascal,0.46,7.9,23,3,2.07,Jorge Andrés Carrascal Guardo,FLA,6,True,carrascal,105436,Carrascal,262,https://s3.glbimg.com/v1/AUTH_58d78b787ec34892b5aaa0c7a146155f/clubes_2025/silhuetas/FLA/FORMATO.png,5.0,,1.0,1.0,,,,,,,1.0,,,,,,,,,,,Meia,94,72.02,Bom,False
400,2,Matheus Bidu,-0.3,10.38,23,14,6.44,Matheus Lima Beltrão Oliveira Valin,COR,7,True,matheus-bidu,105531,M. Bidu,264,https://s3.glbimg.com/v1/AUTH_58d78b787ec34892b5aaa0c7a146155f/clubes_2025/silhuetas/COR/FORMATO.png,5.4,3.0,21.0,11.0,6.0,32.0,,4.0,3.0,6.0,2.0,1.0,,,,,,,,,,Lateral,87,73.96,Bom,False
401,5,Carlos Vinícius,0.0,7.24,23,3,0.9,Carlos Vinícius Alves Morais,GRE,7,False,carlos-vinicius,105563,C. Vinícius,284,https://s3.glbimg.com/v1/AUTH_58d78b787ec34892b5aaa0c7a146155f/clubes_2025/silhuetas/GRE/FORMATO.png,0.0,1.0,1.0,5.0,,9.0,,2.0,2.0,,,,,,1.0,,,,,,,Atacante,0,0.0,Não Jogou,False
402,5,Lucero,-0.58,7.3,23,18,2.76,Juan Martín Lucero,FOR,7,True,lucero,105568,Lucero,356,https://s3.glbimg.com/v1/AUTH_58d78b787ec34892b5aaa0c7a146155f/clubes_2025/silhuetas/FOR/FORMATO.png,1.0,5.0,12.0,24.0,5.0,8.0,3.0,7.0,7.0,,1.0,,1.0,,,,,,,1.0,,Atacante,246,26.49,Regular,False
403,2,Lucas Piton,0.0,7.74,23,17,4.25,Lucas Piton Crivellaro,VAS,5,False,lucas-piton,105584,L. Piton,267,https://s3.glbimg.com/v1/AUTH_58d78b787ec34892b5aaa0c7a146155f/clubes_2025/silhuetas/VAS/FORMATO.png,0.0,4.0,20.0,28.0,4.0,7.0,1.0,1.0,,3.0,5.0,,,,,,,,,,,Lateral,0,0.0,Não Jogou,False
404,4,Roni,0.04,1.55,23,7,0.14,Roni Medeiros de Moura,MIR,6,True,roni,105585,Roni,2305,https://s3.glbimg.com/v1/AUTH_58d78b787ec34892b5aaa0c7a146155f/clubes_2025/silhuetas/MIR/FORMATO.png,0.5,1.0,1.0,1.0,1.0,,,,,,,,,,,,,,,,,Meia,262,21.13,Regular,False
405,4,Maurício,0.0,8.84,23,15,4.2,Maurício Magalhães Prado,PAL,7,False,mauricio,105647,Maurício,275,https://s3.glbimg.com/v1/AUTH_58d78b787ec34892b5aaa0c7a146155f/clubes_2025/silhuetas/PAL/FORMATO.png,0.0,,8.0,8.0,8.0,7.0,3.0,4.0,4.0,,3.0,,,,,,,,,,,Meia,0,0.0,Não Jogou,False
406,5,Talles Magno,-0.4,5.56,23,19,2.9,Talles Magno Bacelar Martins,COR,6,True,talles-magno,105786,T. Magno,264,https://s3.glbimg.com/v1/AUTH_58d78b787ec34892b5aaa0c7a146155f/clubes_2025/silhuetas/COR/FORMATO.png,-1.1,2.0,13.0,19.0,10.0,28.0,1.0,9.0,5.0,,1.0,,1.0,,,,,,,,,Atacante,331,1.79,Ruim,False
407,3,Luan Freitas,0.12,6.18,23,3,4.77,Luan de Freitas Molarinho Chagas,JUV,7,True,luan-freitas,105807,L. Freitas,286,https://s3.glbimg.com/v1/AUTH_58d78b787ec34892b5aaa0c7a146155f/clubes_2025/silhuetas/JUV/FORMATO.png,4.5,,5.0,2.0,3.0,,,,,1.0,,,,,,,,,,,,Zagueiro,108,66.96,Regular,False
408,3,Edu,0.0,5.36,23,13,3.62,Lucas Eduardo Ribeiro de Souza,VIT,6,False,edu,105842,Edu,287,https://s3.glbimg.com/v1/AUTH_58d78b787ec34892b5aaa0c7a146155f/clubes_2025/silhuetas/VIT/FORMATO.png,0.0,,12.0,5.0,3.0,4.0,,,1.0,5.0,,,,,,,,,,,,Zagueiro,0,0.0,Não Jogou,False
409,4,Matheus Araújo,0.0,5.34,23,8,2.4,Matheus de Araújo Andrade,CEA,6,False,matheus-araujo,105845,M. Araújo,354,https://s3.glbimg.com/v1/AUTH_58d78b787ec34892b5aaa0c7a146155f/clubes_2025/silhuetas/CEA/FORMATO.png,0.0,,2.0,1.0,1.0,3.0,1.0,,1.0,,1.0,,,,,,,,,,,Meia,0,0.0,Não Jogou,False
410,5,Allanzinho,0.0,4.29,23,7,2.69,Allan Victor Oliveira Mota,FOR,6,False,allanzinho,105900,Allanzinho,356,https://s3.glbimg.com/v1/AUTH_58d78b787ec34892b5aaa0c7a146155f/clubes_2025/silhuetas/FOR/FORMATO.png,0.0,1.0,2.0,5.0,3.0,10.0,,1.0,,,2.0,1.0,,,,,,,,,,Atacante,0,0.0,Não Jogou,False
411,4,José Aldo,0.24,3.64,23,18,2.17,José Aldo Soares de Oliveira Filho,MIR,7,True,jose-aldo,105903,J. Aldo,2305,https://s3.glbimg.com/v1/AUTH_58d78b787ec34892b5aaa0c7a146155f/clubes_2025/silhuetas/MIR/FORMATO.png,2.2,2.0,20.0,19.0,6.0,10.0,,1.0,6.0,,,,,,,,,,,,,Meia,181,45.98,Regular,False
412,1,Rochet,-0.31,9.4,23,10,4.71,Sergio Ramón Rochet Álvarez,INT,7,True,rochet,105949,Rochet,285,https://s3.glbimg.com/v1/AUTH_58d78b787ec34892b5aaa0c7a146155f/clubes_2025/silhuetas/INT/FORMATO.png,1.2,,,,,2.0,,,,2.0,,,,,,37.0,,12.0,,,,Goleiro,239,28.42,Regular,False
413,3,Santiago Mingo,0.62,5.24,23,20,2.88,Santiago Martín Ramos Mingo,BAH,7,True,santiago-mingo,105990,S. Mingo,265,https://s3.glbimg.com/v1/AUTH_58d78b787ec34892b5aaa0c7a146155f/clubes_2025/silhuetas/BAH/FORMATO.png,6.5,4.0,18.0,22.0,5.0,15.0,,2.0,,6.0,,,,,,,,,,,,Zagueiro,62,81.4,Bom,False
414,2,Ewerthon,0.0,6.23,23,12,3.34,Ewerthon Diógenes da Silva,JUV,5,False,ewerthon,106082,Ewerthon,286,https://s3.glbimg.com/v1/AUTH_58d78b787ec34892b5aaa0c7a146155f/clubes_2025/silhuetas/JUV/FORMATO.png,0.0,2.0,20.0,7.0,4.0,7.0,,,2.0,1.0,,,,,,,,,,,,Lateral,0,0.0,Não Jogou,False
415,6,Thiago Carpini,-0.68,6.62,23,17,4.21,Thiago Carpini Barbosa,JUV,7,True,thiago-carpini,106147,T. Carpini,286,https://s3.glbimg.com/v1/AUTH_58d78b787ec34892b5aaa0c7a146155f/clubes_2025/silhuetas/JUV/FORMATO.png,2.19,,,,,,,,,,,,,4.0,,,,,,,,Técnico,185,45.24,Regular,False
416,1,Lucão,0.0,7.15,23,3,6.23,Lucas Alexandre Galdino de Azevedo,RBB,6,False,lucao,106160,Lucão,280,https://s3.glbimg.com/v1/AUTH_58d78b787ec34892b5aaa0c7a146155f/clubes_2025/silhuetas/RBB/FORMATO.png,0.0,1.0,,,,1.0,,,,1.0,,,,,,14.0,,4.0,,,,Goleiro,0,0.0,Não Jogou,False
417,2,Bruno Gomes,0.0,6.0,23,0,0.0,Bruno Gomes da Silva Clevelário,INT,5,False,bruno-gomes,106202,B. Gomes,285,https://s3.glbimg.com/v1/AUTH_58d78b787ec34892b5aaa0c7a146155f/clubes_2025/silhuetas/INT/FORMATO.png,0.0,,,,,,,,,,,,,,,,,,,,,Lateral,0,0.0,Não Jogou,False
418,4,Marcos Antônio,-0.33,3.47,23,17,1.89,Marcos Antônio Silva Santos,SAO,6,True,marcos-antonio,106294,M. Antônio,276,https://s3.glbimg.com/v1/AUTH_58d78b787ec34892b5aaa0c7a146155f/clubes_2025/silhuetas/SAO/FORMATO.png,-1.0,4.0,13.0,18.0,3.0,17.0,,,1.0,,2.0,,,,,,,,,,,Meia,328,2.38,Ruim,False
419,4,Caio Alexandre,0.0,5.13,23,16,2.4,Caio Alexandre Souza e Silva,BAH,6,False,caio-alexandre,106323,C. Alexandre,265,https://s3.glbimg.com/v1/AUTH_58d78b787ec34892b5aaa0c7a146155f/clubes_2025/silhuetas/BAH/FORMATO.png,0.0,4.0,18.0,28.0,5.0,27.0,,,1.0,,1.0,,,,,,,,,,,Meia,0,0.0,Não Jogou,False
420,3,Eduardo Santos,0.0,8.19,23,7,5.1,Eduardo Gonzaga Mendes Santos,RBB,5,False,eduardo-santos,106434,E. Santos,280,https://s3.glbimg.com/v1/AUTH_58d78b787ec34892b5aaa0c7a146155f/clubes_2025/silhuetas/RBB/FORMATO.png,0.0,,10.0,1.0,,2.0,,,,4.0,,,,,,,,,,,,Zagueiro,0,0.0,Não Jogou,False
421,3,Villalba,-1.09,7.72,23,20,5.62,Lucas Hernán Villalba,CRU,7,True,villalba,106593,Villalba,283,https://s3.glbimg.com/v1/AUTH_58d78b787ec34892b5aaa0c7a146155f/clubes_2025/silhuetas/CRU/FORMATO.png,0.2,5.0,25.0,13.0,5.0,11.0,1.0,,2.0,11.0,,,3.0,,,,,,,,,Zagueiro,275,18.15,Regular,False
422,5,Léo Pereira,0.04,4.43,23,12,2.96,Leonardo Augusto dos Santos Pereira,SPT,7,True,leo-pereira,106681,L. Pereira,292,https://s3.glbimg.com/v1/AUTH_58d78b787ec34892b5aaa0c7a146155f/clubes_2025/silhuetas/SPT/FORMATO.png,2.0,,12.0,8.0,4.0,19.0,,3.0,3.0,,1.0,,,,,,,,1.0,,,Atacante,191,42.41,Regular,False
423,2,Igor Formiga,-0.9,6.62,23,3,5.5,Igor Marques Paciência Cardoso,JUV,6,True,igor-formiga,106708,I. Formiga,286,https://s3.glbimg.com/v1/AUTH_58d78b787ec34892b5aaa0c7a146155f/clubes_2025/silhuetas/JUV/FORMATO.png,0.0,,2.0,1.0,1.0,,1.0,,,1.0,,,,,,,,,,,,Lateral,278,13.99,Regular,False
424,4,Rodrigo Nestor,-2.02,6.23,23,10,3.95,Rodrigo Nestor Bertalia,BAH,6,True,rodrigo-nestor,106822,R. Nestor,265,https://s3.glbimg.com/v1/AUTH_58d78b787ec34892b5aaa0c7a146155f/clubes_2025/silhuetas/BAH/FORMATO.png,-0.3,1.0,12.0,6.0,2.0,5.0,2.0,,1.0,,,,1.0,,,,,,,,,Meia,307,6.99,Ruim,False
425,2,Patryck,0.0,5.61,23,3,3.43,Patryck Lanza dos Reis,SAO,2,False,patryck,106829,Patryck,276,https://s3.glbimg.com/v1/AUTH_58d78b787ec34892b5aaa0c7a146155f/clubes_2025/silhuetas/SAO/FORMATO.png,0.0,1.0,1.0,2.0,4.0,2.0,,,1.0,1.0,,,,,,,,,,,,Lateral,0,0.0,Não Jogou,False
426,5,Paulo Baya,0.58,4.77,23,7,2.93,Paulo Henrique Silva Ribeiro,CEA,7,True,paulo-baya,106918,P. Baya,354,https://s3.glbimg.com/v1/AUTH_58d78b787ec34892b5aaa0c7a146155f/clubes_2025/silhuetas/CEA/FORMATO.png,4.6,,1.0,,1.0,1.0,1.0,1.0,4.0,,1.0,,,,,,,,,,,Atacante,105,69.05,Regular,False
427,2,Luciano Juba,-0.03,9.1,23,21,6.1,Luciano Batista da Silva Júnior,BAH,7,True,luciano-juba,107093,L. Juba,265,https://s3.glbimg.com/v1/AUTH_58d78b787ec34892b5aaa0c7a146155f/clubes_2025/silhuetas/BAH/FORMATO.png,0.8,2.0,21.0,16.0,8.0,7.0,5.0,1.0,3.0,7.0,3.0,,,,,,,,,,,Lateral,252,24.7,Regular,False
428,5,Jeffinho,-1.22,3.76,23,7,2.4,Jefferson Ruan Pereira dos Santos,BOT,6,True,jeffinho,107170,Jeffinho,263,https://s3.glbimg.com/v1/AUTH_58d78b787ec34892b5aaa0c7a146155f/clubes_2025/silhuetas/BOT/FORMATO.png,0.5,,3.0,4.0,1.0,3.0,,,1.0,,2.0,,,,,,,,,,,Atacante,262,21.13,Regular,False
429,4,Michel Araújo,-0.94,6.28,23,12,3.47,Michel Daryl Araújo Villar,BAH,6,True,michel-araujo,107173,M. Araújo,265,https://s3.glbimg.com/v1/AUTH_58d78b787ec34892b5aaa0c7a146155f/clubes_2025/silhuetas/BAH/FORMATO.png,3.3,1.0,7.0,10.0,2.0,3.0,4.0,,,,,,,,,,,,,,,Meia,142,57.74,Regular,False
430,4,Bruno Tabata,0.0,7.37,23,16,4.48,Bruno Vinícius Souza Ramos,INT,6,False,bruno-tabata,107174,B. Tabata,285,https://s3.glbimg.com/v1/AUTH_58d78b787ec34892b5aaa0c7a146155f/clubes_2025/silhuetas/INT/FORMATO.png,0.0,4.0,15.0,10.0,8.0,19.0,3.0,2.0,7.0,,1.0,,1.0,,,,,,,,,Meia,0,0.0,Não Jogou,False
431,1,Matheus Donelli,0.0,4.42,23,5,3.08,Matheus Planelles Donelli,COR,6,False,matheus-donelli,107179,M. Donelli,264,https://s3.glbimg.com/v1/AUTH_58d78b787ec34892b5aaa0c7a146155f/clubes_2025/silhuetas/COR/FORMATO.png,0.0,1.0,,,,1.0,,,,1.0,,,,,,13.0,,6.0,,,,Goleiro,0,0.0,Não Jogou,False
432,1,Léo Linck,-0.22,6.76,23,2,4.45,Leonardo Matias Baiersdorf Linck,BOT,7,True,leo-linck,107183,L. Linck,263,https://s3.glbimg.com/v1/AUTH_58d78b787ec34892b5aaa0c7a146155f/clubes_2025/silhuetas/BOT/FORMATO.png,2.6,,,,,,,,,1.0,,,,,,3.0,,,,,,Goleiro,165,51.04,Regular,False
433,1,Magrão,0.0,3.44,23,2,2.9,Audenirton Soares da Silva,FOR,6,False,magrao,107221,Magrão,356,https://s3.glbimg.com/v1/AUTH_58d78b787ec34892b5aaa0c7a146155f/clubes_2025/silhuetas/FOR/FORMATO.png,0.0,,,,,,,,,,,,,,,6.0,,2.0,,,,Goleiro,0,0.0,Não Jogou,False
434,4,Danilo,-1.96,7.36,23,6,2.3,Danilo dos Santos de Oliveira,BOT,7,True,danilo,107231,Danilo,263,https://s3.glbimg.com/v1/AUTH_58d78b787ec34892b5aaa0c7a146155f/clubes_2025/silhuetas/BOT/FORMATO.png,-0.3,1.0,3.0,2.0,3.0,1.0,1.0,,,,,,,,,,,,,,,Meia,307,6.99,Ruim,False
435,2,Vanderlan,-0.74,5.04,23,7,3.53,Vanderlan Barbosa da Silva,RBB,7,True,vanderlan,107236,Vanderlan,280,https://s3.glbimg.com/v1/AUTH_58d78b787ec34892b5aaa0c7a146155f/clubes_2025/silhuetas/RBB/FORMATO.png,0.9,,13.0,12.0,1.0,6.0,,,,,1.0,,,,,,,,,,,Lateral,251,25.6,Regular,False
436,5,Ênio,-0.13,4.04,23,14,2.51,Sebastião Ênio Santos de Almeida,JUV,3,False,enio,107516,Ênio,286,https://s3.glbimg.com/v1/AUTH_58d78b787ec34892b5aaa0c7a146155f/clubes_2025/silhuetas/JUV/FORMATO.png,-1.0,3.0,6.0,4.0,6.0,23.0,1.0,5.0,3.0,,,,1.0,,,,,,,,,Atacante,0,0.0,Não Jogou,False
437,2,Natanael,0.5,8.56,23,21,5.17,Natanael Moreira Milouski,CAM,2,True,natanael,107554,Natanael,282,https://s3.glbimg.com/v1/AUTH_58d78b787ec34892b5aaa0c7a146155f/clubes_2025/silhuetas/CAM/FORMATO.png,5.7,1.0,35.0,18.0,8.0,17.0,1.0,2.0,4.0,7.0,,,,,,,,,,,,Lateral,76,77.23,Bom,False
438,1,Adriano,0.0,1.0,23,0,0.0,Antônio Adriano Nascimento de Sousa,SPT,6,False,adriano,107698,Adriano,292,https://s3.glbimg.com/v1/AUTH_58d78b787ec34892b5aaa0c7a146155f/clubes_2025/silhuetas/SPT/FORMATO.png,0.0,,,,,,,,,,,,,,,,,,,,,Goleiro,0,0.0,Não Jogou,False
439,5,Chrystian Barletta,0.02,6.07,23,21,3.76,Chrystian Amaral Barletta de Almeida,SPT,6,True,chrystian-barletta,107726,C. Barletta,292,https://s3.glbimg.com/v1/AUTH_58d78b787ec34892b5aaa0c7a146155f/clubes_2025/silhuetas/SPT/FORMATO.png,2.0,1.0,14.0,9.0,15.0,20.0,2.0,5.0,15.0,,,,2.0,,,,,,,,,Atacante,191,42.41,Regular,False
440,4,Praxedes,0.0,4.38,23,7,2.17,Bruno Conceição Praxedes,RBB,5,False,praxedes,107744,Praxedes,280,https://s3.glbimg.com/v1/AUTH_58d78b787ec34892b5aaa0c7a146155f/clubes_2025/silhuetas/RBB/FORMATO.png,0.0,1.0,4.0,5.0,6.0,9.0,,,2.0,,,,,,,,,,,,,Meia,0,0.0,Não Jogou,False
441,1,Adriel,0.0,3.0,23,0,0.0,Adriel Vasconcelos Ramos,GRE,6,False,adriel,107748,Adriel,284,https://s3.glbimg.com/v1/AUTH_58d78b787ec34892b5aaa0c7a146155f/clubes_2025/silhuetas/GRE/FORMATO.png,0.0,,,,,,,,,,,,,,,,,,,,,Goleiro,0,0.0,Não Jogou,False
442,3,Natã,0.0,2.43,23,2,1.35,Natã Felipe de Amorim Santos,JUV,5,False,nata,107801,Natã,286,https://s3.glbimg.com/v1/AUTH_58d78b787ec34892b5aaa0c7a146155f/clubes_2025/silhuetas/JUV/FORMATO.png,0.0,,2.0,1.0,,,,,,,,,,,,,,,,,,Zagueiro,0,0.0,Não Jogou,False
443,4,Pierre,0.06,3.73,23,2,0.95,Pierre Wagner Oliveira dos Santos,FOR,2,True,pierre,107812,Pierre,356,https://s3.glbimg.com/v1/AUTH_58d78b787ec34892b5aaa0c7a146155f/clubes_2025/silhuetas/FOR/FORMATO.png,1.7,1.0,2.0,2.0,,1.0,,,,,,,,,,,,,,,,Meia,205,38.39,Regular,False
444,1,Fintelman,0.0,2.0,23,0,0.0,Alexandre Fintelman de Mello Ribeiro da Silva,VIT,6,False,fintelman,107859,Fintelman,287,https://s3.glbimg.com/v1/AUTH_58d78b787ec34892b5aaa0c7a146155f/clubes_2025/silhuetas/VIT/FORMATO.png,0.0,,,,,,,,,,,,,,,,,,,,,Goleiro,0,0.0,Não Jogou,False
445,4,Bobadilla,0.0,5.79,23,17,4.27,Damián Josué Bobadilla Benítez,SAO,7,False,bobadilla,107873,Bobadilla,276,https://s3.glbimg.com/v1/AUTH_58d78b787ec34892b5aaa0c7a146155f/clubes_2025/silhuetas/SAO/FORMATO.png,0.0,2.0,30.0,18.0,5.0,8.0,2.0,1.0,5.0,,1.0,,,,,,,,,,,Meia,0,0.0,Não Jogou,False
446,2,Hugo,0.57,5.98,23,4,2.85,Hugo Ferreira de Farias,COR,6,True,hugo,107908,Hugo,264,https://s3.glbimg.com/v1/AUTH_58d78b787ec34892b5aaa0c7a146155f/clubes_2025/silhuetas/COR/FORMATO.png,4.7,,3.0,2.0,1.0,1.0,,,1.0,1.0,,,,,,,,,,,,Lateral,100,70.09,Regular,False
447,4,Fausto Vera,-0.41,6.67,23,10,2.98,Fausto Mariano Vera,CAM,7,True,fausto-vera,107950,F. Vera,282,https://s3.glbimg.com/v1/AUTH_58d78b787ec34892b5aaa0c7a146155f/clubes_2025/silhuetas/CAM/FORMATO.png,2.4,2.0,15.0,12.0,3.0,5.0,1.0,,,,,,,,,,,,,,,Meia,171,49.26,Regular,False
448,5,Carbonero,1.24,7.06,23,11,4.44,Johan Stiven Carbonero Balanta,INT,7,True,carbonero,107989,Carbonero,285,https://s3.glbimg.com/v1/AUTH_58d78b787ec34892b5aaa0c7a146155f/clubes_2025/silhuetas/INT/FORMATO.png,11.1,1.0,3.0,14.0,6.0,25.0,3.0,4.0,3.0,,,2.0,1.0,,,,,,,,,Atacante,16,95.54,Muito Bom,True
449,5,Isidro Pitta,0.0,7.9,23,16,3.72,Isidro Miguel Pitta Saldívar,RBB,5,False,isidro-pitta,108133,I. Pitta,280,https://s3.glbimg.com/v1/AUTH_58d78b787ec34892b5aaa0c7a146155f/clubes_2025/silhuetas/RBB/FORMATO.png,0.0,3.0,1.0,14.0,6.0,9.0,6.0,7.0,3.0,,1.0,,,,,,,,,,,Atacante,0,0.0,Não Jogou,False
450,3,Gabriel Lacerda,0.0,4.0,23,0,0.0,Gabriel Santos Cordeiro Lacerda,CEA,6,False,gabriel-lacerda,108176,G. Lacerda,354,https://s3.glbimg.com/v1/AUTH_58d78b787ec34892b5aaa0c7a146155f/clubes_2025/silhuetas/CEA/FORMATO.png,0.0,,,,,,,,,,,,,,,,,,,,,Zagueiro,0,0.0,Não Jogou,False
451,3,David Ricardo,-0.27,4.07,23,10,3.24,David Ricardo Loiola da Silva,BOT,6,True,david-ricardo,108274,D. Ricardo,263,https://s3.glbimg.com/v1/AUTH_58d78b787ec34892b5aaa0c7a146155f/clubes_2025/silhuetas/BOT/FORMATO.png,-0.3,1.0,5.0,9.0,2.0,4.0,1.0,,,4.0,,,,,1.0,,,,,,,Zagueiro,307,6.99,Ruim,False
452,3,Adonis Frías,-0.72,5.28,23,1,-0.3,Adonis Uriel Frías,SAN,6,True,adonis-frias,108469,A. Frías,277,https://s3.glbimg.com/v1/AUTH_58d78b787ec34892b5aaa0c7a146155f/clubes_2025/silhuetas/SAN/FORMATO.png,-0.3,,,1.0,,,,,,,,,,,,,,,,,,Zagueiro,307,6.99,Ruim,False
453,5,Santi Moreno,-0.9,6.44,23,3,2.5,Santiago Moreno,FLU,7,True,santi-moreno,108474,S. Moreno,266,https://s3.glbimg.com/v1/AUTH_58d78b787ec34892b5aaa0c7a146155f/clubes_2025/silhuetas/FLU/FORMATO.png,1.2,1.0,6.0,5.0,,2.0,,,,,,,,,,,,,,,,Atacante,239,28.42,Regular,False
454,5,Aravena,-0.16,3.61,23,14,2.33,Alexander Ernesto Aravena Guzmán,GRE,6,True,aravena,108548,Aravena,284,https://s3.glbimg.com/v1/AUTH_58d78b787ec34892b5aaa0c7a146155f/clubes_2025/silhuetas/GRE/FORMATO.png,0.0,1.0,6.0,4.0,4.0,5.0,2.0,1.0,1.0,,,,1.0,,,,,,,,,Atacante,278,13.99,Regular,False
455,5,Tapia,-0.02,5.55,23,7,2.76,Gonzalo Andrés Tapia Dubournais,SAO,3,True,tapia,108588,Tapia,276,https://s3.glbimg.com/v1/AUTH_58d78b787ec34892b5aaa0c7a146155f/clubes_2025/silhuetas/SAO/FORMATO.png,1.3,3.0,,7.0,4.0,6.0,2.0,2.0,2.0,,,,,,,,,,,,,Atacante,232,30.36,Regular,False
456,5,Garré,0.0,1.83,23,8,0.02,Benjamín Antonio Garré,VAS,6,False,garre,108671,Garré,267,https://s3.glbimg.com/v1/AUTH_58d78b787ec34892b5aaa0c7a146155f/clubes_2025/silhuetas/VAS/FORMATO.png,0.0,1.0,1.0,6.0,,3.0,,,,,,,,,,,,,,,,Atacante,0,0.0,Não Jogou,False
457,4,Emiliano Martínez,0.0,5.47,23,16,3.43,Emiliano Martínez Toranza,PAL,6,False,emiliano-martinez,108683,E. Martínez,275,https://s3.glbimg.com/v1/AUTH_58d78b787ec34892b5aaa0c7a146155f/clubes_2025/silhuetas/PAL/FORMATO.png,0.0,2.0,29.0,18.0,4.0,8.0,1.0,,3.0,,,,,,,,,,,,,Meia,0,0.0,Não Jogou,False
458,5,Galeano,1.47,7.58,23,20,5.5,Antonio Javier Galeano Ferreira,CEA,7,True,galeano,108713,Galeano,354,https://s3.glbimg.com/v1/AUTH_58d78b787ec34892b5aaa0c7a146155f/clubes_2025/silhuetas/CEA/FORMATO.png,11.5,1.0,22.0,15.0,7.0,35.0,5.0,7.0,6.0,,2.0,,1.0,,,,,,,,,Atacante,11,96.58,Muito Bom,True
459,5,Plata,-0.37,6.97,23,15,4.66,Gonzalo Jordy Plata Jiménez,FLA,7,True,plata,109096,Plata,262,https://s3.glbimg.com/v1/AUTH_58d78b787ec34892b5aaa0c7a146155f/clubes_2025/silhuetas/FLA/FORMATO.png,1.5,,20.0,13.0,5.0,10.0,3.0,2.0,5.0,,1.0,,,,,,,,,,,Atacante,216,34.52,Regular,False
460,5,Erick Pulga,0.0,8.61,23,16,6.08,Erick da Costa Farias,BAH,6,False,erick-pulga,109401,E. Pulga,265,https://s3.glbimg.com/v1/AUTH_58d78b787ec34892b5aaa0c7a146155f/clubes_2025/silhuetas/BAH/FORMATO.png,0.0,3.0,24.0,12.0,19.0,32.0,2.0,3.0,5.0,,3.0,,,,,,,,,,,Atacante,0,0.0,Não Jogou,False
461,2,Weverson,0.0,2.29,23,3,0.43,Weverson Moreira da Costa,FOR,6,False,weverson,109426,Weverson,356,https://s3.glbimg.com/v1/AUTH_58d78b787ec34892b5aaa0c7a146155f/clubes_2025/silhuetas/FOR/FORMATO.png,0.0,,1.0,5.0,1.0,1.0,,,,,,,,,,,,,,,,Lateral,0,0.0,Não Jogou,False
462,4,Martinelli,0.0,5.87,23,19,2.6,Matheus Martinelli Lima,FLU,6,False,martinelli,109573,Martinelli,266,https://s3.glbimg.com/v1/AUTH_58d78b787ec34892b5aaa0c7a146155f/clubes_2025/silhuetas/FLU/FORMATO.png,0.0,4.0,20.0,23.0,2.0,23.0,1.0,1.0,2.0,,1.0,,1.0,,,,,,1.0,,,Meia,0,0.0,Não Jogou,False
463,5,Batalla,0.0,6.75,23,19,4.16,Emerson Geovanny Batalla Martínez - Enmerson,JUV,7,False,batalla,109899,Batalla,286,https://s3.glbimg.com/v1/AUTH_58d78b787ec34892b5aaa0c7a146155f/clubes_2025/silhuetas/JUV/FORMATO.png,0.0,3.0,15.0,15.0,7.0,29.0,4.0,1.0,6.0,,1.0,,,,,,,,,,,Atacante,0,0.0,Não Jogou,False
464,4,Monsalve,0.0,3.55,23,8,1.41,Miguel Ángel Monsalve Gonzáles - González,GRE,5,False,monsalve,109966,Monsalve,284,https://s3.glbimg.com/v1/AUTH_58d78b787ec34892b5aaa0c7a146155f/clubes_2025/silhuetas/GRE/FORMATO.png,0.0,2.0,3.0,9.0,1.0,9.0,,,1.0,,1.0,,,,,,,,,,,Meia,0,0.0,Não Jogou,False
465,4,João Neto,0.0,1.0,23,0,0.0,João Roberto Rota Neto,RBB,6,False,joao-neto,110062,J. Neto,280,https://s3.glbimg.com/v1/AUTH_58d78b787ec34892b5aaa0c7a146155f/clubes_2025/silhuetas/RBB/FORMATO.png,0.0,,,,,,,,,,,,,,,,,,,,,Meia,0,0.0,Não Jogou,False
466,4,José Martínez,0.0,4.17,23,14,2.28,José Andrés Martínez Torres,COR,6,False,jose-martinez,110311,J. Martínez,264,https://s3.glbimg.com/v1/AUTH_58d78b787ec34892b5aaa0c7a146155f/clubes_2025/silhuetas/COR/FORMATO.png,0.0,7.0,15.0,11.0,3.0,22.0,,1.0,2.0,,1.0,,,,,,,,1.0,,,Meia,0,0.0,Não Jogou,False
467,2,Bernabéi,0.0,12.97,23,16,5.88,Alexandro Ezequiel Bernabéi,INT,7,False,bernabei,110426,Bernabéi,285,https://s3.glbimg.com/v1/AUTH_58d78b787ec34892b5aaa0c7a146155f/clubes_2025/silhuetas/INT/FORMATO.png,0.0,3.0,38.0,28.0,7.0,14.0,,1.0,5.0,2.0,4.0,,,,,,,,,,,Lateral,0,0.0,Não Jogou,False
468,6,Abel Ferreira,0.72,12.58,23,21,6.61,Abel Fernando Moreira Ferreira,PAL,7,True,abel-ferreira,110506,A. Ferreira,275,https://s3.glbimg.com/v1/AUTH_58d78b787ec34892b5aaa0c7a146155f/clubes_2025/silhuetas/PAL/FORMATO.png,8.82,,,,,,,,,,,,,14.0,,,,,,,,Técnico,40,88.39,Bom,False
469,2,Aguirre,0.23,7.75,23,20,4.62,Braian Aguirre Nahuel,INT,7,True,aguirre,110510,Aguirre,285,https://s3.glbimg.com/v1/AUTH_58d78b787ec34892b5aaa0c7a146155f/clubes_2025/silhuetas/INT/FORMATO.png,4.2,2.0,42.0,23.0,5.0,2.0,1.0,2.0,2.0,4.0,,,1.0,,,,,,,,,Lateral,119,64.43,Regular,False
470,4,Yeison Guzmán,0.0,4.0,23,0,0.0,Yeison Estiven Guzmán Gómez,FOR,2,False,yeison-guzman,110542,Y. Guzmán,356,https://s3.glbimg.com/v1/AUTH_58d78b787ec34892b5aaa0c7a146155f/clubes_2025/silhuetas/FOR/FORMATO.png,0.0,,,,,,,,,,,,,,,,,,,,,Meia,0,0.0,Não Jogou,False
471,6,Rodrigo Chagas,-0.76,9.88,23,2,5.49,Rodrigo José Queiroz das Chagas,VIT,7,True,rodrigo-chagas,110703,R. Chagas,287,https://s3.glbimg.com/v1/AUTH_58d78b787ec34892b5aaa0c7a146155f/clubes_2025/silhuetas/VIT/FORMATO.png,2.25,,,,,,,,,,,,,1.0,,,,,,,,Técnico,180,46.73,Regular,False
472,2,Andrés Hurtado,-0.42,6.55,23,17,4.24,José Andrés Hurtado Cheme,RBB,6,True,andres-hurtado,110715,A. Hurtado,280,https://s3.glbimg.com/v1/AUTH_58d78b787ec34892b5aaa0c7a146155f/clubes_2025/silhuetas/RBB/FORMATO.png,0.0,2.0,25.0,18.0,5.0,4.0,1.0,,1.0,6.0,,,,,1.0,,,,,,,Lateral,278,13.99,Regular,False
473,3,Gustavo Marques,0.0,4.05,23,6,1.73,Gustavo Marques Alves dos Santos,RBB,7,False,gustavo-marques,110750,G. Marques,280,https://s3.glbimg.com/v1/AUTH_58d78b787ec34892b5aaa0c7a146155f/clubes_2025/silhuetas/RBB/FORMATO.png,0.0,,4.0,3.0,2.0,7.0,,,1.0,,,,,,,,,,1.0,,,Zagueiro,0,0.0,Não Jogou,False
474,5,John Kennedy,-0.72,5.85,23,4,0.48,John Kennedy Batista de Souza,FLU,6,True,john-kennedy,110759,J. Kennedy,266,https://s3.glbimg.com/v1/AUTH_58d78b787ec34892b5aaa0c7a146155f/clubes_2025/silhuetas/FLU/FORMATO.png,1.3,,,1.0,1.0,3.0,,1.0,,,,,,,,,,,,,,Atacante,232,30.36,Regular,False
475,5,Biel,0.0,6.46,23,6,2.68,Gabriel Teixeira Aragão,CAM,6,False,biel,110760,Biel,282,https://s3.glbimg.com/v1/AUTH_58d78b787ec34892b5aaa0c7a146155f/clubes_2025/silhuetas/CAM/FORMATO.png,0.0,,3.0,2.0,5.0,4.0,,,1.0,,1.0,,,,,,,,,,,Atacante,0,0.0,Não Jogou,False
476,2,Guilherme Lopes,0.0,6.37,23,9,3.82,Guilherme Lopes de Almeida,RBB,6,False,guilherme-lopes,110909,G. Lopes,280,https://s3.glbimg.com/v1/AUTH_58d78b787ec34892b5aaa0c7a146155f/clubes_2025/silhuetas/RBB/FORMATO.png,0.0,2.0,10.0,6.0,2.0,3.0,1.0,,,2.0,1.0,,,,,,,,,,1.0,Lateral,0,0.0,Não Jogou,False
477,4,Rodrigo Santos,1.19,2.09,23,2,2.25,Rodrigo Oliveira dos Santos,FOR,6,True,rodrigo-santos,111156,R. Santos,356,https://s3.glbimg.com/v1/AUTH_58d78b787ec34892b5aaa0c7a146155f/clubes_2025/silhuetas/FOR/FORMATO.png,4.5,,3.0,,,,,,,,,,,,,,,,,,,Meia,108,66.96,Regular,False
478,3,Alix Vinicius,0.0,4.0,23,0,0.0,Alix Vinicius de Souza Sampaio,RBB,6,False,alix-vinicius,111246,A. Vinicius,280,https://s3.glbimg.com/v1/AUTH_58d78b787ec34892b5aaa0c7a146155f/clubes_2025/silhuetas/RBB/FORMATO.png,0.0,,,,,,,,,,,,,,,,,,,,,Zagueiro,0,0.0,Não Jogou,False
479,3,Gustavo Martins,-0.35,8.37,23,7,5.07,Gustavo Martins de Souza Santos,GRE,6,True,gustavo-martins,111309,G. Martins,284,https://s3.glbimg.com/v1/AUTH_58d78b787ec34892b5aaa0c7a146155f/clubes_2025/silhuetas/GRE/FORMATO.png,1.2,2.0,11.0,10.0,1.0,1.0,1.0,1.0,4.0,2.0,,,,,,,,,,,,Zagueiro,239,28.42,Regular,False
480,4,Luis Mandaca,-0.85,6.9,23,20,4.86,Luis Gustavo da Silva Machado Duarte,JUV,7,True,luis-mandaca,111407,L. Mandaca,286,https://s3.glbimg.com/v1/AUTH_58d78b787ec34892b5aaa0c7a146155f/clubes_2025/silhuetas/JUV/FORMATO.png,2.1,1.0,37.0,31.0,12.0,33.0,2.0,2.0,6.0,,,,1.0,,,,,,,,,Meia,186,44.49,Regular,False
481,3,Renzo,0.0,3.0,23,0,0.0,Renzo Azevedo Pimentel de Moura,SPT,6,False,renzo,111465,Renzo,292,https://s3.glbimg.com/v1/AUTH_58d78b787ec34892b5aaa0c7a146155f/clubes_2025/silhuetas/SPT/FORMATO.png,0.0,,,,,,,,,,,,,,,,,,,,,Zagueiro,0,0.0,Não Jogou,False
482,3,Victor Gabriel,-0.36,9.48,23,9,5.8,Victor Gabriel da Conceição Ribeiro,INT,7,True,victor-gabriel,111466,V. Gabriel,285,https://s3.glbimg.com/v1/AUTH_58d78b787ec34892b5aaa0c7a146155f/clubes_2025/silhuetas/INT/FORMATO.png,1.9,,17.0,12.0,2.0,3.0,2.0,,1.0,2.0,,,,,,,,,,,,Zagueiro,199,40.33,Regular,False
483,1,Gabriel Átila,0.0,1.0,23,0,0.0,Gabriel Átila Cardoso da Silva,CAM,6,False,gabriel-atila,111582,G. Átila,282,https://s3.glbimg.com/v1/AUTH_58d78b787ec34892b5aaa0c7a146155f/clubes_2025/silhuetas/CAM/FORMATO.png,0.0,,,,,,,,,,,,,,,,,,,,,Goleiro,0,0.0,Não Jogou,False
484,3,Micael,0.0,4.18,23,9,2.19,Micael dos Santos Silva,PAL,6,False,micael,111594,Micael,275,https://s3.glbimg.com/v1/AUTH_58d78b787ec34892b5aaa0c7a146155f/clubes_2025/silhuetas/PAL/FORMATO.png,0.0,2.0,6.0,15.0,,2.0,,,1.0,3.0,,,,,,,,,,,,Zagueiro,0,0.0,Não Jogou,False
485,4,Adson,0.0,3.01,23,9,0.85,Adson Ferreira Soares,VAS,5,False,adson,111682,Adson,267,https://s3.glbimg.com/v1/AUTH_58d78b787ec34892b5aaa0c7a146155f/clubes_2025/silhuetas/VAS/FORMATO.png,0.0,,3.0,1.0,,2.0,,,2.0,,,,,,,,,,,,,Meia,0,0.0,Não Jogou,False
486,1,Anthoni,0.0,3.31,23,13,1.43,Anthoni Spier Souza,INT,6,False,anthoni,111683,Anthoni,285,https://s3.glbimg.com/v1/AUTH_58d78b787ec34892b5aaa0c7a146155f/clubes_2025/silhuetas/INT/FORMATO.png,0.0,,,,,2.0,,,,2.0,,,,,,22.0,,21.0,,,,Goleiro,0,0.0,Não Jogou,False
487,1,Matheus Cunha,0.0,5.0,23,0,0.0,Matheus Cunha Queiroz,FLA,6,False,matheus-cunha,111690,M. Cunha,262,https://s3.glbimg.com/v1/AUTH_58d78b787ec34892b5aaa0c7a146155f/clubes_2025/silhuetas/FLA/FORMATO.png,0.0,,,,,,,,,,,,,,,,,,,,,Goleiro,0,0.0,Não Jogou,False
488,4,Ryan Guilherme,0.0,3.0,23,0,0.0,Ryan Guilherme da Silva Pae,CRU,6,False,ryan-guilherme,111757,R. Guilherme,283,https://s3.glbimg.com/v1/AUTH_58d78b787ec34892b5aaa0c7a146155f/clubes_2025/silhuetas/CRU/FORMATO.png,0.0,,,,,,,,,,,,,,,,,,,,,Meia,0,0.0,Não Jogou,False
489,4,Fabinho,0.0,3.51,23,19,1.89,Fábio Silva de Freitas,RBB,7,False,fabinho,111760,Fabinho,280,https://s3.glbimg.com/v1/AUTH_58d78b787ec34892b5aaa0c7a146155f/clubes_2025/silhuetas/RBB/FORMATO.png,0.0,1.0,16.0,15.0,5.0,12.0,,,2.0,,1.0,,,,,,,,,,,Meia,0,0.0,Não Jogou,False
490,5,Kayky,0.43,3.54,23,16,1.95,Kayky da Silva Chagas,BAH,7,True,kayky,111829,Kayky,265,https://s3.glbimg.com/v1/AUTH_58d78b787ec34892b5aaa0c7a146155f/clubes_2025/silhuetas/BAH/FORMATO.png,4.2,1.0,6.0,5.0,2.0,7.0,1.0,1.0,4.0,,1.0,2.0,,,,,,,,,,Atacante,119,64.43,Regular,False
491,5,Matheus Martins,0.09,5.97,23,9,3.53,Matheus Martins Silva dos Santos,BOT,6,True,matheus-martins,111831,M. Martins,263,https://s3.glbimg.com/v1/AUTH_58d78b787ec34892b5aaa0c7a146155f/clubes_2025/silhuetas/BOT/FORMATO.png,2.8,1.0,7.0,6.0,2.0,12.0,1.0,,7.0,,,,,,,,,,,,,Atacante,156,53.27,Regular,False
492,2,Jefté,0.0,6.51,23,1,5.5,Jefté Vital da Silva Dias,PAL,6,False,jefte,111832,Jefté,275,https://s3.glbimg.com/v1/AUTH_58d78b787ec34892b5aaa0c7a146155f/clubes_2025/silhuetas/PAL/FORMATO.png,0.0,,,,,1.0,,,,1.0,,,,,,,,,,,,Lateral,0,0.0,Não Jogou,False
493,5,Renzo López,0.93,5.89,23,9,2.54,Renzo López Patrón,VIT,6,True,renzo-lopez,111951,R. López,287,https://s3.glbimg.com/v1/AUTH_58d78b787ec34892b5aaa0c7a146155f/clubes_2025/silhuetas/VIT/FORMATO.png,7.0,2.0,5.0,8.0,3.0,6.0,1.0,2.0,3.0,,,,1.0,,,,,,,,,Atacante,55,83.78,Bom,False
494,1,Gabriel Grando,0.0,3.83,23,0,-3.0,Gabriel Hamester Grando,GRE,6,False,gabriel-grando,112616,G. Grando,284,https://s3.glbimg.com/v1/AUTH_58d78b787ec34892b5aaa0c7a146155f/clubes_2025/silhuetas/GRE/FORMATO.png,0.0,,,,,,,,,,,,,,1.0,,,,,,,Goleiro,0,0.0,Não Jogou,False
495,2,Kaiki Bruno,-0.7,10.82,23,21,7.81,Kaiki Bruno da Silva,CRU,7,True,kaiki-bruno,112709,K. Bruno,283,https://s3.glbimg.com/v1/AUTH_58d78b787ec34892b5aaa0c7a146155f/clubes_2025/silhuetas/CRU/FORMATO.png,7.2,6.0,59.0,42.0,11.0,26.0,,,6.0,10.0,3.0,,,,,,,,,,,Lateral,54,84.23,Bom,False
496,5,Ramón Sosa,-0.33,5.58,23,9,1.82,Ramón Sosa Acosta,PAL,6,True,ramon-sosa,112863,R. Sosa,275,https://s3.glbimg.com/v1/AUTH_58d78b787ec34892b5aaa0c7a146155f/clubes_2025/silhuetas/PAL/FORMATO.png,0.0,,,3.0,4.0,4.0,,1.0,1.0,,2.0,1.0,,,,,,,,,,Atacante,278,13.99,Regular,False
497,4,Aníbal Moreno,0.39,5.27,23,16,2.77,Aníbal Ismael Moreno,PAL,7,True,anibal-moreno,112869,A. Moreno,275,https://s3.glbimg.com/v1/AUTH_58d78b787ec34892b5aaa0c7a146155f/clubes_2025/silhuetas/PAL/FORMATO.png,6.0,3.0,29.0,12.0,5.0,4.0,,,1.0,,,,,,,,,,,,,Meia,68,79.91,Bom,False
498,5,Lucas Barbosa,1.5,8.62,23,20,4.42,Lucas Henrique Barbosa,RBB,7,True,lucas-barbosa,112886,L. Barbosa,280,https://s3.glbimg.com/v1/AUTH_58d78b787ec34892b5aaa0c7a146155f/clubes_2025/silhuetas/RBB/FORMATO.png,10.3,4.0,33.0,37.0,15.0,23.0,1.0,6.0,11.0,,2.0,,1.0,,1.0,,,,,,,Atacante,22,93.6,Muito Bom,True
499,4,Sforza,0.0,4.54,23,2,0.85,Juan Sebastián Sforza,JUV,6,False,sforza,112906,Sforza,286,https://s3.glbimg.com/v1/AUTH_58d78b787ec34892b5aaa0c7a146155f/clubes_2025/silhuetas/JUV/FORMATO.png,0.0,,1.0,1.0,,1.0,,,,,,,,,,,,,,,,Meia,0,0.0,Não Jogou,False
500,3,Freytes,0.0,4.43,23,18,2.57,Juan Pablo Freytes,FLU,6,False,freytes,113034,Freytes,266,https://s3.glbimg.com/v1/AUTH_58d78b787ec34892b5aaa0c7a146155f/clubes_2025/silhuetas/FLU/FORMATO.png,0.0,3.0,11.0,10.0,9.0,8.0,,1.0,3.0,4.0,,1.0,1.0,,1.0,,,,,,,Zagueiro,0,0.0,Não Jogou,False
501,2,Mancuso,0.83,8.53,23,13,4.46,Eros Nazareno Mancuso,FOR,7,True,mancuso,113078,Mancuso,356,https://s3.glbimg.com/v1/AUTH_58d78b787ec34892b5aaa0c7a146155f/clubes_2025/silhuetas/FOR/FORMATO.png,11.4,2.0,20.0,11.0,5.0,14.0,,1.0,2.0,3.0,1.0,,,,,,,,,,,Lateral,15,95.83,Muito Bom,True
502,5,Flaco López,0.02,9.56,23,19,5.87,José Manuel Alberto López,PAL,7,True,flaco-lopez,113103,F. López,275,https://s3.glbimg.com/v1/AUTH_58d78b787ec34892b5aaa0c7a146155f/clubes_2025/silhuetas/PAL/FORMATO.png,4.5,3.0,20.0,27.0,23.0,33.0,6.0,6.0,7.0,,,2.0,,,,,,,,,,Atacante,108,66.96,Regular,False
503,2,Nathan Mendes,-0.32,4.65,23,11,2.49,Nathan Gabriel de Souza Mendes,RBB,7,True,nathan-mendes,113157,N. Mendes,280,https://s3.glbimg.com/v1/AUTH_58d78b787ec34892b5aaa0c7a146155f/clubes_2025/silhuetas/RBB/FORMATO.png,1.9,2.0,9.0,6.0,1.0,12.0,,1.0,,1.0,1.0,1.0,,,,,,,,,,Lateral,199,40.33,Regular,False
504,5,Marquinhos,0.0,3.69,23,14,1.37,Marcus Vinícius Oliveira Alencar,CRU,6,False,marquinhos,113158,Marquinhos,283,https://s3.glbimg.com/v1/AUTH_58d78b787ec34892b5aaa0c7a146155f/clubes_2025/silhuetas/CRU/FORMATO.png,0.0,1.0,7.0,4.0,6.0,7.0,,,2.0,,,,,,,,,,,,,Atacante,0,0.0,Não Jogou,False
505,4,Pablo Maia,0.8,5.21,23,14,2.02,Pablo Gonçalves Maia Fortunato,SAO,7,True,pablo-maia,113359,P. Maia,276,https://s3.glbimg.com/v1/AUTH_58d78b787ec34892b5aaa0c7a146155f/clubes_2025/silhuetas/SAO/FORMATO.png,5.5,2.0,12.0,15.0,1.0,12.0,1.0,,,,,,1.0,,,,,,1.0,,,Meia,81,75.6,Bom,False
506,5,Cristian Olivera,-0.14,9.01,23,15,5.05,Cristian Gonzalo Olivera Ibarra,GRE,7,True,cristian-olivera,113397,C. Olivera,284,https://s3.glbimg.com/v1/AUTH_58d78b787ec34892b5aaa0c7a146155f/clubes_2025/silhuetas/GRE/FORMATO.png,2.8,2.0,23.0,19.0,8.0,21.0,3.0,3.0,7.0,,,,,,,,,,,,,Atacante,156,53.27,Regular,False
507,1,Diógenes,1.3,3.3,23,1,3.9,Diógenes Vinícius da Silva,SAN,2,True,diogenes,113690,Diógenes,277,https://s3.glbimg.com/v1/AUTH_58d78b787ec34892b5aaa0c7a146155f/clubes_2025/silhuetas/SAN/FORMATO.png,3.9,,,,,,,,,,,,,,,3.0,,,,,,Goleiro,126,62.35,Regular,False
508,3,Gamarra,0.0,4.83,23,2,2.35,Mateo Gamarra González,CRU,6,False,gamarra,114334,Gamarra,283,https://s3.glbimg.com/v1/AUTH_58d78b787ec34892b5aaa0c7a146155f/clubes_2025/silhuetas/CRU/FORMATO.png,0.0,,4.0,1.0,,,,,,,,,,,,,,,1.0,,,Zagueiro,0,0.0,Não Jogou,False
509,5,Sinisterra,2.33,9.52,23,2,5.5,Luis Fernando Sinisterra Lucumí,CRU,6,True,sinisterra,114405,Sinisterra,283,https://s3.glbimg.com/v1/AUTH_58d78b787ec34892b5aaa0c7a146155f/clubes_2025/silhuetas/CRU/FORMATO.png,11.0,,2.0,,,,1.0,,,,,,,,,,,,,,,Atacante,17,95.09,Muito Bom,True
510,3,Cleiton,0.0,4.72,23,1,5.0,Cleiton Santana dos Santos,FLA,6,False,cleiton,114790,Cleiton,262,https://s3.glbimg.com/v1/AUTH_58d78b787ec34892b5aaa0c7a146155f/clubes_2025/silhuetas/FLA/FORMATO.png,0.0,,,,,,,,,1.0,,,,,,,,,,,,Zagueiro,0,0.0,Não Jogou,False
511,5,Vitor Roque,2.09,14.79,23,20,7.43,Vitor Hugo Roque Ferreira,PAL,7,True,vitor-roque,114802,V. Roque,275,https://s3.glbimg.com/v1/AUTH_58d78b787ec34892b5aaa0c7a146155f/clubes_2025/silhuetas/PAL/FORMATO.png,25.9,2.0,22.0,22.0,11.0,44.0,8.0,11.0,13.0,,3.0,,,,,,,,,,,Atacante,1,100.0,Excelente,True
512,5,Matheus França,0.0,8.55,23,1,1.2,Matheus França de Oliveira,VAS,6,False,matheus-franca,115100,M. França,267,https://s3.glbimg.com/v1/AUTH_58d78b787ec34892b5aaa0c7a146155f/clubes_2025/silhuetas/VAS/FORMATO.png,0.0,,,,,,,,1.0,,,,,,,,,,,,,Atacante,0,0.0,Não Jogou,False
513,3,Lucas Freitas,-0.39,3.75,23,16,2.24,Lucas de Freitas Molarinho Chagas,VAS,3,True,lucas-freitas,115141,L. Freitas,267,https://s3.glbimg.com/v1/AUTH_58d78b787ec34892b5aaa0c7a146155f/clubes_2025/silhuetas/VAS/FORMATO.png,-1.3,2.0,11.0,13.0,3.0,10.0,1.0,,,2.0,,1.0,,,,,,,1.0,,,Zagueiro,332,1.49,Ruim,False
514,4,Jhon Jhon,-0.34,7.83,23,21,4.69,Jhonatan dos Santos Rosa,RBB,7,True,jhon-jhon,115248,J. Jhon,280,https://s3.glbimg.com/v1/AUTH_58d78b787ec34892b5aaa0c7a146155f/clubes_2025/silhuetas/RBB/FORMATO.png,4.7,4.0,16.0,17.0,9.0,37.0,4.0,2.0,7.0,,3.0,,1.0,,,,,,,,,Meia,100,70.09,Regular,False
515,3,Marcos Victor,-0.28,4.84,23,4,3.45,Marcos Victor Ferreira da Silva,CEA,7,True,marcos-victor,115537,M. Victor,354,https://s3.glbimg.com/v1/AUTH_58d78b787ec34892b5aaa0c7a146155f/clubes_2025/silhuetas/CEA/FORMATO.png,1.4,,5.0,3.0,1.0,3.0,,1.0,,1.0,,,,,,,,,,,,Zagueiro,227,32.14,Regular,False
516,4,Rodriguinho,-1.1,1.58,23,4,-0.65,Rodrigo Henrique Santos de Souza,CEA,3,True,rodriguinho,115563,Rodriguinho,354,https://s3.glbimg.com/v1/AUTH_58d78b787ec34892b5aaa0c7a146155f/clubes_2025/silhuetas/CEA/FORMATO.png,-2.8,,,3.0,1.0,1.0,,,,,,,,,1.0,,,,,,,Meia,336,0.3,Ruim,False
517,5,Emerson Galego,0.0,3.01,23,2,1.25,Emerson Mendes de Carvalho,JUV,6,False,emerson-galego,115586,E. Galego,286,https://s3.glbimg.com/v1/AUTH_58d78b787ec34892b5aaa0c7a146155f/clubes_2025/silhuetas/JUV/FORMATO.png,0.0,,1.0,,,2.0,,,,,,,,,,,,,,,,Atacante,0,0.0,Não Jogou,False
518,2,Marcos Paulo,0.0,3.48,23,10,2.08,Marcos Paulo Lima Batista Silva,JUV,6,False,marcos-paulo,115594,M. Paulo,286,https://s3.glbimg.com/v1/AUTH_58d78b787ec34892b5aaa0c7a146155f/clubes_2025/silhuetas/JUV/FORMATO.png,0.0,4.0,13.0,13.0,1.0,4.0,,,2.0,1.0,,,,,,,,,1.0,,,Lateral,0,0.0,Não Jogou,False
519,1,Gabriel Delfim,0.0,2.55,23,1,1.9,Gabriel Delfim Ferreira,CAM,6,False,gabriel-delfim,115674,G. Delfim,282,https://s3.glbimg.com/v1/AUTH_58d78b787ec34892b5aaa0c7a146155f/clubes_2025/silhuetas/CAM/FORMATO.png,0.0,,,,,,,,,,,,,,,3.0,,2.0,,,,Goleiro,0,0.0,Não Jogou,False
520,4,Evertton Araújo,0.0,4.25,23,11,2.65,Everton Gustavo Fernandes Araújo,FLA,6,False,evertton-araujo,115914,E. Araújo,262,https://s3.glbimg.com/v1/AUTH_58d78b787ec34892b5aaa0c7a146155f/clubes_2025/silhuetas/FLA/FORMATO.png,0.0,1.0,11.0,13.0,1.0,8.0,1.0,,4.0,,,,,,,,,,,,,Meia,0,0.0,Não Jogou,False
521,4,Victor Hugo,0.29,4.52,23,2,2.2,Victor Hugo Gomes Silva,SAN,7,True,victor-hugo,116034,V. Hugo,277,https://s3.glbimg.com/v1/AUTH_58d78b787ec34892b5aaa0c7a146155f/clubes_2025/silhuetas/SAN/FORMATO.png,2.9,,2.0,1.0,,1.0,,,1.0,,,,,,,,,,,,,Meia,153,54.46,Regular,False
522,2,Cuiabano,-0.41,9.32,23,14,6.05,Luís Eduardo Soares da Silva,BOT,6,True,cuiabano,116065,Cuiabano,263,https://s3.glbimg.com/v1/AUTH_58d78b787ec34892b5aaa0c7a146155f/clubes_2025/silhuetas/BOT/FORMATO.png,1.9,2.0,13.0,11.0,4.0,12.0,2.0,1.0,2.0,7.0,1.0,,1.0,,,,,,,,,Lateral,199,40.33,Regular,False
523,1,Thiago Beltrame,0.0,1.0,23,0,0.0,Thiago Beltrame Stallbaum,GRE,6,False,thiago-beltrame,116067,T. Beltrame,284,https://s3.glbimg.com/v1/AUTH_58d78b787ec34892b5aaa0c7a146155f/clubes_2025/silhuetas/GRE/FORMATO.png,0.0,,,,,,,,,,,,,,,,,,,,,Goleiro,0,0.0,Não Jogou,False
524,4,Hércules,0.0,6.17,23,17,2.9,Hércules Pereira do Nascimento,FLU,6,False,hercules,116447,Hércules,266,https://s3.glbimg.com/v1/AUTH_58d78b787ec34892b5aaa0c7a146155f/clubes_2025/silhuetas/FLU/FORMATO.png,0.0,1.0,18.0,20.0,6.0,6.0,2.0,,2.0,,,,1.0,,,,,,,,,Meia,0,0.0,Não Jogou,False
525,2,Jamerson,0.0,7.87,23,12,5.15,Jamerson Santos de Jesus,VIT,5,False,jamerson,116461,Jamerson,287,https://s3.glbimg.com/v1/AUTH_58d78b787ec34892b5aaa0c7a146155f/clubes_2025/silhuetas/VIT/FORMATO.png,0.0,,20.0,8.0,6.0,7.0,,1.0,5.0,2.0,2.0,,,,,,,,,,,Lateral,0,0.0,Não Jogou,False
526,3,Lucas Gazal,0.0,3.0,23,0,0.0,Lucas Xavier Gazal,FOR,6,False,lucas-gazal,116589,L. Gazal,356,https://s3.glbimg.com/v1/AUTH_58d78b787ec34892b5aaa0c7a146155f/clubes_2025/silhuetas/FOR/FORMATO.png,0.0,,,,,,,,,,,,,,,,,,,,,Zagueiro,0,0.0,Não Jogou,False
527,5,Andrés Gómez,0.44,9.27,23,2,4.9,Carlos Andrés Gómez Hinestroza,VAS,6,True,andres-gomez,116706,A. Gómez,267,https://s3.glbimg.com/v1/AUTH_58d78b787ec34892b5aaa0c7a146155f/clubes_2025/silhuetas/VAS/FORMATO.png,5.2,1.0,,4.0,2.0,1.0,,1.0,,,2.0,,,,,,,,,,,Atacante,92,72.77,Bom,False
528,3,Gabriel Knesowitsch,0.0,4.63,23,3,3.8,Gabriel Knesowitsch,MIR,6,False,gabriel-knesowitsch,117061,G. Knesowitsch,2305,https://s3.glbimg.com/v1/AUTH_58d78b787ec34892b5aaa0c7a146155f/clubes_2025/silhuetas/MIR/FORMATO.png,0.0,,2.0,,,2.0,,,2.0,1.0,,,,,,,,,,,,Zagueiro,0,0.0,Não Jogou,False
529,5,Thiago Borbas,0.0,2.98,23,11,1.58,Thiago Nicolás Borbas Silva,RBB,6,False,thiago-borbas,117314,T. Borbas,280,https://s3.glbimg.com/v1/AUTH_58d78b787ec34892b5aaa0c7a146155f/clubes_2025/silhuetas/RBB/FORMATO.png,0.0,3.0,2.0,6.0,3.0,5.0,1.0,,1.0,,1.0,,,,,,,,,,,Atacante,0,0.0,Não Jogou,False
530,3,Robert Renan,0.18,7.18,23,1,2.3,Robert Renan Alves Barbosa,VAS,7,True,robert-renan,117330,R. Renan,267,https://s3.glbimg.com/v1/AUTH_58d78b787ec34892b5aaa0c7a146155f/clubes_2025/silhuetas/VAS/FORMATO.png,2.3,,1.0,,1.0,,,,,,,,,,,,,,,,,Zagueiro,173,47.92,Regular,False
531,3,Cipriano,0.0,1.82,23,2,-2.3,João Luiz da Silva Cipriano,JUV,6,False,cipriano,117336,Cipriano,286,https://s3.glbimg.com/v1/AUTH_58d78b787ec34892b5aaa0c7a146155f/clubes_2025/silhuetas/JUV/FORMATO.png,0.0,1.0,,2.0,,,,,,,,,,,1.0,,,,,,,Zagueiro,0,0.0,Não Jogou,False
532,5,Renato Marques,0.0,3.0,23,0,0.0,Renato Marques de Oliveira Júnior,MIR,6,False,renato-marques,117403,R. Marques,2305,https://s3.glbimg.com/v1/AUTH_58d78b787ec34892b5aaa0c7a146155f/clubes_2025/silhuetas/MIR/FORMATO.png,0.0,,,,,,,,,,,,,,,,,,,,,Atacante,0,0.0,Não Jogou,False
533,1,Otávio,0.0,1.0,23,0,0.0,Otávio Eleodoro Rezende Costa,CRU,6,False,otavio,117404,Otávio,283,https://s3.glbimg.com/v1/AUTH_58d78b787ec34892b5aaa0c7a146155f/clubes_2025/silhuetas/CRU/FORMATO.png,0.0,,,,,,,,,,,,,,,,,,,,,Goleiro,0,0.0,Não Jogou,False
534,4,Garro,0.0,13.07,23,11,3.85,Rodrigo Garro,COR,6,False,garro,117632,Garro,264,https://s3.glbimg.com/v1/AUTH_58d78b787ec34892b5aaa0c7a146155f/clubes_2025/silhuetas/COR/FORMATO.png,0.0,3.0,7.0,13.0,5.0,33.0,,,6.0,,1.0,,2.0,,,,,,,,,Meia,0,0.0,Não Jogou,False
535,1,Young,0.0,2.04,23,1,0.6,Young Navarro Moraes,SAO,6,False,young,117818,Young,276,https://s3.glbimg.com/v1/AUTH_58d78b787ec34892b5aaa0c7a146155f/clubes_2025/silhuetas/SAO/FORMATO.png,0.0,,,,,,,,,,,,,,,2.0,,2.0,,,,Goleiro,0,0.0,Não Jogou,False
536,4,Breno Bidon,0.0,7.66,23,20,3.75,Breno de Souza Bidon,COR,7,False,breno-bidon,117910,B. Bidon,264,https://s3.glbimg.com/v1/AUTH_58d78b787ec34892b5aaa0c7a146155f/clubes_2025/silhuetas/COR/FORMATO.png,0.0,6.0,31.0,41.0,8.0,48.0,1.0,1.0,3.0,,1.0,,,,,,,,,,,Meia,0,0.0,Não Jogou,False
537,5,Lavega,0.0,3.45,23,1,0.5,Joaquín Lavega Colzada,FLU,6,False,lavega,117930,Lavega,266,https://s3.glbimg.com/v1/AUTH_58d78b787ec34892b5aaa0c7a146155f/clubes_2025/silhuetas/FLU/FORMATO.png,0.0,,,,,1.0,,,,,,,,,,,,,,,,Atacante,0,0.0,Não Jogou,False
538,3,Iago,0.0,2.0,23,0,0.0,Iago Teodoro da Silva Nogueira,FLA,6,False,iago,118090,Iago,262,https://s3.glbimg.com/v1/AUTH_58d78b787ec34892b5aaa0c7a146155f/clubes_2025/silhuetas/FLA/FORMATO.png,0.0,,,,,,,,,,,,,,,,,,,,,Zagueiro,0,0.0,Não Jogou,False
539,4,Rodriguinho,0.08,2.61,23,13,1.98,Rodrigo Huendra Almeida Mendonça,SAO,7,True,rodriguinho,118563,Rodriguinho,276,https://s3.glbimg.com/v1/AUTH_58d78b787ec34892b5aaa0c7a146155f/clubes_2025/silhuetas/SAO/FORMATO.png,2.1,4.0,10.0,13.0,12.0,1.0,,2.0,3.0,,1.0,,,,,,,,,,,Meia,186,44.49,Regular,False
540,2,Kevyson,0.2,2.1,23,8,1.12,Kevyson Costa e Silva,SPT,2,True,kevyson,118701,Kevyson,292,https://s3.glbimg.com/v1/AUTH_58d78b787ec34892b5aaa0c7a146155f/clubes_2025/silhuetas/SPT/FORMATO.png,1.5,2.0,4.0,6.0,1.0,2.0,,,,1.0,,,,,,,,,,,,Lateral,216,34.52,Regular,False
541,4,Mateus Carvalho,-0.26,3.42,23,11,1.13,Mateus Carvalho dos Santos,VAS,7,True,mateus-carvalho,118752,M. Carvalho,267,https://s3.glbimg.com/v1/AUTH_58d78b787ec34892b5aaa0c7a146155f/clubes_2025/silhuetas/VAS/FORMATO.png,0.4,1.0,9.0,15.0,3.0,4.0,,,,,,,,,,,,,,,,Meia,271,19.35,Regular,False
542,4,Alexsander,-0.58,6.97,23,6,3.77,Alexsander Cristhian Gomes da Costa - Christian,CAM,7,True,alexsander,118774,Alexsander,282,https://s3.glbimg.com/v1/AUTH_58d78b787ec34892b5aaa0c7a146155f/clubes_2025/silhuetas/CAM/FORMATO.png,1.4,3.0,16.0,13.0,1.0,7.0,,,1.0,,,,,,,,,,,,,Meia,227,32.14,Regular,False
543,5,Lautaro Díaz,0.6,3.67,23,7,0.71,Lautaro Ariel Díaz,SAN,7,True,lautaro-diaz,118775,L. Díaz,277,https://s3.glbimg.com/v1/AUTH_58d78b787ec34892b5aaa0c7a146155f/clubes_2025/silhuetas/SAN/FORMATO.png,3.8,,2.0,,1.0,,,,1.0,,,,,,,,,,,,,Atacante,130,61.61,Regular,False
544,4,Bruninho,0.0,5.37,23,1,9.3,Bruno César Pereira Silva,FOR,6,False,bruninho,121668,Bruninho,356,https://s3.glbimg.com/v1/AUTH_58d78b787ec34892b5aaa0c7a146155f/clubes_2025/silhuetas/FOR/FORMATO.png,0.0,,5.0,,1.0,2.0,,,,,,,,,,,,,,,,Meia,0,0.0,Não Jogou,False
545,2,Paulo Ricardo,0.0,2.0,23,0,0.0,Paulo Ricardo de Souza Babilônia,VAS,6,False,paulo-ricardo,121766,P. Ricardo,267,https://s3.glbimg.com/v1/AUTH_58d78b787ec34892b5aaa0c7a146155f/clubes_2025/silhuetas/VAS/FORMATO.png,0.0,,,,,,,,,,,,,,,,,,,,,Lateral,0,0.0,Não Jogou,False
546,5,André,0.35,3.75,23,12,2.48,André Henrique da Silva Martins,GRE,6,True,andre,121792,André,284,https://s3.glbimg.com/v1/AUTH_58d78b787ec34892b5aaa0c7a146155f/clubes_2025/silhuetas/GRE/FORMATO.png,3.2,1.0,1.0,5.0,9.0,3.0,1.0,1.0,5.0,,1.0,,1.0,,,,,,,,,Atacante,145,56.85,Regular,False
547,1,Kauê,0.0,1.0,23,0,0.0,Kauê Vinicius de Souza Camargo,COR,6,False,kaue,121823,Kauê,264,https://s3.glbimg.com/v1/AUTH_58d78b787ec34892b5aaa0c7a146155f/clubes_2025/silhuetas/COR/FORMATO.png,0.0,,,,,,,,,,,,,,,,,,,,,Goleiro,0,0.0,Não Jogou,False
548,5,Kayke,-0.06,1.59,23,5,1.2,Kayke Ferrari Guimarães,COR,7,True,kayke,121824,Kayke,264,https://s3.glbimg.com/v1/AUTH_58d78b787ec34892b5aaa0c7a146155f/clubes_2025/silhuetas/COR/FORMATO.png,0.0,,3.0,3.0,2.0,2.0,,2.0,,,,,,,,,,,,,,Atacante,278,13.99,Regular,False
549,4,Hudson,0.0,0.77,23,3,-0.77,Hudson Alexandre Batista da Silva,JUV,6,False,hudson,121866,Hudson,286,https://s3.glbimg.com/v1/AUTH_58d78b787ec34892b5aaa0c7a146155f/clubes_2025/silhuetas/JUV/FORMATO.png,0.0,2.0,3.0,6.0,,,,,,,,,,,1.0,,,,,,,Meia,0,0.0,Não Jogou,False
550,5,Edison Negueba,0.0,3.0,23,0,0.0,Edison Custódio dos Santos,JUV,6,False,edison-negueba,122166,E. Negueba,286,https://s3.glbimg.com/v1/AUTH_58d78b787ec34892b5aaa0c7a146155f/clubes_2025/silhuetas/JUV/FORMATO.png,0.0,,,,,,,,,,,,,,,,,,,,,Atacante,0,0.0,Não Jogou,False
551,2,Ryan,0.0,2.0,23,0,0.0,Ryan Carlos Santos de Sousa,BAH,6,False,ryan,122300,Ryan,265,https://s3.glbimg.com/v1/AUTH_58d78b787ec34892b5aaa0c7a146155f/clubes_2025/silhuetas/BAH/FORMATO.png,0.0,,,,,,,,,,,,,,,,,,,,,Lateral,0,0.0,Não Jogou,False
552,5,Cristian,-0.71,4.63,23,17,3.01,Cristian Renato Gonçalves Riquelme,MIR,6,True,cristian,122302,Cristian,2305,https://s3.glbimg.com/v1/AUTH_58d78b787ec34892b5aaa0c7a146155f/clubes_2025/silhuetas/MIR/FORMATO.png,2.3,2.0,7.0,13.0,5.0,3.0,3.0,,10.0,,1.0,,,,,,,,,,,Atacante,173,47.92,Regular,False
553,1,Dyogo Alves,0.0,3.0,23,0,0.0,Francisco Dyogo Bento Alves,FLA,6,False,dyogo-alves,122318,D. Alves,262,https://s3.glbimg.com/v1/AUTH_58d78b787ec34892b5aaa0c7a146155f/clubes_2025/silhuetas/FLA/FORMATO.png,0.0,,,,,,,,,,,,,,,,,,,,,Goleiro,0,0.0,Não Jogou,False
554,2,Daniel Sales,0.0,2.0,23,0,0.0,Daniel dos Santos Sales,FLA,6,False,daniel-sales,122320,D. Sales,262,https://s3.glbimg.com/v1/AUTH_58d78b787ec34892b5aaa0c7a146155f/clubes_2025/silhuetas/FLA/FORMATO.png,0.0,,,,,,,,,,,,,,,,,,,,,Lateral,0,0.0,Não Jogou,False
555,4,Gustavinho,0.0,2.12,23,9,0.65,Gustavo Ribeiro Neves,RBB,6,False,gustavinho,122394,Gustavinho,280,https://s3.glbimg.com/v1/AUTH_58d78b787ec34892b5aaa0c7a146155f/clubes_2025/silhuetas/RBB/FORMATO.png,0.0,,4.0,5.0,1.0,1.0,,,,,,,,,,,,,,,,Meia,0,0.0,Não Jogou,False
556,4,Ryan,-0.04,3.31,23,11,1.75,Ryan Gustavo de Lima,COR,7,True,ryan,122396,Ryan,264,https://s3.glbimg.com/v1/AUTH_58d78b787ec34892b5aaa0c7a146155f/clubes_2025/silhuetas/COR/FORMATO.png,0.4,1.0,12.0,11.0,,11.0,,,,,,,,,,,,,,,,Meia,271,19.35,Regular,False
557,3,Luisão,0.0,4.78,23,6,2.45,Luis Fellipe Campos Dória,SAN,6,False,luisao,122406,Luisão,277,https://s3.glbimg.com/v1/AUTH_58d78b787ec34892b5aaa0c7a146155f/clubes_2025/silhuetas/SAN/FORMATO.png,0.0,2.0,6.0,3.0,2.0,4.0,,,,1.0,,,,,,,,,,,,Zagueiro,0,0.0,Não Jogou,False
558,5,Lucca,0.0,3.13,23,4,1.4,Lucca Holanda Sampaio Tavares,CEA,6,False,lucca,122420,Lucca,354,https://s3.glbimg.com/v1/AUTH_58d78b787ec34892b5aaa0c7a146155f/clubes_2025/silhuetas/CEA/FORMATO.png,0.0,,1.0,3.0,1.0,6.0,,,1.0,,,,,,,,,,,,,Atacante,0,0.0,Não Jogou,False
559,2,Vinícius Lago,0.0,1.0,23,0,0.0,Vinicius dos Santos Lago,RBB,6,False,vinicius-lago,122458,V. Lago,280,https://s3.glbimg.com/v1/AUTH_58d78b787ec34892b5aaa0c7a146155f/clubes_2025/silhuetas/RBB/FORMATO.png,0.0,,,,,,,,,,,,,,,,,,,,,Lateral,0,0.0,Não Jogou,False
560,4,Barros,0.02,5.63,23,3,3.23,Cauan Lucas Barros da Luz,VAS,7,True,barros,122485,Barros,267,https://s3.glbimg.com/v1/AUTH_58d78b787ec34892b5aaa0c7a146155f/clubes_2025/silhuetas/VAS/FORMATO.png,3.9,1.0,5.0,4.0,,4.0,,,2.0,,,,,,,,,,,,,Meia,126,62.35,Regular,False
561,5,Rayan,0.25,8.31,23,19,6.29,Rayan Vitor Simplício Rocha,VAS,7,True,rayan,122486,Rayan,267,https://s3.glbimg.com/v1/AUTH_58d78b787ec34892b5aaa0c7a146155f/clubes_2025/silhuetas/VAS/FORMATO.png,3.2,2.0,20.0,13.0,18.0,29.0,5.0,,12.0,,,,4.0,,,,,,,,,Atacante,145,56.85,Regular,False
562,5,GB,0.0,1.58,23,3,0.4,Gabriel Souza da Silva,VAS,6,False,gb,122487,GB,267,https://s3.glbimg.com/v1/AUTH_58d78b787ec34892b5aaa0c7a146155f/clubes_2025/silhuetas/VAS/FORMATO.png,0.0,,1.0,1.0,,,,,,,,,,,,,,,,,,Atacante,0,0.0,Não Jogou,False
563,5,Léo Jacó,0.0,1.45,23,1,1.4,Leonardo Gomes da Silva Jacó,VAS,6,False,leo-jaco,122539,L. Jacó,267,https://s3.glbimg.com/v1/AUTH_58d78b787ec34892b5aaa0c7a146155f/clubes_2025/silhuetas/VAS/FORMATO.png,0.0,,1.0,2.0,,1.0,,,,,,,,,,,,,,,,Atacante,0,0.0,Não Jogou,False
564,5,Wallace Yan,-0.15,4.6,23,10,3.06,Wallace Yan de Souza Barreto,FLA,6,True,wallace-yan,122573,W. Yan,262,https://s3.glbimg.com/v1/AUTH_58d78b787ec34892b5aaa0c7a146155f/clubes_2025/silhuetas/FLA/FORMATO.png,0.5,3.0,3.0,6.0,5.0,16.0,1.0,2.0,1.0,,2.0,,,,,,,,,,,Atacante,262,21.13,Regular,False
565,4,Japa,0.0,3.0,23,0,0.0,João Wellington Gadelha Melo de Oliveira,CRU,6,False,japa,122660,Japa,283,https://s3.glbimg.com/v1/AUTH_58d78b787ec34892b5aaa0c7a146155f/clubes_2025/silhuetas/CRU/FORMATO.png,0.0,,,,,,,,,,,,,,,,,,,,,Meia,0,0.0,Não Jogou,False
566,3,Lucas Cunha,0.0,3.6,23,6,1.42,Lucas de Souza Cunha,SPT,6,False,lucas-cunha,122755,L. Cunha,292,https://s3.glbimg.com/v1/AUTH_58d78b787ec34892b5aaa0c7a146155f/clubes_2025/silhuetas/SPT/FORMATO.png,0.0,2.0,4.0,5.0,,2.0,,,,1.0,,,,,,,,,,,,Zagueiro,0,0.0,Não Jogou,False
567,5,Caballero,-0.35,5.91,23,7,3.71,Gustavo Rubén Caballero González,SAN,7,True,caballero,122781,Caballero,277,https://s3.glbimg.com/v1/AUTH_58d78b787ec34892b5aaa0c7a146155f/clubes_2025/silhuetas/SAN/FORMATO.png,2.0,1.0,7.0,7.0,2.0,6.0,1.0,2.0,1.0,,1.0,,,,,,,,,,,Atacante,191,42.41,Regular,False
568,3,Abner,0.0,5.36,23,13,2.34,Abner Salles da Silva,JUV,7,False,abner,122861,Abner,286,https://s3.glbimg.com/v1/AUTH_58d78b787ec34892b5aaa0c7a146155f/clubes_2025/silhuetas/JUV/FORMATO.png,0.0,2.0,11.0,9.0,2.0,4.0,,1.0,,2.0,1.0,,,,,,,,,,,Zagueiro,0,0.0,Não Jogou,False
569,3,Guzmán Rodríguez,-0.14,5.59,23,18,2.98,Guzmán Rodríguez Ferrari,RBB,7,True,guzman-rodriguez,122897,G. Rodríguez,280,https://s3.glbimg.com/v1/AUTH_58d78b787ec34892b5aaa0c7a146155f/clubes_2025/silhuetas/RBB/FORMATO.png,1.9,5.0,12.0,15.0,5.0,11.0,1.0,,2.0,5.0,,,,,,,,,,,,Zagueiro,199,40.33,Regular,False
570,1,Wanderson Aranha,0.0,1.0,23,0,0.0,Wanderson Carlos Ferreira dos Santos,PAL,6,False,wanderson-aranha,122922,W. Aranha,275,https://s3.glbimg.com/v1/AUTH_58d78b787ec34892b5aaa0c7a146155f/clubes_2025/silhuetas/PAL/FORMATO.png,0.0,,,,,,,,,,,,,,,,,,,,,Goleiro,0,0.0,Não Jogou,False
571,4,David Kauã,0.0,1.0,23,0,0.0,David Kauã Ramos,CAM,6,False,david-kaua,122989,D. Kauã,282,https://s3.glbimg.com/v1/AUTH_58d78b787ec34892b5aaa0c7a146155f/clubes_2025/silhuetas/CAM/FORMATO.png,0.0,,,,,,,,,,,,,,,,,,,,,Meia,0,0.0,Não Jogou,False
572,4,Patrick,0.0,3.24,23,3,2.6,Patrick Roberto da Silva Campos,CAM,5,False,patrick,122990,Patrick,282,https://s3.glbimg.com/v1/AUTH_58d78b787ec34892b5aaa0c7a146155f/clubes_2025/silhuetas/CAM/FORMATO.png,0.0,,4.0,3.0,,3.0,,,1.0,,,,,,,,,,,,,Meia,0,0.0,Não Jogou,False
573,5,João Andrade,0.0,1.0,23,0,0.0,João Vitor Coni de Andrade,BAH,6,False,joao-andrade,123001,J. Andrade,265,https://s3.glbimg.com/v1/AUTH_58d78b787ec34892b5aaa0c7a146155f/clubes_2025/silhuetas/BAH/FORMATO.png,0.0,,,,,,,,,,,,,,,,,,,,,Atacante,0,0.0,Não Jogou,False
574,5,Tiago,0.0,2.62,23,8,2.05,Tiago Souza de Jesus Carvalho,BAH,6,False,tiago,123004,Tiago,265,https://s3.glbimg.com/v1/AUTH_58d78b787ec34892b5aaa0c7a146155f/clubes_2025/silhuetas/BAH/FORMATO.png,0.0,,5.0,7.0,2.0,7.0,,1.0,,,1.0,1.0,,,,,,,,,,Atacante,0,0.0,Não Jogou,False
575,4,Vitinho,0.0,1.0,23,0,0.0,Pedro Victor da Silva Santos,BAH,6,False,vitinho,123007,Vitinho,265,https://s3.glbimg.com/v1/AUTH_58d78b787ec34892b5aaa0c7a146155f/clubes_2025/silhuetas/BAH/FORMATO.png,0.0,,,,,,,,,,,,,,,,,,,,,Meia,0,0.0,Não Jogou,False
576,5,Cadu,0.0,3.0,23,0,0.0,Carlos Eduardo Amaral Pereira de Castro,CAM,6,False,cadu,123359,Cadu,282,https://s3.glbimg.com/v1/AUTH_58d78b787ec34892b5aaa0c7a146155f/clubes_2025/silhuetas/CAM/FORMATO.png,0.0,,,,,,,,,,,,,,,,,,,,,Atacante,0,0.0,Não Jogou,False
577,4,Cauly,-0.39,5.21,23,18,2.03,Cauly Oliveira Souza,BAH,6,True,cauly,123360,Cauly,265,https://s3.glbimg.com/v1/AUTH_58d78b787ec34892b5aaa0c7a146155f/clubes_2025/silhuetas/BAH/FORMATO.png,-0.9,1.0,4.0,10.0,6.0,6.0,1.0,,3.0,,3.0,,,,,,,,,,,Meia,327,2.98,Ruim,False
578,4,Roger,0.0,1.0,23,0,0.0,Roger Gabriel Farias de Jesus,BAH,6,False,roger,123494,Roger,265,https://s3.glbimg.com/v1/AUTH_58d78b787ec34892b5aaa0c7a146155f/clubes_2025/silhuetas/BAH/FORMATO.png,0.0,,,,,,,,,,,,,,,,,,,,,Meia,0,0.0,Não Jogou,False
579,3,Janderson,0.0,2.82,23,1,5.0,José Janderson da Silva Marques,CRU,6,False,janderson,123649,Janderson,283,https://s3.glbimg.com/v1/AUTH_58d78b787ec34892b5aaa0c7a146155f/clubes_2025/silhuetas/CRU/FORMATO.png,0.0,,,,,,,,,1.0,,,,,,,,,,,,Zagueiro,0,0.0,Não Jogou,False
580,2,Zé Guilherme,-0.3,2.7,23,1,0.0,José Guilherme de Lima Costa,BAH,6,True,ze-guilherme,123717,Z. Guilherme,265,https://s3.glbimg.com/v1/AUTH_58d78b787ec34892b5aaa0c7a146155f/clubes_2025/silhuetas/BAH/FORMATO.png,0.0,,,,,,,,,,,,,,,,,,,,,Lateral,278,13.99,Regular,False
581,5,Herrera,0.0,5.52,23,5,2.84,José María Herrera Ares,FOR,6,False,herrera,123738,Herrera,356,https://s3.glbimg.com/v1/AUTH_58d78b787ec34892b5aaa0c7a146155f/clubes_2025/silhuetas/FOR/FORMATO.png,0.0,1.0,6.0,7.0,7.0,3.0,,,1.0,,,,,,,,,,,,,Atacante,0,0.0,Não Jogou,False
582,4,Alan Rodríguez,0.74,5.99,23,6,2.97,Alan Jesús Rodríguez Guaglianoni,INT,7,True,alan-rodriguez,123744,A. Rodríguez,285,https://s3.glbimg.com/v1/AUTH_58d78b787ec34892b5aaa0c7a146155f/clubes_2025/silhuetas/INT/FORMATO.png,4.9,1.0,9.0,5.0,1.0,6.0,,,,,,,1.0,,,,,,,,,Meia,97,71.43,Regular,False
583,4,Lezcano,0.0,4.63,23,3,0.83,Rubén Darío Lezcano Portillo,FLU,6,False,lezcano,123788,Lezcano,266,https://s3.glbimg.com/v1/AUTH_58d78b787ec34892b5aaa0c7a146155f/clubes_2025/silhuetas/FLU/FORMATO.png,0.0,,1.0,,,2.0,,,,,,,,,,,,,,,,Meia,0,0.0,Não Jogou,False
584,2,Enzo,0.0,5.0,23,0,0.0,Enzo Henrique dos Santos,GRE,6,False,enzo,124077,Enzo,284,https://s3.glbimg.com/v1/AUTH_58d78b787ec34892b5aaa0c7a146155f/clubes_2025/silhuetas/GRE/FORMATO.png,0.0,,,,,,,,,,,,,,,,,,,,,Lateral,0,0.0,Não Jogou,False
585,5,Henry Mosquera,0.12,3.55,23,13,1.75,Henry David Mosquera Sánchez,RBB,6,True,henry-mosquera,124239,H. Mosquera,280,https://s3.glbimg.com/v1/AUTH_58d78b787ec34892b5aaa0c7a146155f/clubes_2025/silhuetas/RBB/FORMATO.png,2.0,,8.0,10.0,2.0,8.0,,2.0,7.0,,,,,,,,,,,,,Atacante,191,42.41,Regular,False
586,5,Isaac,0.0,1.1,23,1,0.5,Isaac Aguiar Tomich,CAM,6,False,isaac,124247,Isaac,282,https://s3.glbimg.com/v1/AUTH_58d78b787ec34892b5aaa0c7a146155f/clubes_2025/silhuetas/CAM/FORMATO.png,0.0,,,,,1.0,,,,,,,,,,,,,,,,Atacante,0,0.0,Não Jogou,False
587,5,Pedro Ataíde,0.0,1.0,23,0,0.0,Pedro Ataide de Souza Oliveira,CAM,6,False,pedro-ataide,124250,P. Ataíde,282,https://s3.glbimg.com/v1/AUTH_58d78b787ec34892b5aaa0c7a146155f/clubes_2025/silhuetas/CAM/FORMATO.png,0.0,,,,,,,,,,,,,,,,,,,,,Atacante,0,0.0,Não Jogou,False
588,1,Kauan,0.0,1.0,23,0,0.0,Kauan Jesus Santos Oliveira,INT,6,False,kauan,124264,Kauan,285,https://s3.glbimg.com/v1/AUTH_58d78b787ec34892b5aaa0c7a146155f/clubes_2025/silhuetas/INT/FORMATO.png,0.0,,,,,,,,,,,,,,,,,,,,,Goleiro,0,0.0,Não Jogou,False
589,4,Allex,0.0,1.0,23,0,0.0,Allex Rodrigues Pereira da Silva,INT,6,False,allex,124270,Allex,285,https://s3.glbimg.com/v1/AUTH_58d78b787ec34892b5aaa0c7a146155f/clubes_2025/silhuetas/INT/FORMATO.png,0.0,,,,,,,,,,,,,,,,,,,,,Meia,0,0.0,Não Jogou,False
590,4,Gustavo Prado,0.0,4.3,23,13,2.61,Gustavo Prado Alves,INT,6,False,gustavo-prado,124271,G. Prado,285,https://s3.glbimg.com/v1/AUTH_58d78b787ec34892b5aaa0c7a146155f/clubes_2025/silhuetas/INT/FORMATO.png,0.0,2.0,7.0,5.0,8.0,11.0,1.0,1.0,6.0,,,,,,,,,,,,,Meia,0,0.0,Não Jogou,False
591,5,Ricardo Mathias,-0.25,5.24,23,11,3.39,Ricardo Mathias da Silva,INT,7,True,ricardo-mathias,124280,R. Mathias,285,https://s3.glbimg.com/v1/AUTH_58d78b787ec34892b5aaa0c7a146155f/clubes_2025/silhuetas/INT/FORMATO.png,0.2,,2.0,6.0,3.0,9.0,3.0,2.0,2.0,,,,1.0,,,,,,,,,Atacante,275,18.15,Regular,False
592,1,Léo Aragão,0.0,4.28,23,1,6.3,Leonardo de Aragão Carvalho,CRU,6,False,leo-aragao,124369,L. Aragão,283,https://s3.glbimg.com/v1/AUTH_58d78b787ec34892b5aaa0c7a146155f/clubes_2025/silhuetas/CRU/FORMATO.png,0.0,,,,,,,,,1.0,,,,,,1.0,,,,,,Goleiro,0,0.0,Não Jogou,False
593,2,Mateo Ponte,0.0,6.27,23,12,3.4,Mateo Ponte Costa,BOT,6,False,mateo-ponte,124481,M. Ponte,263,https://s3.glbimg.com/v1/AUTH_58d78b787ec34892b5aaa0c7a146155f/clubes_2025/silhuetas/BOT/FORMATO.png,0.0,2.0,6.0,8.0,3.0,2.0,1.0,2.0,,5.0,,,,,,,,,,,,Lateral,0,0.0,Não Jogou,False
594,2,Giay,0.0,9.18,23,17,5.96,Agustín Giay,PAL,6,False,giay,124526,Giay,275,https://s3.glbimg.com/v1/AUTH_58d78b787ec34892b5aaa0c7a146155f/clubes_2025/silhuetas/PAL/FORMATO.png,0.0,,35.0,17.0,3.0,23.0,,,,8.0,,,,,,,,,,,,Lateral,0,0.0,Não Jogou,False
595,3,Iván Román,0.0,3.68,23,4,2.95,Ivan Ramiro Román Hurtado,CAM,6,False,ivan-roman,124661,I. Román,282,https://s3.glbimg.com/v1/AUTH_58d78b787ec34892b5aaa0c7a146155f/clubes_2025/silhuetas/CAM/FORMATO.png,0.0,1.0,6.0,4.0,1.0,6.0,,,1.0,,,,,,,,,,,,,Zagueiro,0,0.0,Não Jogou,False
596,4,Felipe Negrucci,0.0,2.0,23,0,0.0,Felipe Negrucci Berdague,SAO,6,False,felipe-negrucci,124674,F. Negrucci,276,https://s3.glbimg.com/v1/AUTH_58d78b787ec34892b5aaa0c7a146155f/clubes_2025/silhuetas/SAO/FORMATO.png,0.0,,,,,,,,,,,,,,,,,,,,,Meia,0,0.0,Não Jogou,False
597,1,Leandro,0.0,2.0,23,0,0.0,Leandro Mathias Silva Bueno,SAO,6,False,leandro,124701,Leandro,276,https://s3.glbimg.com/v1/AUTH_58d78b787ec34892b5aaa0c7a146155f/clubes_2025/silhuetas/SAO/FORMATO.png,0.0,,,,,,,,,,,,,,,,,,,,,Goleiro,0,0.0,Não Jogou,False
598,5,Nathan Fernandes,0.0,5.19,23,9,3.14,Nathan Ribeiro Fernandes,BOT,5,False,nathan-fernandes,124757,N. Fernandes,263,https://s3.glbimg.com/v1/AUTH_58d78b787ec34892b5aaa0c7a146155f/clubes_2025/silhuetas/BOT/FORMATO.png,0.0,,3.0,3.0,1.0,5.0,1.0,2.0,3.0,,2.0,,,,,,,,,,,Atacante,0,0.0,Não Jogou,False
599,3,Jonathan Jesus,0.0,4.59,23,7,2.94,Jonathan de Jesus Alves,CRU,6,False,jonathan-jesus,124912,J. Jesus,283,https://s3.glbimg.com/v1/AUTH_58d78b787ec34892b5aaa0c7a146155f/clubes_2025/silhuetas/CRU/FORMATO.png,0.0,,7.0,8.0,,1.0,,,,3.0,,,,,1.0,,,,,,,Zagueiro,0,0.0,Não Jogou,False
600,3,Viery,0.0,2.86,23,2,2.35,Viery Fernandes Santos Lopes,GRE,6,False,viery,125467,Viery,284,https://s3.glbimg.com/v1/AUTH_58d78b787ec34892b5aaa0c7a146155f/clubes_2025/silhuetas/GRE/FORMATO.png,0.0,,,1.0,,,,,,1.0,,,,,,,,,,,,Zagueiro,0,0.0,Não Jogou,False
601,4,Alisson,0.0,4.0,23,0,0.0,Alisson Santana Lopes da Fonseca,CAM,6,False,alisson,125469,Alisson,282,https://s3.glbimg.com/v1/AUTH_58d78b787ec34892b5aaa0c7a146155f/clubes_2025/silhuetas/CAM/FORMATO.png,0.0,,,,,,,,,,,,,,,,,,,,,Meia,0,0.0,Não Jogou,False
602,3,João Pedro,0.0,4.56,23,5,3.04,João Pedro de Sousa Rodrigues,COR,7,False,joao-pedro,125488,J. Pedro,264,https://s3.glbimg.com/v1/AUTH_58d78b787ec34892b5aaa0c7a146155f/clubes_2025/silhuetas/COR/FORMATO.png,0.0,3.0,3.0,7.0,1.0,,,,,2.0,1.0,,,,,,,,,,,Zagueiro,0,0.0,Não Jogou,False
603,4,Marcelinho,0.0,2.0,23,0,0.0,Marcelo Braz da Silva,RBB,6,False,marcelinho,126120,Marcelinho,280,https://s3.glbimg.com/v1/AUTH_58d78b787ec34892b5aaa0c7a146155f/clubes_2025/silhuetas/RBB/FORMATO.png,0.0,,,,,,,,,,,,,,,,,,,,,Meia,0,0.0,Não Jogou,False
604,4,Paulinho,-0.35,3.95,23,8,0.53,Paulo Lucas Santos de Paula,VAS,6,True,paulinho,126182,Paulinho,267,https://s3.glbimg.com/v1/AUTH_58d78b787ec34892b5aaa0c7a146155f/clubes_2025/silhuetas/VAS/FORMATO.png,-0.6,1.0,4.0,11.0,,5.0,,,,,,,,,,,,,,,,Meia,322,4.17,Ruim,False
605,5,Derik Lacerda,2.11,9.18,23,8,6.27,Derik Gean Severino Lacerda,SPT,7,True,derik-lacerda,126216,D. Lacerda,292,https://s3.glbimg.com/v1/AUTH_58d78b787ec34892b5aaa0c7a146155f/clubes_2025/silhuetas/SPT/FORMATO.png,12.6,4.0,8.0,17.0,7.0,13.0,3.0,2.0,7.0,,,,1.0,,,,,,,,,Atacante,8,97.92,Muito Bom,True
606,4,Barreal,0.0,9.66,23,18,6.29,Álvaro Martín Barreal,SAN,6,False,barreal,126471,Barreal,277,https://s3.glbimg.com/v1/AUTH_58d78b787ec34892b5aaa0c7a146155f/clubes_2025/silhuetas/SAN/FORMATO.png,0.0,1.0,34.0,15.0,10.0,14.0,5.0,4.0,6.0,,,,2.0,,,,,,,,,Meia,0,0.0,Não Jogou,False
607,6,Fernando Seabra,0.3,9.03,23,23,5.41,Fernando Seabra,RBB,7,True,fernando-seabra,126977,F. Seabra,280,https://s3.glbimg.com/v1/AUTH_58d78b787ec34892b5aaa0c7a146155f/clubes_2025/silhuetas/RBB/FORMATO.png,5.45,,,,,,,,,,,,,9.0,,,,,,,,Técnico,86,74.7,Bom,False
608,4,Bahia,0.0,2.65,23,2,2.9,Luiz Gustavo Lemos Carvalho,COR,6,False,bahia,127242,Bahia,264,https://s3.glbimg.com/v1/AUTH_58d78b787ec34892b5aaa0c7a146155f/clubes_2025/silhuetas/COR/FORMATO.png,0.0,,3.0,,1.0,1.0,,,,,,,,,,,,,,,,Meia,0,0.0,Não Jogou,False
609,2,Julio Fidélis,-0.17,5.71,23,2,7.75,Julio Cesar Lima Fidelis,FLU,7,True,julio-fidelis,127932,J. Fidélis,266,https://s3.glbimg.com/v1/AUTH_58d78b787ec34892b5aaa0c7a146155f/clubes_2025/silhuetas/FLU/FORMATO.png,2.7,,4.0,2.0,2.0,7.0,,,,,1.0,,,,,,,,,,,Lateral,161,51.93,Regular,False
610,4,Thiago Henrique,0.0,1.0,23,0,0.0,Thiago Henrique Gonçalves Silva,FLU,6,False,thiago-henrique,128583,T. Henrique,266,https://s3.glbimg.com/v1/AUTH_58d78b787ec34892b5aaa0c7a146155f/clubes_2025/silhuetas/FLU/FORMATO.png,0.0,,,,,,,,,,,,,,,,,,,,,Meia,0,0.0,Não Jogou,False
611,4,Rayan Lucas,0.0,2.0,23,0,0.0,Rayan Lucas Marques de Souza,FLA,6,False,rayan-lucas,128590,R. Lucas,262,https://s3.glbimg.com/v1/AUTH_58d78b787ec34892b5aaa0c7a146155f/clubes_2025/silhuetas/FLA/FORMATO.png,0.0,,,,,,,,,,,,,,,,,,,,,Meia,0,0.0,Não Jogou,False
612,4,Felipe Cardoso,0.0,2.21,23,3,0.97,Felipe Cardoso,VIT,6,False,felipe-cardoso,129317,F. Cardoso,287,https://s3.glbimg.com/v1/AUTH_58d78b787ec34892b5aaa0c7a146155f/clubes_2025/silhuetas/VIT/FORMATO.png,0.0,,1.0,1.0,,1.0,,,1.0,,,,,,,,,,,,,Meia,0,0.0,Não Jogou,False
613,5,Ruan Pablo,0.0,1.35,23,1,1.2,Ruan Pablo Barbosa Sousa,BAH,6,False,ruan-pablo,129663,R. Pablo,265,https://s3.glbimg.com/v1/AUTH_58d78b787ec34892b5aaa0c7a146155f/clubes_2025/silhuetas/BAH/FORMATO.png,0.0,,,,,,,,1.0,,,,,,,,,,,,,Atacante,0,0.0,Não Jogou,False
614,1,Pablo,0.0,1.0,23,0,0.0,Pablo de Paula Cardoso,VAS,6,False,pablo,129665,Pablo,267,https://s3.glbimg.com/v1/AUTH_58d78b787ec34892b5aaa0c7a146155f/clubes_2025/silhuetas/VAS/FORMATO.png,0.0,,,,,,,,,,,,,,,,,,,,,Goleiro,0,0.0,Não Jogou,False
615,4,JP,0.0,2.0,23,0,0.0,João Pedro Murilo de Paula Morais,VAS,6,False,jp,129666,JP,267,https://s3.glbimg.com/v1/AUTH_58d78b787ec34892b5aaa0c7a146155f/clubes_2025/silhuetas/VAS/FORMATO.png,0.0,,,,,,,,,,,,,,,,,,,,,Meia,0,0.0,Não Jogou,False
616,1,Cristhian Loor,0.0,2.0,23,0,0.0,Cristhian Joel Loor Santamaría - Christian,BOT,6,False,cristhian-loor,129930,C. Loor,263,https://s3.glbimg.com/v1/AUTH_58d78b787ec34892b5aaa0c7a146155f/clubes_2025/silhuetas/BOT/FORMATO.png,0.0,,,,,,,,,,,,,,,,,,,,,Goleiro,0,0.0,Não Jogou,False
617,4,Noriega,0.2,6.04,23,2,3.4,Erick Carlos Noriega Loret de Mola,GRE,7,True,noriega,130048,Noriega,284,https://s3.glbimg.com/v1/AUTH_58d78b787ec34892b5aaa0c7a146155f/clubes_2025/silhuetas/GRE/FORMATO.png,3.3,,3.0,,1.0,3.0,,,,,,,,,,,,,,,,Meia,142,57.74,Regular,False
618,1,Léo Nannetti,0.0,1.0,23,0,0.0,Leonardo Nannetti Lopes,FLA,6,False,leo-nannetti,130189,L. Nannetti,262,https://s3.glbimg.com/v1/AUTH_58d78b787ec34892b5aaa0c7a146155f/clubes_2025/silhuetas/FLA/FORMATO.png,0.0,,,,,,,,,,,,,,,,,,,,,Goleiro,0,0.0,Não Jogou,False
619,2,Carbone,0.0,2.0,23,0,0.0,João Victor Schlickmann Carbone,FLA,6,False,carbone,130190,Carbone,262,https://s3.glbimg.com/v1/AUTH_58d78b787ec34892b5aaa0c7a146155f/clubes_2025/silhuetas/FLA/FORMATO.png,0.0,,,,,,,,,,,,,,,,,,,,,Lateral,0,0.0,Não Jogou,False
620,2,Leandrinho,0.0,2.0,23,0,0.0,Leandro Viana da Silva Gama,VAS,6,False,leandrinho,130254,Leandrinho,267,https://s3.glbimg.com/v1/AUTH_58d78b787ec34892b5aaa0c7a146155f/clubes_2025/silhuetas/VAS/FORMATO.png,0.0,,,,,,,,,,,,,,,,,,,,,Lateral,0,0.0,Não Jogou,False
621,4,Guilherme Estrella,0.0,3.0,23,0,0.0,Guilherme Estrella de Paiva,VAS,6,False,guilherme-estrella,130255,G. Estrella,267,https://s3.glbimg.com/v1/AUTH_58d78b787ec34892b5aaa0c7a146155f/clubes_2025/silhuetas/VAS/FORMATO.png,0.0,,,,,,,,,,,,,,,,,,,,,Meia,0,0.0,Não Jogou,False
622,4,Lukas Zuccarello,0.0,1.9,23,2,0.6,Lukas Rocha Zuccarello,VAS,6,False,lukas-zuccarello,130279,L. Zuccarello,267,https://s3.glbimg.com/v1/AUTH_58d78b787ec34892b5aaa0c7a146155f/clubes_2025/silhuetas/VAS/FORMATO.png,0.0,,1.0,1.0,,,,,,,,,,,,,,,,,,Meia,0,0.0,Não Jogou,False
623,1,Phillipe Gabriel,0.0,1.0,23,0,0.0,Phillipe Gabriel Pires de Oliveira,VAS,6,False,phillipe-gabriel,130280,P. Gabriel,267,https://s3.glbimg.com/v1/AUTH_58d78b787ec34892b5aaa0c7a146155f/clubes_2025/silhuetas/VAS/FORMATO.png,0.0,,,,,,,,,,,,,,,,,,,,,Goleiro,0,0.0,Não Jogou,False
624,5,Rafael Pinna,0.0,1.0,23,0,0.0,Rafael Oliveira Pinna,JUV,6,False,rafael-pinna,130316,R. Pinna,286,https://s3.glbimg.com/v1/AUTH_58d78b787ec34892b5aaa0c7a146155f/clubes_2025/silhuetas/JUV/FORMATO.png,0.0,,,,,,,,,,,,,,,,,,,,,Atacante,0,0.0,Não Jogou,False
625,2,Maykon,0.0,4.06,23,7,3.35,Maykon Kesley de Jesus Ramalho,VIT,6,False,maykon,130319,Maykon,287,https://s3.glbimg.com/v1/AUTH_58d78b787ec34892b5aaa0c7a146155f/clubes_2025/silhuetas/VIT/FORMATO.png,0.0,1.0,5.0,11.0,2.0,5.0,,,1.0,3.0,,,,,,,,,,,,Lateral,0,0.0,Não Jogou,False
626,4,Guilherme Gomes,0.0,2.0,23,0,0.0,Guilherme Henrique Bernardineli Gomes,FLA,6,False,guilherme-gomes,130382,G. Gomes,262,https://s3.glbimg.com/v1/AUTH_58d78b787ec34892b5aaa0c7a146155f/clubes_2025/silhuetas/FLA/FORMATO.png,0.0,,,,,,,,,,,,,,,,,,,,,Meia,0,0.0,Não Jogou,False
627,5,Maceió,0.0,2.65,23,5,0.84,Everton Leandro de Oliveira Santos,MIR,6,False,maceio,130386,Maceió,2305,https://s3.glbimg.com/v1/AUTH_58d78b787ec34892b5aaa0c7a146155f/clubes_2025/silhuetas/MIR/FORMATO.png,0.0,1.0,1.0,2.0,4.0,2.0,,1.0,1.0,,,,,,,,,,1.0,,,Atacante,0,0.0,Não Jogou,False
628,3,Luiz Gustavo,0.0,1.8,23,5,1.56,Luiz Gustavo Marinho Ribeiro dos Santos,BAH,6,False,luiz-gustavo,130393,L. Gustavo,265,https://s3.glbimg.com/v1/AUTH_58d78b787ec34892b5aaa0c7a146155f/clubes_2025/silhuetas/BAH/FORMATO.png,0.0,3.0,4.0,4.0,,2.0,,,,1.0,,,,,,,,,,,,Zagueiro,0,0.0,Não Jogou,False
629,5,Marlon,0.0,1.11,23,1,0.5,Marlon Santos Teodoro,JUV,6,False,marlon,130507,Marlon,286,https://s3.glbimg.com/v1/AUTH_58d78b787ec34892b5aaa0c7a146155f/clubes_2025/silhuetas/JUV/FORMATO.png,0.0,,,1.0,1.0,,,,,,,,,,,,,,,,,Atacante,0,0.0,Não Jogou,False
630,5,Riquelme Fillipi,0.0,0.92,23,1,0.0,Riquelme Fillipi Marinho de Souza,PAL,6,False,riquelme-fillipi,130608,R. Fillipi,275,https://s3.glbimg.com/v1/AUTH_58d78b787ec34892b5aaa0c7a146155f/clubes_2025/silhuetas/PAL/FORMATO.png,0.0,,,,,,,,,,,,,,,,,,,,,Atacante,0,0.0,Não Jogou,False
631,5,Luighi,0.0,2.95,23,6,1.05,Luighi Hanri Sousa Santos,PAL,6,False,luighi,130612,Luighi,275,https://s3.glbimg.com/v1/AUTH_58d78b787ec34892b5aaa0c7a146155f/clubes_2025/silhuetas/PAL/FORMATO.png,0.0,,4.0,5.0,,4.0,,2.0,,,,,,,,,,,,,,Atacante,0,0.0,Não Jogou,False
632,4,Edenílson,0.0,1.0,23,0,0.0,Edenílson Santos Nascimento Filho,VIT,6,False,edenilson,130620,Edenílson,287,https://s3.glbimg.com/v1/AUTH_58d78b787ec34892b5aaa0c7a146155f/clubes_2025/silhuetas/VIT/FORMATO.png,0.0,,,,,,,,,,,,,,,,,,,,,Meia,0,0.0,Não Jogou,False
633,4,Bernal,-0.45,4.55,23,12,2.55,Facundo Bernal Cruz,FLU,7,True,bernal,130650,Bernal,266,https://s3.glbimg.com/v1/AUTH_58d78b787ec34892b5aaa0c7a146155f/clubes_2025/silhuetas/FLU/FORMATO.png,5.6,5.0,19.0,12.0,5.0,10.0,,,4.0,,,,,,,,,,,,1.0,Meia,80,76.49,Bom,False
634,3,Boateng,0.0,1.0,23,0,0.0,Stanley Boateng Osei,RBB,6,False,boateng,130711,Boateng,280,https://s3.glbimg.com/v1/AUTH_58d78b787ec34892b5aaa0c7a146155f/clubes_2025/silhuetas/RBB/FORMATO.png,0.0,,,,,,,,,,,,,,,,,,,,,Zagueiro,0,0.0,Não Jogou,False
635,2,Souza,0.0,7.37,23,11,4.86,João Victor de Souza Menezes,SAN,7,False,souza,130811,Souza,277,https://s3.glbimg.com/v1/AUTH_58d78b787ec34892b5aaa0c7a146155f/clubes_2025/silhuetas/SAN/FORMATO.png,0.0,1.0,24.0,13.0,5.0,9.0,,1.0,,2.0,1.0,,,,,,,,1.0,,,Lateral,0,0.0,Não Jogou,False
636,3,Andrei,0.0,1.0,23,0,0.0,Andrei Gabriel dos Santos Ferreira,VIT,6,False,andrei,130869,Andrei,287,https://s3.glbimg.com/v1/AUTH_58d78b787ec34892b5aaa0c7a146155f/clubes_2025/silhuetas/VIT/FORMATO.png,0.0,,,,,,,,,,,,,,,,,,,,,Zagueiro,0,0.0,Não Jogou,False
637,4,Riquelme,0.0,2.84,23,8,2.09,Riquelme Freitas dos Santos,GRE,6,False,riquelme,130889,Riquelme,284,https://s3.glbimg.com/v1/AUTH_58d78b787ec34892b5aaa0c7a146155f/clubes_2025/silhuetas/GRE/FORMATO.png,0.0,,6.0,2.0,2.0,11.0,,,1.0,,,,,,,,,,,,,Meia,0,0.0,Não Jogou,False
638,5,Jardiel,0.0,0.84,23,3,0.17,Jardiel Maciel Libertino da Silva,GRE,6,False,jardiel,131455,Jardiel,284,https://s3.glbimg.com/v1/AUTH_58d78b787ec34892b5aaa0c7a146155f/clubes_2025/silhuetas/GRE/FORMATO.png,0.0,,,,,1.0,,,,,,,,,,,,,,,,Atacante,0,0.0,Não Jogou,False
639,4,Hyan,0.0,1.19,23,2,0.7,Hyan Carvalho Machado Silva,SAN,6,False,hyan,131515,Hyan,277,https://s3.glbimg.com/v1/AUTH_58d78b787ec34892b5aaa0c7a146155f/clubes_2025/silhuetas/SAN/FORMATO.png,0.0,,1.0,2.0,,1.0,,,,,,,,,,,,,,,,Meia,0,0.0,Não Jogou,False
640,2,JP Chermont,0.0,6.05,23,5,4.28,João Pedro Chermont Crema,SAN,6,False,jp-chermont,131516,J. Chermont,277,https://s3.glbimg.com/v1/AUTH_58d78b787ec34892b5aaa0c7a146155f/clubes_2025/silhuetas/SAN/FORMATO.png,0.0,3.0,14.0,9.0,1.0,1.0,,2.0,,1.0,,,,,,,,,,,,Lateral,0,0.0,Não Jogou,False
641,5,André Silva,0.0,6.73,23,19,4.32,André Oliveira e Silva,SAO,5,False,andre-silva,131617,A. Silva,276,https://s3.glbimg.com/v1/AUTH_58d78b787ec34892b5aaa0c7a146155f/clubes_2025/silhuetas/SAO/FORMATO.png,0.0,5.0,11.0,20.0,10.0,20.0,5.0,5.0,5.0,,2.0,,1.0,,,,,,,,,Atacante,0,0.0,Não Jogou,False
642,1,Felipe Longo,0.0,1.0,23,0,0.0,Felipe Longo Fernandes da Silva,COR,6,False,felipe-longo,131753,F. Longo,264,https://s3.glbimg.com/v1/AUTH_58d78b787ec34892b5aaa0c7a146155f/clubes_2025/silhuetas/COR/FORMATO.png,0.0,,,,,,,,,,,,,,,,,,,,,Goleiro,0,0.0,Não Jogou,False
643,3,Kevyn,0.0,1.0,23,0,0.0,Kevyn Henrique Monteiro de Souza,RBB,6,False,kevyn,131765,Kevyn,280,https://s3.glbimg.com/v1/AUTH_58d78b787ec34892b5aaa0c7a146155f/clubes_2025/silhuetas/RBB/FORMATO.png,0.0,,,,,,,,,,,,,,,,,,,,,Zagueiro,0,0.0,Não Jogou,False
644,5,Serna,0.0,6.48,23,17,4.04,Kevin Steven Serna Jaramillo,FLU,6,False,serna,132071,Serna,266,https://s3.glbimg.com/v1/AUTH_58d78b787ec34892b5aaa0c7a146155f/clubes_2025/silhuetas/FLU/FORMATO.png,0.0,1.0,13.0,6.0,5.0,16.0,3.0,1.0,4.0,,2.0,1.0,,,,,,,,,,Atacante,0,0.0,Não Jogou,False
645,5,Arroyo,-0.6,5.4,23,1,0.0,Keny Alexander Arroyo Alvarado,CRU,6,True,arroyo,132264,Arroyo,283,https://s3.glbimg.com/v1/AUTH_58d78b787ec34892b5aaa0c7a146155f/clubes_2025/silhuetas/CRU/FORMATO.png,0.0,,,,,,,,,,,,,,,,,,,,,Atacante,278,13.99,Regular,False
646,3,Jemmes,1.0,6.3,23,21,4.52,Jemmes Bruno Ribeiro da Silva,MIR,7,True,jemmes,132553,Jemmes,2305,https://s3.glbimg.com/v1/AUTH_58d78b787ec34892b5aaa0c7a146155f/clubes_2025/silhuetas/MIR/FORMATO.png,10.7,2.0,39.0,21.0,3.0,6.0,1.0,,1.0,6.0,,,,,,,,,,,,Zagueiro,20,94.35,Muito Bom,True
647,1,Davi Barbosa,0.0,1.0,23,0,0.0,Davi Barbosa da Silva Novaes,VIT,6,False,davi-barbosa,132560,D. Barbosa,287,https://s3.glbimg.com/v1/AUTH_58d78b787ec34892b5aaa0c7a146155f/clubes_2025/silhuetas/VIT/FORMATO.png,0.0,,,,,,,,,,,,,,,,,,,,,Goleiro,0,0.0,Não Jogou,False
648,5,Vinicinho,-0.18,5.47,23,19,3.06,Vinicius Mendonça Pereira,RBB,6,True,vinicinho,132580,Vinicinho,280,https://s3.glbimg.com/v1/AUTH_58d78b787ec34892b5aaa0c7a146155f/clubes_2025/silhuetas/RBB/FORMATO.png,0.0,2.0,18.0,14.0,6.0,32.0,,4.0,5.0,,2.0,1.0,,,,,,,,,,Atacante,278,13.99,Regular,False
649,5,Gui Negão,0.08,3.28,23,9,3.01,Guilherme William Silva Inácio,COR,3,True,gui-negao,133543,G. Negão,264,https://s3.glbimg.com/v1/AUTH_58d78b787ec34892b5aaa0c7a146155f/clubes_2025/silhuetas/COR/FORMATO.png,1.6,3.0,7.0,20.0,1.0,18.0,2.0,2.0,,,,,,,,,,,,,,Atacante,212,36.76,Regular,False
650,3,Igão,0.0,2.0,23,0,0.0,Igor Odoni Gomes,SAO,6,False,igao,133623,Igão,276,https://s3.glbimg.com/v1/AUTH_58d78b787ec34892b5aaa0c7a146155f/clubes_2025/silhuetas/SAO/FORMATO.png,0.0,,,,,,,,,,,,,,,,,,,,,Zagueiro,0,0.0,Não Jogou,False
651,5,Alysson,-0.46,5.32,23,16,4.33,Alysson Edward Franco da Rocha dos Santos,GRE,7,True,alysson,133669,Alysson,284,https://s3.glbimg.com/v1/AUTH_58d78b787ec34892b5aaa0c7a146155f/clubes_2025/silhuetas/GRE/FORMATO.png,1.6,1.0,25.0,11.0,7.0,33.0,,1.0,5.0,,1.0,,1.0,,,,,,,,,Atacante,212,36.76,Regular,False
652,1,Gustavo Reis,0.0,1.0,23,0,0.0,Gustavo Reis de Alcântara,RBB,6,False,gustavo-reis,133671,G. Reis,280,https://s3.glbimg.com/v1/AUTH_58d78b787ec34892b5aaa0c7a146155f/clubes_2025/silhuetas/RBB/FORMATO.png,0.0,,,,,,,,,,,,,,,,,,,,,Goleiro,0,0.0,Não Jogou,False
653,4,Mateus Xavier,0.0,1.0,23,3,0.5,Mateus Xavier de Sousa,SAN,6,False,mateus-xavier,133673,M. Xavier,277,https://s3.glbimg.com/v1/AUTH_58d78b787ec34892b5aaa0c7a146155f/clubes_2025/silhuetas/SAN/FORMATO.png,0.0,,1.0,,,,,,,,,,,,,,,,,,,Meia,0,0.0,Não Jogou,False
654,3,Benedetti,0.0,2.61,23,2,1.6,Luiz Gustavo Roncholeta Benedetti,PAL,6,False,benedetti,133679,Benedetti,275,https://s3.glbimg.com/v1/AUTH_58d78b787ec34892b5aaa0c7a146155f/clubes_2025/silhuetas/PAL/FORMATO.png,0.0,,2.0,2.0,1.0,,,,,,,,,,,,,,,,,Zagueiro,0,0.0,Não Jogou,False
655,4,Wallace Davi,0.0,2.0,23,0,0.0,Wallace Davi Nunes da Silva Dias,FLU,6,False,wallace-davi,133696,W. Davi,266,https://s3.glbimg.com/v1/AUTH_58d78b787ec34892b5aaa0c7a146155f/clubes_2025/silhuetas/FLU/FORMATO.png,0.0,,,,,,,,,,,,,,,,,,,,,Meia,0,0.0,Não Jogou,False
656,4,Yago Noal,0.0,1.14,23,2,0.6,Yago Eduardo Noal Lopes,INT,6,False,yago-noal,134246,Y. Noal,285,https://s3.glbimg.com/v1/AUTH_58d78b787ec34892b5aaa0c7a146155f/clubes_2025/silhuetas/INT/FORMATO.png,0.0,,1.0,1.0,,,,,,,,,,,,,,,,,,Meia,0,0.0,Não Jogou,False
657,4,Luis Otávio,0.0,2.36,23,11,1.7,Luis Otávio Costa de Aquino,INT,6,False,luis-otavio,136306,L. Otávio,285,https://s3.glbimg.com/v1/AUTH_58d78b787ec34892b5aaa0c7a146155f/clubes_2025/silhuetas/INT/FORMATO.png,0.0,,10.0,5.0,,8.0,,,1.0,,,,,,,,,,,,,Meia,0,0.0,Não Jogou,False
658,5,Sanabria,0.81,6.2,23,2,2.5,Mateo Naín Sanabria Doracio,BAH,7,True,sanabria,136955,Sanabria,265,https://s3.glbimg.com/v1/AUTH_58d78b787ec34892b5aaa0c7a146155f/clubes_2025/silhuetas/BAH/FORMATO.png,5.0,,2.0,2.0,,3.0,,1.0,1.0,,,,,,,,,,,,,Atacante,94,72.02,Bom,False
659,5,Micael,0.0,1.0,23,0,0.0,Micael de Barros Viturino,SPT,6,False,micael,137375,Micael,292,https://s3.glbimg.com/v1/AUTH_58d78b787ec34892b5aaa0c7a146155f/clubes_2025/silhuetas/SPT/FORMATO.png,0.0,,,,,,,,,,,,,,,,,,,,,Atacante,0,0.0,Não Jogou,False
660,5,Kaique Kenji,0.0,1.09,23,2,0.5,Kaique Kenji Takamura Correa,CRU,6,False,kaique-kenji,137542,K. Kenji,283,https://s3.glbimg.com/v1/AUTH_58d78b787ec34892b5aaa0c7a146155f/clubes_2025/silhuetas/CRU/FORMATO.png,0.0,,,,,2.0,,,,,,,,,,,,,,,,Atacante,0,0.0,Não Jogou,False
661,3,Clayton Sampaio,0.0,4.05,23,6,2.93,Clayton Sampaio Pereira,INT,6,False,clayton-sampaio,137618,C. Sampaio,285,https://s3.glbimg.com/v1/AUTH_58d78b787ec34892b5aaa0c7a146155f/clubes_2025/silhuetas/INT/FORMATO.png,0.0,2.0,7.0,7.0,1.0,,,,2.0,1.0,,,1.0,,,,,,,,,Zagueiro,0,0.0,Não Jogou,False
662,3,Palacios,0.0,1.7,23,2,1.3,Sergio Stevan Palacios Zapata,RBB,6,False,palacios,138021,Palacios,280,https://s3.glbimg.com/v1/AUTH_58d78b787ec34892b5aaa0c7a146155f/clubes_2025/silhuetas/RBB/FORMATO.png,0.0,2.0,,3.0,,1.0,,,,1.0,,,,,,,,,,,,Zagueiro,0,0.0,Não Jogou,False
663,5,Felipe Teresa,0.0,2.0,23,0,0.0,Felipe Gabriel Cunha Teresa,FLA,6,False,felipe-teresa,139000,F. Teresa,262,https://s3.glbimg.com/v1/AUTH_58d78b787ec34892b5aaa0c7a146155f/clubes_2025/silhuetas/FLA/FORMATO.png,0.0,,,,,,,,,,,,,,,,,,,,,Atacante,0,0.0,Não Jogou,False
664,4,Figueiredo,0.0,2.0,23,0,0.0,Vitor dos Santos Figueiredo,PAL,5,False,figueiredo,139001,Figueiredo,275,https://s3.glbimg.com/v1/AUTH_58d78b787ec34892b5aaa0c7a146155f/clubes_2025/silhuetas/PAL/FORMATO.png,0.0,,,,,,,,,,,,,,,,,,,,,Meia,0,0.0,Não Jogou,False
665,6,Filipe Luís,0.57,13.14,23,22,7.55,Filipe Luís Kasmirski,FLA,7,True,filipe-luis,139076,F. Luís,262,https://s3.glbimg.com/v1/AUTH_58d78b787ec34892b5aaa0c7a146155f/clubes_2025/silhuetas/FLA/FORMATO.png,8.85,,,,,,,,,,,,,15.0,,,,,,,,Técnico,39,88.69,Bom,False
666,3,Pedro Kauã,0.0,1.0,23,0,0.0,Pedro Kauã Rodrigues Machado,INT,6,False,pedro-kaua,139200,P. Kauã,285,https://s3.glbimg.com/v1/AUTH_58d78b787ec34892b5aaa0c7a146155f/clubes_2025/silhuetas/INT/FORMATO.png,0.0,,,,,,,,,,,,,,,,,,,,,Zagueiro,0,0.0,Não Jogou,False
667,2,Kauã Prates,-0.32,3.43,23,4,3.17,Kauã Prates de Almeida,CRU,6,True,kaua-prates,139345,K. Prates,283,https://s3.glbimg.com/v1/AUTH_58d78b787ec34892b5aaa0c7a146155f/clubes_2025/silhuetas/CRU/FORMATO.png,1.5,1.0,3.0,4.0,,1.0,,1.0,,2.0,,,,,,,,,,,,Lateral,216,34.52,Regular,False
668,5,Caio Maia,0.0,2.0,23,0,0.0,Caio da Silva Maia,CAM,5,False,caio-maia,139455,C. Maia,282,https://s3.glbimg.com/v1/AUTH_58d78b787ec34892b5aaa0c7a146155f/clubes_2025/silhuetas/CAM/FORMATO.png,0.0,,,,,,,,,,,,,,,,,,,,,Atacante,0,0.0,Não Jogou,False
669,5,João Marcelo,0.0,3.46,23,7,1.51,João Marcelo Soares de Freitas,CAM,6,False,joao-marcelo,140364,J. Marcelo,282,https://s3.glbimg.com/v1/AUTH_58d78b787ec34892b5aaa0c7a146155f/clubes_2025/silhuetas/CAM/FORMATO.png,0.0,,1.0,3.0,2.0,,,2.0,3.0,,1.0,,,,,,,,,,,Atacante,0,0.0,Não Jogou,False
670,5,Riquelme Felipe,0.27,4.08,23,4,1.12,Riquelme Felipe Silva de Almeida,FLU,6,True,riquelme-felipe,140484,R. Felipe,266,https://s3.glbimg.com/v1/AUTH_58d78b787ec34892b5aaa0c7a146155f/clubes_2025/silhuetas/FLU/FORMATO.png,3.5,,2.0,1.0,1.0,2.0,,,,,,,,,,,,,,,,Atacante,136,59.38,Regular,False
671,3,João Victor,0.0,2.0,23,0,0.0,João Victor de Souza Cunha,FLA,6,False,joao-victor,140492,J. Victor,262,https://s3.glbimg.com/v1/AUTH_58d78b787ec34892b5aaa0c7a146155f/clubes_2025/silhuetas/FLA/FORMATO.png,0.0,,,,,,,,,,,,,,,,,,,,,Zagueiro,0,0.0,Não Jogou,False
672,4,João Alves,0.0,1.0,23,0,0.0,João Victor Alves Ferreira,FLA,6,False,joao-alves,140494,J. Alves,262,https://s3.glbimg.com/v1/AUTH_58d78b787ec34892b5aaa0c7a146155f/clubes_2025/silhuetas/FLA/FORMATO.png,0.0,,,,,,,,,,,,,,,,,,,,,Meia,0,0.0,Não Jogou,False
673,5,Ryan Francisco,0.0,3.62,23,7,2.69,Ryan Francisco Rodrigues dos Santos Silva,SAO,5,False,ryan-francisco,140542,R. Francisco,276,https://s3.glbimg.com/v1/AUTH_58d78b787ec34892b5aaa0c7a146155f/clubes_2025/silhuetas/SAO/FORMATO.png,0.0,,,4.0,2.0,5.0,2.0,1.0,,,,,,,,,,,,,,Atacante,0,0.0,Não Jogou,False
674,4,David Martins,0.0,1.0,23,0,0.0,David Martins Almeida de Lira,BAH,6,False,david-martins,140726,D. Martins,265,https://s3.glbimg.com/v1/AUTH_58d78b787ec34892b5aaa0c7a146155f/clubes_2025/silhuetas/BAH/FORMATO.png,0.0,,,,,,,,,,,,,,,,,,,,,Meia,0,0.0,Não Jogou,False
675,5,Davi Gomes,0.0,2.93,23,4,3.3,Davi Gomes de Alvarenga,RBB,6,False,davi-gomes,140906,D. Gomes,280,https://s3.glbimg.com/v1/AUTH_58d78b787ec34892b5aaa0c7a146155f/clubes_2025/silhuetas/RBB/FORMATO.png,0.0,,1.0,2.0,2.0,3.0,1.0,,1.0,,,,,,,,,,,,,Atacante,0,0.0,Não Jogou,False
676,1,Bruno Bertinato,0.0,2.0,23,0,0.0,Bruno Oliveira Bertinato,MIR,6,False,bruno-bertinato,140908,B. Bertinato,2305,https://s3.glbimg.com/v1/AUTH_58d78b787ec34892b5aaa0c7a146155f/clubes_2025/silhuetas/MIR/FORMATO.png,0.0,,,,,,,,,,,,,,,,,,,,,Goleiro,0,0.0,Não Jogou,False
677,2,Kaio Borges,0.0,1.0,23,0,0.0,Kaio Borges Correa,FLU,6,False,kaio-borges,141039,K. Borges,266,https://s3.glbimg.com/v1/AUTH_58d78b787ec34892b5aaa0c7a146155f/clubes_2025/silhuetas/FLU/FORMATO.png,0.0,,,,,,,,,,,,,,,,,,,,,Lateral,0,0.0,Não Jogou,False
678,3,Davi Schuindt,0.0,1.24,23,2,0.7,Davi Duarte Schuindt,FLU,6,False,davi-schuindt,141040,D. Schuindt,266,https://s3.glbimg.com/v1/AUTH_58d78b787ec34892b5aaa0c7a146155f/clubes_2025/silhuetas/FLU/FORMATO.png,0.0,,,1.0,,1.0,,,1.0,,,,,,,,,,,,,Zagueiro,0,0.0,Não Jogou,False
679,3,Kauã Branco,0.0,1.0,23,0,0.0,Kauã Oliveira Branco,BOT,6,False,kaua-branco,141084,K. Branco,263,https://s3.glbimg.com/v1/AUTH_58d78b787ec34892b5aaa0c7a146155f/clubes_2025/silhuetas/BOT/FORMATO.png,0.0,,,,,,,,,,,,,,,,,,,,,Zagueiro,0,0.0,Não Jogou,False
680,1,Robert,0.0,1.0,23,0,0.0,Robert Pinto Alves Assunção,CAM,6,False,robert,141125,Robert,282,https://s3.glbimg.com/v1/AUTH_58d78b787ec34892b5aaa0c7a146155f/clubes_2025/silhuetas/CAM/FORMATO.png,0.0,,,,,,,,,,,,,,,,,,,,,Goleiro,0,0.0,Não Jogou,False
681,3,Vitão,0.0,1.0,23,0,0.0,Vitor Fernandes Chaves Teixeira,CAM,6,False,vitao,141131,Vitão,282,https://s3.glbimg.com/v1/AUTH_58d78b787ec34892b5aaa0c7a146155f/clubes_2025/silhuetas/CAM/FORMATO.png,0.0,,,,,,,,,,,,,,,,,,,,,Zagueiro,0,0.0,Não Jogou,False
682,4,Zé Phelipe,0.0,1.0,23,0,0.0,José Phelipe dos Santos Dutra,CAM,6,False,ze-phelipe,141138,Z. Phelipe,282,https://s3.glbimg.com/v1/AUTH_58d78b787ec34892b5aaa0c7a146155f/clubes_2025/silhuetas/CAM/FORMATO.png,0.0,,,,,,,,,,,,,,,,,,,,,Meia,0,0.0,Não Jogou,False
683,4,Mateus Iseppe,0.0,2.53,23,1,2.0,Mateus José Iseppe,CAM,6,False,mateus-iseppe,141139,M. Iseppe,282,https://s3.glbimg.com/v1/AUTH_58d78b787ec34892b5aaa0c7a146155f/clubes_2025/silhuetas/CAM/FORMATO.png,0.0,,1.0,,,1.0,,,,,,,,,,,,,,,,Meia,0,0.0,Não Jogou,False
684,1,Davi,0.0,2.0,23,0,0.0,Davi Medeiros Serrano Lira,SPT,6,False,davi,141145,Davi,292,https://s3.glbimg.com/v1/AUTH_58d78b787ec34892b5aaa0c7a146155f/clubes_2025/silhuetas/SPT/FORMATO.png,0.0,,,,,,,,,,,,,,,,,,,,,Goleiro,0,0.0,Não Jogou,False
685,3,Rafinha,0.0,1.0,23,0,0.0,Rafael Lima da Silva,SPT,6,False,rafinha,141150,Rafinha,292,https://s3.glbimg.com/v1/AUTH_58d78b787ec34892b5aaa0c7a146155f/clubes_2025/silhuetas/SPT/FORMATO.png,0.0,,,,,,,,,,,,,,,,,,,,,Zagueiro,0,0.0,Não Jogou,False
686,2,Felipinho,0.0,3.0,23,0,0.0,Felipe Gabriel dos Santos Silva,SPT,6,False,felipinho,141151,Felipinho,292,https://s3.glbimg.com/v1/AUTH_58d78b787ec34892b5aaa0c7a146155f/clubes_2025/silhuetas/SPT/FORMATO.png,0.0,,,,,,,,,,,,,,,,,,,,,Lateral,0,0.0,Não Jogou,False
687,3,Riquelme,0.0,1.0,23,0,0.0,Riquelme Felipe da Silva de Oliveira,SPT,6,False,riquelme,141153,Riquelme,292,https://s3.glbimg.com/v1/AUTH_58d78b787ec34892b5aaa0c7a146155f/clubes_2025/silhuetas/SPT/FORMATO.png,0.0,,,,,,,,,,,,,,,,,,,,,Zagueiro,0,0.0,Não Jogou,False
688,3,Felype Gabriel,0.0,1.0,23,0,0.0,Felype Gabriel Alencar Carvalho,SPT,6,False,felype-gabriel,141154,F. Gabriel,292,https://s3.glbimg.com/v1/AUTH_58d78b787ec34892b5aaa0c7a146155f/clubes_2025/silhuetas/SPT/FORMATO.png,0.0,,,,,,,,,,,,,,,,,,,,,Zagueiro,0,0.0,Não Jogou,False
689,4,Adriel,0.0,1.0,23,0,0.0,Adriel Gomes do Nascimento,SPT,6,False,adriel,141156,Adriel,292,https://s3.glbimg.com/v1/AUTH_58d78b787ec34892b5aaa0c7a146155f/clubes_2025/silhuetas/SPT/FORMATO.png,0.0,,,,,,,,,,,,,,,,,,,,,Meia,0,0.0,Não Jogou,False
690,4,Breno,0.0,2.0,23,0,0.0,Breno José da Silva Santos,SPT,6,False,breno,141158,Breno,292,https://s3.glbimg.com/v1/AUTH_58d78b787ec34892b5aaa0c7a146155f/clubes_2025/silhuetas/SPT/FORMATO.png,0.0,,,,,,,,,,,,,,,,,,,,,Meia,0,0.0,Não Jogou,False
691,4,Zé Lucas,-0.79,4.91,23,18,3.16,José Lucas Gomes da Silva,SPT,7,True,ze-lucas,141160,Z. Lucas,292,https://s3.glbimg.com/v1/AUTH_58d78b787ec34892b5aaa0c7a146155f/clubes_2025/silhuetas/SPT/FORMATO.png,-0.3,2.0,31.0,22.0,6.0,19.0,,2.0,4.0,,,,,,,,,,,,,Meia,307,6.99,Ruim,False
692,4,Gago,0.0,1.0,23,0,0.0,Luiz Henrique Duarte Batista,SPT,6,False,gago,141161,Gago,292,https://s3.glbimg.com/v1/AUTH_58d78b787ec34892b5aaa0c7a146155f/clubes_2025/silhuetas/SPT/FORMATO.png,0.0,,,,,,,,,,,,,,,,,,,,,Meia,0,0.0,Não Jogou,False
693,4,Jefinho,0.0,1.99,23,1,2.8,Jefferson Borges do Nascimento,SPT,6,False,jefinho,141162,Jefinho,292,https://s3.glbimg.com/v1/AUTH_58d78b787ec34892b5aaa0c7a146155f/clubes_2025/silhuetas/SPT/FORMATO.png,0.0,,1.0,,1.0,1.0,,,,,,,,,,,,,,,,Meia,0,0.0,Não Jogou,False
694,4,Huguinho,0.0,2.01,23,1,0.5,Victor Hugo Custódio de Melo Moura,BOT,6,False,huguinho,141400,Huguinho,263,https://s3.glbimg.com/v1/AUTH_58d78b787ec34892b5aaa0c7a146155f/clubes_2025/silhuetas/BOT/FORMATO.png,0.0,,,1.0,1.0,,,,,,,,,,,,,,,,,Meia,0,0.0,Não Jogou,False
695,5,Kayke Queiroz,0.0,3.0,23,0,0.0,Kayke Gouvêa Queiroz,FOR,6,False,kayke-queiroz,141401,K. Queiroz,356,https://s3.glbimg.com/v1/AUTH_58d78b787ec34892b5aaa0c7a146155f/clubes_2025/silhuetas/FOR/FORMATO.png,0.0,,,,,,,,,,,,,,,,,,,,,Atacante,0,0.0,Não Jogou,False
696,2,Avellar,0.0,1.0,23,0,0.0,Riquelme Avellar da Silva Fortes,VAS,6,False,avellar,141405,Avellar,267,https://s3.glbimg.com/v1/AUTH_58d78b787ec34892b5aaa0c7a146155f/clubes_2025/silhuetas/VAS/FORMATO.png,0.0,,,,,,,,,,,,,,,,,,,,,Lateral,0,0.0,Não Jogou,False
697,3,Fredi Lippert,0.0,1.5,23,1,1.7,Frederico Lippert Neto Gomes,BAH,6,False,fredi-lippert,141419,F. Lippert,265,https://s3.glbimg.com/v1/AUTH_58d78b787ec34892b5aaa0c7a146155f/clubes_2025/silhuetas/BAH/FORMATO.png,0.0,,1.0,1.0,,1.0,,,,,,,,,,,,,,,,Zagueiro,0,0.0,Não Jogou,False
698,3,Gustavo Cintra,0.0,1.0,23,0,0.0,Gustavo Cintra Rocha,FLU,6,False,gustavo-cintra,141433,G. Cintra,266,https://s3.glbimg.com/v1/AUTH_58d78b787ec34892b5aaa0c7a146155f/clubes_2025/silhuetas/FLU/FORMATO.png,0.0,,,,,,,,,,,,,,,,,,,,,Zagueiro,0,0.0,Não Jogou,False
699,4,Allan,0.0,4.3,23,13,2.75,Allan Andrade Elias,PAL,6,False,allan,141451,Allan,275,https://s3.glbimg.com/v1/AUTH_58d78b787ec34892b5aaa0c7a146155f/clubes_2025/silhuetas/PAL/FORMATO.png,0.0,,16.0,4.0,4.0,7.0,1.0,,1.0,,,,,,1.0,,,,,,,Meia,0,0.0,Não Jogou,False
700,4,Atencio,0.0,3.18,23,12,0.91,Rodrigo Uriel Atencio,SPT,6,False,atencio,141453,Atencio,292,https://s3.glbimg.com/v1/AUTH_58d78b787ec34892b5aaa0c7a146155f/clubes_2025/silhuetas/SPT/FORMATO.png,0.0,1.0,1.0,4.0,6.0,3.0,,,2.0,,,,1.0,,,,,,,,,Meia,0,0.0,Não Jogou,False
701,2,Pablo,0.0,1.0,23,0,0.0,Pablo Pereira da Costa,INT,6,False,pablo,141467,Pablo,285,https://s3.glbimg.com/v1/AUTH_58d78b787ec34892b5aaa0c7a146155f/clubes_2025/silhuetas/INT/FORMATO.png,0.0,,,,,,,,,,,,,,,,,,,,,Lateral,0,0.0,Não Jogou,False
702,4,Lucca Prior,-1.17,3.93,23,11,3.41,Lucca Prior Pimenta,FOR,7,True,lucca-prior,141526,L. Prior,356,https://s3.glbimg.com/v1/AUTH_58d78b787ec34892b5aaa0c7a146155f/clubes_2025/silhuetas/FOR/FORMATO.png,2.0,1.0,10.0,12.0,3.0,13.0,2.0,2.0,2.0,,,,,,,,,,,,,Meia,191,42.41,Regular,False
703,4,Índio,0.0,1.0,23,0,0.0,Hendel dos Santos Nascimento,CAM,6,False,indio,141551,Índio,282,https://s3.glbimg.com/v1/AUTH_58d78b787ec34892b5aaa0c7a146155f/clubes_2025/silhuetas/CAM/FORMATO.png,0.0,,,,,,,,,,,,,,,,,,,,,Meia,0,0.0,Não Jogou,False
704,5,Gabriel Mec,0.0,2.0,23,0,0.0,Gabriel Ferreira de Carvalho,GRE,6,False,gabriel-mec,141595,G. Mec,284,https://s3.glbimg.com/v1/AUTH_58d78b787ec34892b5aaa0c7a146155f/clubes_2025/silhuetas/GRE/FORMATO.png,0.0,,,,,,,,,,,,,,,,,,,,,Atacante,0,0.0,Não Jogou,False
705,5,Lucca,0.0,1.47,23,3,1.0,Lucca Marques Alencar,SAO,6,False,lucca,141609,Lucca,276,https://s3.glbimg.com/v1/AUTH_58d78b787ec34892b5aaa0c7a146155f/clubes_2025/silhuetas/SAO/FORMATO.png,0.0,,1.0,3.0,,5.0,,1.0,,,,,,,,,,,,,,Atacante,0,0.0,Não Jogou,False
706,1,João Pedro,0.0,1.0,23,0,0.0,João Pedro Pantiga Gomes,SAO,6,False,joao-pedro,141610,J. Pedro,276,https://s3.glbimg.com/v1/AUTH_58d78b787ec34892b5aaa0c7a146155f/clubes_2025/silhuetas/SAO/FORMATO.png,0.0,,,,,,,,,,,,,,,,,,,,,Goleiro,0,0.0,Não Jogou,False
707,2,Maik,0.0,6.35,23,2,9.1,Maik Gomes Viegas,SAO,6,False,maik,141611,Maik,276,https://s3.glbimg.com/v1/AUTH_58d78b787ec34892b5aaa0c7a146155f/clubes_2025/silhuetas/SAO/FORMATO.png,0.0,2.0,5.0,7.0,1.0,2.0,1.0,,,1.0,,,,,,,,,,,,Lateral,0,0.0,Não Jogou,False
708,5,Paulinho,0.0,1.0,23,0,0.0,Paulo Sérgio Venuto Bezerra,SAO,6,False,paulinho,141614,Paulinho,276,https://s3.glbimg.com/v1/AUTH_58d78b787ec34892b5aaa0c7a146155f/clubes_2025/silhuetas/SAO/FORMATO.png,0.0,,,,,,,,,,,,,,,,,,,,,Atacante,0,0.0,Não Jogou,False
709,4,Pedro Ferreira,0.0,1.0,23,0,0.0,Pedro Henrique Ferreira da Silva,SAO,6,False,pedro-ferreira,141615,P. Ferreira,276,https://s3.glbimg.com/v1/AUTH_58d78b787ec34892b5aaa0c7a146155f/clubes_2025/silhuetas/SAO/FORMATO.png,0.0,,,,,,,,,,,,,,,,,,,,,Meia,0,0.0,Não Jogou,False
710,4,Pablo Lúcio,0.0,1.0,23,0,0.0,Pablo Lúcio,FLA,6,False,pablo-lucio,141628,P. Lúcio,262,https://s3.glbimg.com/v1/AUTH_58d78b787ec34892b5aaa0c7a146155f/clubes_2025/silhuetas/FLA/FORMATO.png,0.0,,,,,,,,,,,,,,,,,,,,,Meia,0,0.0,Não Jogou,False
711,1,Fernando Costa,0.0,1.0,23,0,0.0,Fernando Henrique Pires Costa,RBB,6,False,fernando-costa,141643,F. Costa,280,https://s3.glbimg.com/v1/AUTH_58d78b787ec34892b5aaa0c7a146155f/clubes_2025/silhuetas/RBB/FORMATO.png,0.0,,,,,,,,,,,,,,,,,,,,,Goleiro,0,0.0,Não Jogou,False
712,4,Gabriel Bontempo,0.0,5.32,23,18,3.18,Gabriel Morais Silva Bontempo,SAN,6,False,gabriel-bontempo,141754,G. Bontempo,277,https://s3.glbimg.com/v1/AUTH_58d78b787ec34892b5aaa0c7a146155f/clubes_2025/silhuetas/SAN/FORMATO.png,0.0,1.0,24.0,10.0,4.0,18.0,1.0,,,,1.0,,,,,,,,,,,Meia,0,0.0,Não Jogou,False
713,2,Fabiano Souza,-0.04,7.29,23,18,4.43,Fabiano Josué de Souza Silva,CEA,3,True,fabiano-souza,141763,F. Souza,354,https://s3.glbimg.com/v1/AUTH_58d78b787ec34892b5aaa0c7a146155f/clubes_2025/silhuetas/CEA/FORMATO.png,4.8,5.0,26.0,29.0,5.0,29.0,,,1.0,7.0,,,,,,,,,,,,Lateral,98,70.98,Regular,False
714,5,Athyrson,0.0,1.0,23,0,0.0,Athyrson Ferreira Prates,RBB,6,False,athyrson,141771,Athyrson,280,https://s3.glbimg.com/v1/AUTH_58d78b787ec34892b5aaa0c7a146155f/clubes_2025/silhuetas/RBB/FORMATO.png,0.0,,,,,,,,,,,,,,,,,,,,,Atacante,0,0.0,Não Jogou,False
715,4,Gustavo Henrique,0.0,1.0,23,0,0.0,Gustavo Henrique Pereira,SAN,6,False,gustavo-henrique,141776,G. Henrique,277,https://s3.glbimg.com/v1/AUTH_58d78b787ec34892b5aaa0c7a146155f/clubes_2025/silhuetas/SAN/FORMATO.png,0.0,,,,,,,,,,,,,,,,,,,,,Meia,0,0.0,Não Jogou,False
716,3,Kauan,0.0,1.0,23,0,0.0,Kauan Santos Neves Coutinho,VIT,6,False,kauan,141795,Kauan,287,https://s3.glbimg.com/v1/AUTH_58d78b787ec34892b5aaa0c7a146155f/clubes_2025/silhuetas/VIT/FORMATO.png,0.0,,,,,,,,,,,,,,,,,,,,,Zagueiro,0,0.0,Não Jogou,False
717,5,Guilherme,0.0,3.29,23,5,2.16,Guilherme Luiz Oliveira da Silva,CEA,6,False,guilherme,141806,Guilherme,354,https://s3.glbimg.com/v1/AUTH_58d78b787ec34892b5aaa0c7a146155f/clubes_2025/silhuetas/CEA/FORMATO.png,0.0,,5.0,4.0,1.0,5.0,,,1.0,,,,,,,,,,,,,Atacante,0,0.0,Não Jogou,False
718,2,Vinicius Lira,0.0,3.0,23,0,0.0,Vinicius Rodrigues Lira,SAN,6,False,vinicius-lira,141868,V. Lira,277,https://s3.glbimg.com/v1/AUTH_58d78b787ec34892b5aaa0c7a146155f/clubes_2025/silhuetas/SAN/FORMATO.png,0.0,,,,,,,,,,,,,,,,,,,,,Lateral,0,0.0,Não Jogou,False
719,2,Jacaré,0.0,1.0,23,0,0.0,João Vitor Barros Silva,COR,6,False,jacare,141873,Jacaré,264,https://s3.glbimg.com/v1/AUTH_58d78b787ec34892b5aaa0c7a146155f/clubes_2025/silhuetas/COR/FORMATO.png,0.0,,,,,,,,,,,,,,,,,,,,,Lateral,0,0.0,Não Jogou,False
720,4,Dedé,0.0,1.0,23,0,0.0,Josenildo José dos Santos Neto,SPT,6,False,dede,141874,Dedé,292,https://s3.glbimg.com/v1/AUTH_58d78b787ec34892b5aaa0c7a146155f/clubes_2025/silhuetas/SPT/FORMATO.png,0.0,,,,,,,,,,,,,,,,,,,,,Meia,0,0.0,Não Jogou,False
721,4,Dieguinho,0.0,1.73,23,5,1.2,Diego da Cruz Lopes,COR,6,False,dieguinho,141995,Dieguinho,264,https://s3.glbimg.com/v1/AUTH_58d78b787ec34892b5aaa0c7a146155f/clubes_2025/silhuetas/COR/FORMATO.png,0.0,,3.0,1.0,1.0,2.0,,,,,,,,,,,,,,,,Meia,0,0.0,Não Jogou,False
722,3,João Silva,0.0,4.76,23,11,2.71,João Pedro Eira Antunes da Silva,SPT,6,False,joao-silva,141996,J. Silva,292,https://s3.glbimg.com/v1/AUTH_58d78b787ec34892b5aaa0c7a146155f/clubes_2025/silhuetas/SPT/FORMATO.png,0.0,1.0,9.0,9.0,2.0,2.0,,,2.0,3.0,,,,,,,,,,,,Zagueiro,0,0.0,Não Jogou,False
723,5,Amuzu,0.0,4.43,23,10,2.34,Francis Amuzu,GRE,6,False,amuzu,142004,Amuzu,284,https://s3.glbimg.com/v1/AUTH_58d78b787ec34892b5aaa0c7a146155f/clubes_2025/silhuetas/GRE/FORMATO.png,0.0,2.0,1.0,4.0,8.0,10.0,1.0,2.0,5.0,,,,,,,,,,,,,Atacante,0,0.0,Não Jogou,False
724,3,Bruno Alves,0.0,1.0,23,0,0.0,Bruno Ferreira Alves,CRU,6,False,bruno-alves,142049,B. Alves,283,https://s3.glbimg.com/v1/AUTH_58d78b787ec34892b5aaa0c7a146155f/clubes_2025/silhuetas/CRU/FORMATO.png,0.0,,,,,,,,,,,,,,,,,,,,,Zagueiro,0,0.0,Não Jogou,False
725,1,Marcelo Eráclito,0.0,1.0,23,0,0.0,Marcelo Eráclito de Souza Filho,CRU,6,False,marcelo-eraclito,142130,M. Eráclito,283,https://s3.glbimg.com/v1/AUTH_58d78b787ec34892b5aaa0c7a146155f/clubes_2025/silhuetas/CRU/FORMATO.png,0.0,,,,,,,,,,,,,,,,,,,,,Goleiro,0,0.0,Não Jogou,False
726,3,Luis Eduardo,0.0,2.0,23,0,0.0,Luis Eduardo Guedes de Souza,GRE,6,False,luis-eduardo,142257,L. Eduardo,284,https://s3.glbimg.com/v1/AUTH_58d78b787ec34892b5aaa0c7a146155f/clubes_2025/silhuetas/GRE/FORMATO.png,0.0,,,,,,,,,,,,,,,,,,,,,Zagueiro,0,0.0,Não Jogou,False
727,5,Jeferson,0.0,1.0,23,0,0.0,Jeferson Borges dos Santos,GRE,6,False,jeferson,142261,Jeferson,284,https://s3.glbimg.com/v1/AUTH_58d78b787ec34892b5aaa0c7a146155f/clubes_2025/silhuetas/GRE/FORMATO.png,0.0,,,,,,,,,,,,,,,,,,,,,Atacante,0,0.0,Não Jogou,False
728,5,Dell,0.0,1.0,23,0,0.0,Wendeson Wanderley Santos de Melo,BAH,6,False,dell,142265,Dell,265,https://s3.glbimg.com/v1/AUTH_58d78b787ec34892b5aaa0c7a146155f/clubes_2025/silhuetas/BAH/FORMATO.png,0.0,,,,,,,,,,,,,,,,,,,,,Atacante,0,0.0,Não Jogou,False
729,1,Zé Henrique,0.0,1.0,23,0,0.0,José Henrique Camargo,JUV,6,False,ze-henrique,142268,Z. Henrique,286,https://s3.glbimg.com/v1/AUTH_58d78b787ec34892b5aaa0c7a146155f/clubes_2025/silhuetas/JUV/FORMATO.png,0.0,,,,,,,,,,,,,,,,,,,,,Goleiro,0,0.0,Não Jogou,False
730,5,Nuno Moreira,-1.61,8.15,23,20,5.09,Nuno Gonçalo Rocha Moreira,VAS,7,True,nuno-moreira,142279,N. Moreira,267,https://s3.glbimg.com/v1/AUTH_58d78b787ec34892b5aaa0c7a146155f/clubes_2025/silhuetas/VAS/FORMATO.png,2.5,1.0,19.0,13.0,5.0,26.0,4.0,5.0,8.0,,4.0,,,,,,,,,,,Atacante,167,50.15,Regular,False
731,4,Wanderson Papaterra,0.0,2.0,23,0,0.0,Wanderson Papaterra Matos,VIT,6,False,wanderson-papaterra,142445,W. Papaterra,287,https://s3.glbimg.com/v1/AUTH_58d78b787ec34892b5aaa0c7a146155f/clubes_2025/silhuetas/VIT/FORMATO.png,0.0,,,,,,,,,,,,,,,,,,,,,Meia,0,0.0,Não Jogou,False
732,4,Barrera,0.0,4.79,23,1,0.5,Jordan Andrés Barrera Herrera,BOT,6,False,barrera,142484,Barrera,263,https://s3.glbimg.com/v1/AUTH_58d78b787ec34892b5aaa0c7a146155f/clubes_2025/silhuetas/BOT/FORMATO.png,0.0,,,,,1.0,,,,,,,,,,,,,,,,Meia,0,0.0,Não Jogou,False
733,5,Robinho Jr.,-0.54,2.05,23,4,1.13,Robson de Souza Júnior,SAN,6,True,robinho-jr,142867,R. Jr.,277,https://s3.glbimg.com/v1/AUTH_58d78b787ec34892b5aaa0c7a146155f/clubes_2025/silhuetas/SAN/FORMATO.png,-0.3,,2.0,1.0,1.0,2.0,,,,,,,,,,,,,,,,Atacante,307,6.99,Ruim,False
734,4,Montoro,0.0,9.36,23,9,4.65,Álvaro Montoro,BOT,7,False,montoro,142890,Montoro,263,https://s3.glbimg.com/v1/AUTH_58d78b787ec34892b5aaa0c7a146155f/clubes_2025/silhuetas/BOT/FORMATO.png,0.0,2.0,11.0,6.0,3.0,12.0,1.0,,4.0,,1.0,,1.0,,,,,,,,,Meia,0,0.0,Não Jogou,False
735,1,Salvador,0.0,1.0,23,0,0.0,Eduardo Salvador Correia,FOR,6,False,salvador,143040,Salvador,356,https://s3.glbimg.com/v1/AUTH_58d78b787ec34892b5aaa0c7a146155f/clubes_2025/silhuetas/FOR/FORMATO.png,0.0,,,,,,,,,,,,,,,,,,,,,Goleiro,0,0.0,Não Jogou,False
736,6,Martín Palermo,2.62,11.71,23,1,9.18,Martín Palermo,FOR,6,True,martin-palermo,143194,M. Palermo,356,https://s3.glbimg.com/v1/AUTH_58d78b787ec34892b5aaa0c7a146155f/clubes_2025/silhuetas/FOR/FORMATO.png,9.18,,,,,,,,,,,,,1.0,,,,,,,,Técnico,36,89.58,Bom,False
737,5,Wendell,0.0,1.83,23,1,2.5,Wendell dos Santos Sacramento,VIT,6,False,wendell,143253,Wendell,287,https://s3.glbimg.com/v1/AUTH_58d78b787ec34892b5aaa0c7a146155f/clubes_2025/silhuetas/VIT/FORMATO.png,0.0,,1.0,,,2.0,,,,,,,,,,,,,,,,Atacante,0,0.0,Não Jogou,False
738,5,Kauan Vitor,0.0,1.0,23,0,0.0,Kauan Vitor Silva Ferreira de Melo,VIT,6,False,kauan-vitor,143255,K. Vitor,287,https://s3.glbimg.com/v1/AUTH_58d78b787ec34892b5aaa0c7a146155f/clubes_2025/silhuetas/VIT/FORMATO.png,0.0,,,,,,,,,,,,,,,,,,,,,Atacante,0,0.0,Não Jogou,False
739,4,Joshua,0.0,2.0,23,0,0.0,Caio Joshua Lana de Andrade,FLA,6,False,joshua,143295,Joshua,262,https://s3.glbimg.com/v1/AUTH_58d78b787ec34892b5aaa0c7a146155f/clubes_2025/silhuetas/FLA/FORMATO.png,0.0,,,,,,,,,,,,,,,,,,,,,Meia,0,0.0,Não Jogou,False
740,4,Murilo Rhikman,0.0,0.91,23,1,0.0,Murilo Rhikman Alves Pimentel,CRU,6,False,murilo-rhikman,143350,M. Rhikman,283,https://s3.glbimg.com/v1/AUTH_58d78b787ec34892b5aaa0c7a146155f/clubes_2025/silhuetas/CRU/FORMATO.png,0.0,,,,,,,,,,,,,,,,,,,,,Meia,0,0.0,Não Jogou,False
741,2,Léo Jance,0.0,1.0,23,0,0.0,Leonardo de Oliveira Jance,FLU,6,False,leo-jance,143377,L. Jance,266,https://s3.glbimg.com/v1/AUTH_58d78b787ec34892b5aaa0c7a146155f/clubes_2025/silhuetas/FLU/FORMATO.png,0.0,,,,,,,,,,,,,,,,,,,,,Lateral,0,0.0,Não Jogou,False
742,2,Gabriel Caipira,0.0,1.0,23,0,0.0,Gabriel Henrique Soares da Silva,COR,6,False,gabriel-caipira,143452,G. Caipira,264,https://s3.glbimg.com/v1/AUTH_58d78b787ec34892b5aaa0c7a146155f/clubes_2025/silhuetas/COR/FORMATO.png,0.0,,,,,,,,,,,,,,,,,,,,,Lateral,0,0.0,Não Jogou,False
743,2,Vagno,0.0,1.0,23,0,0.0,Vagno de Sousa Brito Júnior,FLU,6,False,vagno,143460,Vagno,266,https://s3.glbimg.com/v1/AUTH_58d78b787ec34892b5aaa0c7a146155f/clubes_2025/silhuetas/FLU/FORMATO.png,0.0,,,,,,,,,,,,,,,,,,,,,Lateral,0,0.0,Não Jogou,False
744,5,Wesley Natã,0.0,1.0,23,0,0.0,Wesley Natã de Freitas Prado,FLU,6,False,wesley-nata,143463,W. Natã,266,https://s3.glbimg.com/v1/AUTH_58d78b787ec34892b5aaa0c7a146155f/clubes_2025/silhuetas/FLU/FORMATO.png,0.0,,,,,,,,,,,,,,,,,,,,,Atacante,0,0.0,Não Jogou,False
745,5,Raykkonen,0.03,0.66,23,4,0.05,Raykkonen Pereira Soares,INT,6,True,raykkonen,143488,Raykkonen,285,https://s3.glbimg.com/v1/AUTH_58d78b787ec34892b5aaa0c7a146155f/clubes_2025/silhuetas/INT/FORMATO.png,0.5,,,1.0,,1.0,,,,,,,,,,,,,,,,Atacante,262,21.13,Regular,False
746,2,Kauã Moraes,0.0,4.0,23,0,0.0,Kauã Moraes Silva,CRU,6,False,kaua-moraes,143600,K. Moraes,283,https://s3.glbimg.com/v1/AUTH_58d78b787ec34892b5aaa0c7a146155f/clubes_2025/silhuetas/CRU/FORMATO.png,0.0,,,,,,,,,,,,,,,,,,,,,Lateral,0,0.0,Não Jogou,False
747,2,Kaique Pereira,0.0,1.0,23,0,0.0,Kaique da Silva Júlio Pereira,BOT,6,False,kaique-pereira,144015,K. Pereira,263,https://s3.glbimg.com/v1/AUTH_58d78b787ec34892b5aaa0c7a146155f/clubes_2025/silhuetas/BOT/FORMATO.png,0.0,,,,,,,,,,,,,,,,,,,,,Lateral,0,0.0,Não Jogou,False
748,3,João Alencar,0.0,1.0,23,0,0.0,João Alencar Santos Paes da Costa,SAN,6,False,joao-alencar,144255,J. Alencar,277,https://s3.glbimg.com/v1/AUTH_58d78b787ec34892b5aaa0c7a146155f/clubes_2025/silhuetas/SAN/FORMATO.png,0.0,,,,,,,,,,,,,,,,,,,,,Zagueiro,0,0.0,Não Jogou,False
749,5,Padula,0.0,1.0,23,0,0.0,Pedro Padula Tobias de Aguiar,SAN,6,False,padula,144417,Padula,277,https://s3.glbimg.com/v1/AUTH_58d78b787ec34892b5aaa0c7a146155f/clubes_2025/silhuetas/SAN/FORMATO.png,0.0,,,,,,,,,,,,,,,,,,,,,Atacante,0,0.0,Não Jogou,False
750,4,Lucas Emanoel,0.0,1.0,23,0,0.0,Lucas Emanoel de Abreu dos Reis,FOR,6,False,lucas-emanoel,144561,L. Emanoel,356,https://s3.glbimg.com/v1/AUTH_58d78b787ec34892b5aaa0c7a146155f/clubes_2025/silhuetas/FOR/FORMATO.png,0.0,,,,,,,,,,,,,,,,,,,,,Meia,0,0.0,Não Jogou,False
751,4,Lucas Lohan,0.0,1.0,23,0,0.0,Lucas Lohan dos Santos Verediana,VIT,6,False,lucas-lohan,145000,L. Lohan,287,https://s3.glbimg.com/v1/AUTH_58d78b787ec34892b5aaa0c7a146155f/clubes_2025/silhuetas/VIT/FORMATO.png,0.0,,,,,,,,,,,,,,,,,,,,,Meia,0,0.0,Não Jogou,False
752,4,Rúben Rodrigues,0.0,4.53,23,4,1.18,Rúben da Rocha Rodrigues,VIT,6,False,ruben-rodrigues,145099,R. Rodrigues,287,https://s3.glbimg.com/v1/AUTH_58d78b787ec34892b5aaa0c7a146155f/clubes_2025/silhuetas/VIT/FORMATO.png,0.0,,2.0,,,1.0,,,1.0,,,,,,,,,,,,,Meia,0,0.0,Não Jogou,False
753,6,Davide Ancelotti,-1.09,11.28,23,10,6.43,Davide Ancelotti,BOT,7,True,davide-ancelotti,145269,D. Ancelotti,263,https://s3.glbimg.com/v1/AUTH_58d78b787ec34892b5aaa0c7a146155f/clubes_2025/silhuetas/BOT/FORMATO.png,2.05,,,,,,,,,,,,,5.0,,,,,,,,Técnico,190,43.75,Regular,False
754,5,Kauê Furquim,0.0,1.0,23,0,0.0,Kauê Junior Furquim da Silva,BAH,6,False,kaue-furquim,145379,K. Furquim,265,https://s3.glbimg.com/v1/AUTH_58d78b787ec34892b5aaa0c7a146155f/clubes_2025/silhuetas/BAH/FORMATO.png,0.0,,,,,,,,,,,,,,,,,,,,,Atacante,0,0.0,Não Jogou,False
755,4,Rúben Ismael,0.0,4.56,23,1,0.0,Rúben Ismael Valente Ramos,VIT,5,False,ruben-ismael,145387,R. Ismael,287,https://s3.glbimg.com/v1/AUTH_58d78b787ec34892b5aaa0c7a146155f/clubes_2025/silhuetas/VIT/FORMATO.png,0.0,,,,,,,,,,,,,,,,,,,,,Meia,0,0.0,Não Jogou,False
756,2,Breno Vereza,0.0,1.0,23,0,0.0,Breno Vereza da Silva,VAS,6,False,breno-vereza,145396,B. Vereza,267,https://s3.glbimg.com/v1/AUTH_58d78b787ec34892b5aaa0c7a146155f/clubes_2025/silhuetas/VAS/FORMATO.png,0.0,,,,,,,,,,,,,,,,,,,,,Lateral,0,0.0,Não Jogou,False
757,2,Cauê,0.0,2.92,23,2,3.25,Cauê Nascimento Santos,RBB,6,False,caue,145400,Cauê,280,https://s3.glbimg.com/v1/AUTH_58d78b787ec34892b5aaa0c7a146155f/clubes_2025/silhuetas/RBB/FORMATO.png,0.0,,1.0,,,,,,,,1.0,,,,,,,,,,,Lateral,0,0.0,Não Jogou,False
758,2,Arthur,0.0,1.0,23,0,0.0,Arthur Gabriel Santana Marcolino,PAL,6,False,arthur,145404,Arthur,275,https://s3.glbimg.com/v1/AUTH_58d78b787ec34892b5aaa0c7a146155f/clubes_2025/silhuetas/PAL/FORMATO.png,0.0,,,,,,,,,,,,,,,,,,,,,Lateral,0,0.0,Não Jogou,False
759,2,Cauã Berrío,0.0,1.0,23,0,0.0,Cauã Alves de Mattos,SPT,6,False,caua-berrio,145412,C. Berrío,292,https://s3.glbimg.com/v1/AUTH_58d78b787ec34892b5aaa0c7a146155f/clubes_2025/silhuetas/SPT/FORMATO.png,0.0,,,,,,,,,,,,,,,,,,,,,Lateral,0,0.0,Não Jogou,False
760,4,Rafael Coutinho,0.0,1.0,23,0,0.0,Rafael Barbosa Coutinho,PAL,6,False,rafael-coutinho,145413,R. Coutinho,275,https://s3.glbimg.com/v1/AUTH_58d78b787ec34892b5aaa0c7a146155f/clubes_2025/silhuetas/PAL/FORMATO.png,0.0,,,,,,,,,,,,,,,,,,,,,Meia,0,0.0,Não Jogou,False
761,4,Belé,0.0,2.0,23,0,0.0,Erick Machado Belé,PAL,6,False,bele,145436,Belé,275,https://s3.glbimg.com/v1/AUTH_58d78b787ec34892b5aaa0c7a146155f/clubes_2025/silhuetas/PAL/FORMATO.png,0.0,,,,,,,,,,,,,,,,,,,,,Meia,0,0.0,Não Jogou,False
762,2,Paulo Roberto,0.0,4.67,23,1,9.8,Paulo Roberto dos Santos Almeida,VIT,7,False,paulo-roberto,145510,P. Roberto,287,https://s3.glbimg.com/v1/AUTH_58d78b787ec34892b5aaa0c7a146155f/clubes_2025/silhuetas/VIT/FORMATO.png,0.0,,4.0,4.0,,,,,,1.0,,,,,,,,,,,,Lateral,0,0.0,Não Jogou,False
763,3,Loiola,0.0,1.0,23,0,0.0,João Victor Loiola Santos,FLU,6,False,loiola,145560,Loiola,266,https://s3.glbimg.com/v1/AUTH_58d78b787ec34892b5aaa0c7a146155f/clubes_2025/silhuetas/FLU/FORMATO.png,0.0,,,,,,,,,,,,,,,,,,,,,Zagueiro,0,0.0,Não Jogou,False
764,3,João Ananias,0.0,1.0,23,0,0.0,João Paulo Ananias Bento,SAN,6,False,joao-ananias,145563,J. Ananias,277,https://s3.glbimg.com/v1/AUTH_58d78b787ec34892b5aaa0c7a146155f/clubes_2025/silhuetas/SAN/FORMATO.png,0.0,,,,,,,,,,,,,,,,,,,,,Zagueiro,0,0.0,Não Jogou,False
765,2,Samuel Barreto,0.0,2.0,23,0,0.0,Samuel Barreto dos Santos,CEA,6,False,samuel-barreto,145602,S. Barreto,354,https://s3.glbimg.com/v1/AUTH_58d78b787ec34892b5aaa0c7a146155f/clubes_2025/silhuetas/CEA/FORMATO.png,0.0,,,,,,,,,,,,,,,,,,,,,Lateral,0,0.0,Não Jogou,False
766,1,Luiz Sá,0.0,1.0,23,0,0.0,Luiz Felipe Vieira Santana de Sá,PAL,6,False,luiz-sa,145612,L. Sá,275,https://s3.glbimg.com/v1/AUTH_58d78b787ec34892b5aaa0c7a146155f/clubes_2025/silhuetas/PAL/FORMATO.png,0.0,,,,,,,,,,,,,,,,,,,,,Goleiro,0,0.0,Não Jogou,False
767,3,Bernardo,0.0,1.0,23,0,0.0,Bernardo Tichz Toffolo,JUV,6,False,bernardo,145647,Bernardo,286,https://s3.glbimg.com/v1/AUTH_58d78b787ec34892b5aaa0c7a146155f/clubes_2025/silhuetas/JUV/FORMATO.png,0.0,,,,,,,,,,,,,,,,,,,,,Zagueiro,0,0.0,Não Jogou,False
768,3,Cristovam,0.0,1.0,23,0,0.0,Guilherme Cristovam dos Santos,FOR,6,False,cristovam,145648,Cristovam,356,https://s3.glbimg.com/v1/AUTH_58d78b787ec34892b5aaa0c7a146155f/clubes_2025/silhuetas/FOR/FORMATO.png,0.0,,,,,,,,,,,,,,,,,,,,,Zagueiro,0,0.0,Não Jogou,False
769,2,Nicolas,0.0,1.0,23,0,0.0,Nicolas Bosshardt,SAO,6,False,nicolas,145659,Nicolas,276,https://s3.glbimg.com/v1/AUTH_58d78b787ec34892b5aaa0c7a146155f/clubes_2025/silhuetas/SAO/FORMATO.png,0.0,,,,,,,,,,,,,,,,,,,,,Lateral,0,0.0,Não Jogou,False
770,2,Luiz Felipe,0.0,1.0,23,0,0.0,Luiz Felipe de Morais Francisco,INT,6,False,luiz-felipe,145660,L. Felipe,285,https://s3.glbimg.com/v1/AUTH_58d78b787ec34892b5aaa0c7a146155f/clubes_2025/silhuetas/INT/FORMATO.png,0.0,,,,,,,,,,,,,,,,,,,,,Lateral,0,0.0,Não Jogou,False
771,4,André,-0.14,0.86,23,1,-0.1,André Luiz Santos Dias,COR,6,True,andre,145744,André,264,https://s3.glbimg.com/v1/AUTH_58d78b787ec34892b5aaa0c7a146155f/clubes_2025/silhuetas/COR/FORMATO.png,-0.1,,,2.0,,1.0,,,,,,,,,,,,,,,,Meia,303,9.82,Ruim,False
772,2,Victor Hugo,0.71,1.71,23,1,2.1,Victor Hugo Viana da Silva,SPT,7,True,victor-hugo,145750,V. Hugo,292,https://s3.glbimg.com/v1/AUTH_58d78b787ec34892b5aaa0c7a146155f/clubes_2025/silhuetas/SPT/FORMATO.png,2.1,,1.0,2.0,,,,,1.0,,,,,,,,,,,,,Lateral,186,44.49,Regular,False
773,5,Lyan,0.0,1.0,23,0,0.0,Lyan Araujo Santos,BAH,6,False,lyan,146303,Lyan,265,https://s3.glbimg.com/v1/AUTH_58d78b787ec34892b5aaa0c7a146155f/clubes_2025/silhuetas/BAH/FORMATO.png,0.0,,,,,,,,,,,,,,,,,,,,,Atacante,0,0.0,Não Jogou,False
