Unnamed: 0,atletas.foto,atletas.clube.id.full.name,atletas.variacao_num,atletas.rodada_id,atletas.entrou_em_campo,atletas.pontos_num,atletas.slug,atletas.apelido_abreviado,atletas.posicao_id,atletas.nome,atletas.apelido,atletas.atleta_id,atletas.clube_id,atletas.status_id,atletas.preco_num,atletas.media_num,atletas.jogos_num,DE,GS,A,CA,DS,FC,FD,FF,FS,FT,G,I,PS,SG,V,CV,DP,PP,PC,GC,posicao_nome,ranking_rodada,percentil_pontuacao,classificacao_desempenho,destaque_rodada
0,https://s3.glbimg.com/v1/AUTH_58d78b787ec34892b5aaa0c7a146155f/clubes_2025/silhuetas/GRE/FORMATO.png,GRE,1.02,28,True,8.49,mano-menezes,M. Menezes,6,Luis Antônio Venker de Menezes,Mano Menezes,37281,284,7,10.11,5.21,22,,,,,,,,,,,,,,,7.0,,,,,,Técnico,34,90.21,Bom,True
1,https://s3.glbimg.com/v1/AUTH_58d78b787ec34892b5aaa0c7a146155f/clubes_2025/silhuetas/CEA/FORMATO.png,CEA,-0.49,28,True,4.91,leo-conde,L. Condé,6,Leonardo Rodrigues Condé,Léo Condé,37457,354,7,8.54,5.33,25,,,,,,,,,,,,,,,8.0,,,,,,Técnico,85,75.07,Regular,False
2,https://s3.glbimg.com/v1/AUTH_58d78b787ec34892b5aaa0c7a146155f/clubes_2025/silhuetas/FLU/FORMATO.png,FLU,0.19,28,True,6.3,fabio,Fábio,1,Fábio Deivson Lopes Maciel,Fábio,37656,266,7,8.87,3.66,26,57.0,31.0,,1.0,,,,,3.0,,,,,9.0,,,1.0,,,,Goleiro,62,81.75,Bom,False
3,https://s3.glbimg.com/v1/AUTH_58d78b787ec34892b5aaa0c7a146155f/clubes_2025/silhuetas/FLU/FORMATO.png,FLU,1.21,28,True,13.6,thiago-silva,T. Silva,3,Thiago Emiliano da Silva,Thiago Silva,37715,266,7,10.04,3.88,16,,,,1.0,6.0,8.0,3.0,5.0,6.0,1.0,1.0,,,7.0,,,,,,,Zagueiro,9,97.63,Muito Bom,True
4,https://s3.glbimg.com/v1/AUTH_58d78b787ec34892b5aaa0c7a146155f/clubes_2025/silhuetas/JUV/FORMATO.png,JUV,-0.01,28,True,0.5,nene,Nenê,4,Anderson Luis de Carvalho - Luiz,Nenê,38913,286,7,4.29,2.6,15,,,3.0,,2.0,3.0,2.0,3.0,18.0,,1.0,,,,,,,,,,Meia,249,25.07,Regular,False
5,https://s3.glbimg.com/v1/AUTH_58d78b787ec34892b5aaa0c7a146155f/clubes_2025/silhuetas/CAM/FORMATO.png,CAM,0.28,28,True,3.1,hulk,Hulk,5,Givanildo Vieira de Souza,Hulk,39148,282,2,13.6,5.37,21,,,3.0,9.0,7.0,25.0,18.0,27.0,52.0,1.0,4.0,7.0,,,,,,,,,Atacante,137,59.5,Regular,False
6,https://s3.glbimg.com/v1/AUTH_58d78b787ec34892b5aaa0c7a146155f/clubes_2025/silhuetas/CAM/FORMATO.png,CAM,0.0,28,False,0.0,alan-franco,A. Franco,4,Alan Steven Franco Palma,Alan Franco,39656,282,2,4.44,1.9,20,,,,2.0,27.0,28.0,,2.0,13.0,,,,,,,,,,,,Meia,0,0.0,Não Jogou,False
7,https://s3.glbimg.com/v1/AUTH_58d78b787ec34892b5aaa0c7a146155f/clubes_2025/silhuetas/COR/FORMATO.png,COR,-0.68,28,True,3.15,dorival-junior,D. Júnior,6,Dorival Silvestre Júnior,Dorival Júnior,40990,264,7,9.99,5.19,22,,,,,,,,,,,,,,,6.0,,,,,,Técnico,136,59.94,Regular,False
8,https://s3.glbimg.com/v1/AUTH_58d78b787ec34892b5aaa0c7a146155f/clubes_2025/silhuetas/GRE/FORMATO.png,GRE,0.0,28,False,0.0,willian,Willian,4,Willian Borges da Silva,Willian,42135,284,5,9.58,3.7,2,,,1.0,,1.0,2.0,,,3.0,,,,,,,,,,,,Meia,0,0.0,Não Jogou,False
9,https://s3.glbimg.com/v1/AUTH_58d78b787ec34892b5aaa0c7a146155f/clubes_2025/silhuetas/VIT/FORMATO.png,VIT,0.18,28,True,1.5,osvaldo,Osvaldo,5,Osvaldo Lourenço Filho,Osvaldo,42222,287,2,3.87,1.98,22,,,2.0,3.0,9.0,6.0,6.0,8.0,17.0,1.0,,4.0,,,,,,,,,Atacante,197,40.06,Regular,False
10,https://s3.glbimg.com/v1/AUTH_58d78b787ec34892b5aaa0c7a146155f/clubes_2025/silhuetas/CRU/FORMATO.png,CRU,-0.54,28,True,0.0,cassio,Cássio,1,Cássio Roberto Ramos,Cássio,42234,283,6,9.22,5.24,27,78.0,20.0,,4.0,,,,,4.0,,,,,11.0,,,1.0,,,,Goleiro,273,15.73,Regular,False
11,https://s3.glbimg.com/v1/AUTH_58d78b787ec34892b5aaa0c7a146155f/clubes_2025/silhuetas/CRU/FORMATO.png,CRU,0.0,28,False,0.0,fagner,Fagner,2,Fagner Conserva Lemos,Fagner,42500,283,6,8.51,6.1,9,,,,1.0,20.0,11.0,,1.0,7.0,,,1.0,,5.0,,,,,,,Lateral,0,0.0,Não Jogou,False
12,https://s3.glbimg.com/v1/AUTH_58d78b787ec34892b5aaa0c7a146155f/clubes_2025/silhuetas/MIR/FORMATO.png,MIR,0.0,28,False,0.0,walter,Walter,1,Walter Leandro Capeloza Artune,Walter,51413,2305,7,9.61,6.97,19,77.0,16.0,,2.0,,,,,3.0,,,,,7.0,,,2.0,,,,Goleiro,0,0.0,Não Jogou,False
13,https://s3.glbimg.com/v1/AUTH_58d78b787ec34892b5aaa0c7a146155f/clubes_2025/silhuetas/BAH/FORMATO.png,BAH,0.0,28,False,0.0,everton-ribeiro,E. Ribeiro,4,Everton Augusto de Barros Ribeiro,Everton Ribeiro,51772,265,5,7.57,4.3,23,,,3.0,3.0,31.0,18.0,5.0,7.0,36.0,1.0,2.0,,,,,1.0,,,,,Meia,0,0.0,Não Jogou,False
14,https://s3.glbimg.com/v1/AUTH_58d78b787ec34892b5aaa0c7a146155f/clubes_2025/silhuetas/JUV/FORMATO.png,JUV,0.13,28,True,0.2,gilberto,Gilberto,5,Gilberto Oliveira Souza Júnior,Gilberto,61188,286,6,4.12,2.11,18,,,2.0,4.0,3.0,19.0,9.0,6.0,12.0,,2.0,4.0,,,,,,1.0,,,Atacante,262,21.51,Regular,False
15,https://s3.glbimg.com/v1/AUTH_58d78b787ec34892b5aaa0c7a146155f/clubes_2025/silhuetas/FLA/FORMATO.png,FLA,-0.1,28,True,5.1,alex-sandro,A. Sandro,2,Alex Sandro Lobo Silva,Alex Sandro,61987,262,7,10.13,4.32,16,,,,3.0,14.0,33.0,1.0,3.0,15.0,,,1.0,,10.0,,,,,,,Lateral,80,76.41,Bom,False
16,https://s3.glbimg.com/v1/AUTH_58d78b787ec34892b5aaa0c7a146155f/clubes_2025/silhuetas/FLU/FORMATO.png,FLU,0.0,28,False,0.0,ganso,Ganso,4,Paulo Henrique Chagas de Lima,Ganso,62977,266,5,5.49,1.18,14,,,,2.0,7.0,6.0,,2.0,16.0,,,,,,,,,,,,Meia,0,0.0,Não Jogou,False
17,https://s3.glbimg.com/v1/AUTH_58d78b787ec34892b5aaa0c7a146155f/clubes_2025/silhuetas/SAN/FORMATO.png,SAN,0.0,28,False,0.0,neymar,Neymar,4,Neymar da Silva Santos Júnior,Neymar,63007,277,5,13.81,4.78,13,,,,4.0,3.0,15.0,9.0,9.0,49.0,1.0,3.0,2.0,,,,1.0,,,,,Meia,0,0.0,Não Jogou,False
18,https://s3.glbimg.com/v1/AUTH_58d78b787ec34892b5aaa0c7a146155f/clubes_2025/silhuetas/SAO/FORMATO.png,SAO,0.0,28,False,0.0,rafael-toloi,R. Tolói,3,Rafael Toloi,Rafael Tolói,63008,276,6,9.37,5.63,3,,,,,8.0,2.0,,,1.0,,,,,1.0,,,,,,,Zagueiro,0,0.0,Não Jogou,False
19,https://s3.glbimg.com/v1/AUTH_58d78b787ec34892b5aaa0c7a146155f/clubes_2025/silhuetas/GRE/FORMATO.png,GRE,1.14,28,True,9.2,marcos-rocha,M. Rocha,2,Marcos Luis Rocha Aquino,Marcos Rocha,63013,284,7,10.95,7.25,6,,,,,20.0,4.0,1.0,,7.0,,,,,2.0,,,,,,,Lateral,27,92.14,Bom,True
20,https://s3.glbimg.com/v1/AUTH_58d78b787ec34892b5aaa0c7a146155f/clubes_2025/silhuetas/JUV/FORMATO.png,JUV,-0.43,28,True,-0.6,alan-ruschel,A. Ruschel,2,Alan Luciano Ruschel,Alan Ruschel,63110,286,3,4.86,2.19,14,,,,2.0,13.0,12.0,,,20.0,,,3.0,,2.0,,1.0,,,,,Lateral,319,5.49,Ruim,False
21,https://s3.glbimg.com/v1/AUTH_58d78b787ec34892b5aaa0c7a146155f/clubes_2025/silhuetas/GRE/FORMATO.png,GRE,0.56,28,True,4.0,edenilson,Edenílson,4,Edenílson Andrade dos Santos,Edenílson,63289,284,7,5.47,2.68,20,,,1.0,4.0,9.0,11.0,3.0,4.0,22.0,,3.0,1.0,1.0,,,,,,,,Meia,111,67.21,Regular,False
22,https://s3.glbimg.com/v1/AUTH_58d78b787ec34892b5aaa0c7a146155f/clubes_2025/silhuetas/INT/FORMATO.png,INT,-0.68,28,True,2.1,alan-patrick,A. Patrick,4,Alan Patrick Lourenço,Alan Patrick,68685,285,7,13.26,6.75,21,,,5.0,3.0,15.0,17.0,7.0,7.0,29.0,2.0,9.0,3.0,,,,,,1.0,,,Meia,172,48.96,Regular,False
23,https://s3.glbimg.com/v1/AUTH_58d78b787ec34892b5aaa0c7a146155f/clubes_2025/silhuetas/CRU/FORMATO.png,CRU,0.13,28,True,0.7,eduardo,Eduardo,4,Carlos Eduardo de Oliveira Alves,Eduardo,68708,283,6,3.38,1.38,21,,,,1.0,12.0,17.0,2.0,4.0,11.0,,1.0,1.0,1.0,,,1.0,,,,,Meia,242,27.89,Regular,False
24,https://s3.glbimg.com/v1/AUTH_58d78b787ec34892b5aaa0c7a146155f/clubes_2025/silhuetas/BOT/FORMATO.png,BOT,0.0,28,False,0.0,neto,Neto,1,Norberto Murara Neto,Neto,68806,263,5,7.25,2.03,3,7.0,3.0,,,,,,,,,,,,,,,,,,,Goleiro,0,0.0,Não Jogou,False
25,https://s3.glbimg.com/v1/AUTH_58d78b787ec34892b5aaa0c7a146155f/clubes_2025/silhuetas/SAO/FORMATO.png,SAO,0.0,28,False,0.0,oscar,Oscar,4,Oscar dos Santos Emboaba Júnior,Oscar,68811,276,5,11.39,1.67,6,,,,1.0,5.0,3.0,2.0,,4.0,,,,,,,,,,,,Meia,0,0.0,Não Jogou,False
26,https://s3.glbimg.com/v1/AUTH_58d78b787ec34892b5aaa0c7a146155f/clubes_2025/silhuetas/PAL/FORMATO.png,PAL,0.0,28,False,0.0,marcelo-lomba,M. Lomba,1,Marcelo Lomba do Nascimento,Marcelo Lomba,68872,275,6,7.63,3.2,1,4.0,2.0,,,,,,,,,,,,,,,,,,,Goleiro,0,0.0,Não Jogou,False
27,https://s3.glbimg.com/v1/AUTH_58d78b787ec34892b5aaa0c7a146155f/clubes_2025/silhuetas/VAS/FORMATO.png,VAS,0.19,28,True,4.2,philippe-coutinho,P. Coutinho,4,Philippe Coutinho Correia,Philippe Coutinho,68899,267,7,10.15,5.02,20,,,3.0,1.0,8.0,13.0,15.0,16.0,29.0,1.0,4.0,1.0,1.0,,,1.0,,,,,Meia,105,68.99,Regular,False
28,https://s3.glbimg.com/v1/AUTH_58d78b787ec34892b5aaa0c7a146155f/clubes_2025/silhuetas/CAM/FORMATO.png,CAM,0.47,28,True,3.9,dudu,Dudu,5,Eduardo Pereira Rodrigues,Dudu,68920,282,2,8.27,2.27,10,,,,,4.0,6.0,,2.0,12.0,1.0,1.0,1.0,,,,,,,,,Atacante,113,66.47,Regular,False
29,https://s3.glbimg.com/v1/AUTH_58d78b787ec34892b5aaa0c7a146155f/clubes_2025/silhuetas/SAO/FORMATO.png,SAO,0.27,28,True,4.5,rafael,Rafael,1,Rafael Pires Monteiro,Rafael,68928,276,7,9.87,4.93,25,83.0,27.0,,2.0,1.0,,,,6.0,,,,,8.0,,,,,,,Goleiro,96,71.51,Regular,False
30,https://s3.glbimg.com/v1/AUTH_58d78b787ec34892b5aaa0c7a146155f/clubes_2025/silhuetas/FOR/FORMATO.png,FOR,0.0,28,False,0.0,marinho,Marinho,5,Mário Sérgio Santos Costa,Marinho,68952,356,6,6.22,2.95,15,,,2.0,2.0,10.0,24.0,5.0,11.0,20.0,,1.0,13.0,,,,1.0,,,,,Atacante,0,0.0,Não Jogou,False
31,https://s3.glbimg.com/v1/AUTH_58d78b787ec34892b5aaa0c7a146155f/clubes_2025/silhuetas/FOR/FORMATO.png,FOR,0.37,28,True,6.5,lucas-sasha,L. Sasha,4,Lucas Pacheco Affini,Lucas Sasha,68991,356,7,8.91,5.69,19,,,,2.0,66.0,33.0,3.0,3.0,16.0,,1.0,1.0,,,,,,,1.0,,Meia,58,82.79,Bom,False
32,https://s3.glbimg.com/v1/AUTH_58d78b787ec34892b5aaa0c7a146155f/clubes_2025/silhuetas/BAH/FORMATO.png,BAH,0.0,28,False,0.0,willian-jose,W. José,5,Willian José da Silva,Willian José,68996,265,7,7.7,3.84,21,,,4.0,3.0,1.0,8.0,7.0,7.0,9.0,2.0,5.0,1.0,,,,,,,,,Atacante,0,0.0,Não Jogou,False
33,https://s3.glbimg.com/v1/AUTH_58d78b787ec34892b5aaa0c7a146155f/clubes_2025/silhuetas/FLU/FORMATO.png,FLU,0.0,28,False,0.0,manoel,Manoel,3,Manoel Messias Silva Carvalho,Manoel,69014,266,6,5.3,2.46,5,,,,,,1.0,,2.0,2.0,,,,,2.0,,,,,,,Zagueiro,0,0.0,Não Jogou,False
34,https://s3.glbimg.com/v1/AUTH_58d78b787ec34892b5aaa0c7a146155f/clubes_2025/silhuetas/BAH/FORMATO.png,BAH,0.0,28,False,0.0,danilo-fernandes,D. Fernandes,1,Danilo Fernandes Batista,Danilo Fernandes,69051,265,6,4.0,0.0,0,,,,,,,,,,,,,,,,,,,,,Goleiro,0,0.0,Não Jogou,False
35,https://s3.glbimg.com/v1/AUTH_58d78b787ec34892b5aaa0c7a146155f/clubes_2025/silhuetas/SPT/FORMATO.png,SPT,0.21,28,True,1.8,pablo,Pablo,5,Pablo Felipe Teixeira,Pablo,69138,292,6,5.58,2.12,13,,,,1.0,6.0,10.0,2.0,6.0,16.0,,1.0,6.0,,,,,,,,,Atacante,189,44.21,Regular,False
36,https://s3.glbimg.com/v1/AUTH_58d78b787ec34892b5aaa0c7a146155f/clubes_2025/silhuetas/BOT/FORMATO.png,BOT,0.22,28,True,1.5,allan,Allan,4,Allan Marques Loureiro,Allan,69140,263,7,3.69,1.71,14,,,,5.0,19.0,20.0,1.0,1.0,9.0,,,,,,,,,,,,Meia,197,40.06,Regular,False
37,https://s3.glbimg.com/v1/AUTH_58d78b787ec34892b5aaa0c7a146155f/clubes_2025/silhuetas/FLA/FORMATO.png,FLA,0.0,28,False,0.0,danilo,Danilo,3,Danilo Luiz da Silva,Danilo,69783,262,6,10.91,3.94,11,,,,1.0,6.0,12.0,1.0,1.0,4.0,,1.0,,,6.0,,1.0,,,,,Zagueiro,0,0.0,Não Jogou,False
38,https://s3.glbimg.com/v1/AUTH_58d78b787ec34892b5aaa0c7a146155f/clubes_2025/silhuetas/SAO/FORMATO.png,SAO,-0.3,28,True,1.0,lucas-moura,L. Moura,4,Lucas Rodrigues Moura da Silva,Lucas Moura,70164,276,6,6.24,3.84,5,,,,,5.0,3.0,,2.0,6.0,,1.0,,,,,,,,,,Meia,226,32.49,Regular,False
39,https://s3.glbimg.com/v1/AUTH_58d78b787ec34892b5aaa0c7a146155f/clubes_2025/silhuetas/VIT/FORMATO.png,VIT,0.0,28,False,0.0,bruno-uvini,B. Uvini,3,Bruno Uvini Bortolança,Bruno Uvini,70221,287,6,4.0,0.0,0,,,,,,,,,,,,,,,,,,,,,Zagueiro,0,0.0,Não Jogou,False
40,https://s3.glbimg.com/v1/AUTH_58d78b787ec34892b5aaa0c7a146155f/clubes_2025/silhuetas/RBB/FORMATO.png,RBB,-0.6,28,True,0.0,eduardo-sasha,E. Sasha,5,Eduardo Colcenti Antunes,Eduardo Sasha,70360,280,2,7.71,4.12,24,,,2.0,5.0,8.0,7.0,20.0,12.0,21.0,1.0,5.0,1.0,,,,1.0,,,,,Atacante,273,15.73,Regular,False
41,https://s3.glbimg.com/v1/AUTH_58d78b787ec34892b5aaa0c7a146155f/clubes_2025/silhuetas/SPT/FORMATO.png,SPT,0.46,28,True,8.1,gabriel,Gabriel,1,Gabriel Vasconcelos Ferreira,Gabriel,70449,292,7,7.0,5.02,15,63.0,21.0,,1.0,,,,,1.0,,,,,3.0,,,,,,,Goleiro,36,89.61,Bom,False
42,https://s3.glbimg.com/v1/AUTH_58d78b787ec34892b5aaa0c7a146155f/clubes_2025/silhuetas/PAL/FORMATO.png,PAL,1.54,28,True,11.5,felipe-anderson,F. Anderson,4,Felipe Anderson Pereira Gomes,Felipe Anderson,70592,275,7,8.88,5.07,21,,,2.0,,41.0,11.0,6.0,7.0,13.0,1.0,2.0,2.0,,,,,,,,,Meia,14,95.99,Muito Bom,True
43,https://s3.glbimg.com/v1/AUTH_58d78b787ec34892b5aaa0c7a146155f/clubes_2025/silhuetas/CEA/FORMATO.png,CEA,0.1,28,True,1.5,marllon,Marllon,3,Marllon Gonçalves Jerônimo Borges,Marllon,70666,354,7,6.92,3.63,18,,,,2.0,13.0,12.0,,2.0,8.0,,2.0,,,6.0,,,,,,,Zagueiro,197,40.06,Regular,False
44,https://s3.glbimg.com/v1/AUTH_58d78b787ec34892b5aaa0c7a146155f/clubes_2025/silhuetas/CAM/FORMATO.png,CAM,-0.18,28,True,4.26,jorge-sampaoli,J. Sampaoli,6,Jorge Sampaoli,Jorge Sampaoli,70800,282,7,10.21,4.71,5,,,,,,,,,,,,,,,1.0,,,,,,Técnico,103,69.73,Regular,False
45,https://s3.glbimg.com/v1/AUTH_58d78b787ec34892b5aaa0c7a146155f/clubes_2025/silhuetas/FOR/FORMATO.png,FOR,0.0,28,False,0.0,diogo-barbosa,D. Barbosa,2,Diogo Barbosa Mendanha,Diogo Barbosa,70916,356,7,8.22,4.55,11,,,,1.0,15.0,6.0,,3.0,10.0,,1.0,,,3.0,,,,,,,Lateral,0,0.0,Não Jogou,False
46,https://s3.glbimg.com/v1/AUTH_58d78b787ec34892b5aaa0c7a146155f/clubes_2025/silhuetas/INT/FORMATO.png,INT,0.44,28,True,4.0,bruno-henrique,B. Henrique,4,Bruno Henrique Corsini,Bruno Henrique,70944,285,7,6.24,2.57,21,,,,1.0,28.0,34.0,3.0,9.0,13.0,,1.0,,1.0,,,1.0,,,,,Meia,111,67.21,Regular,False
47,https://s3.glbimg.com/v1/AUTH_58d78b787ec34892b5aaa0c7a146155f/clubes_2025/silhuetas/VAS/FORMATO.png,VAS,0.0,28,False,0.0,thiago-mendes,T. Mendes,4,Thiago Henrique Mendes Ribeiro,Thiago Mendes,71123,267,5,4.96,0.2,3,,,,1.0,1.0,3.0,,,2.0,,,,,,,,,,,,Meia,0,0.0,Não Jogou,False
48,https://s3.glbimg.com/v1/AUTH_58d78b787ec34892b5aaa0c7a146155f/clubes_2025/silhuetas/CEA/FORMATO.png,CEA,0.36,28,True,2.5,vina,Vina,4,Vinícius Goes Barbosa de Souza,Vina,71162,354,6,4.97,1.47,7,,,,1.0,2.0,4.0,2.0,2.0,5.0,1.0,,,,,,,,,,,Meia,157,53.41,Regular,False
49,https://s3.glbimg.com/v1/AUTH_58d78b787ec34892b5aaa0c7a146155f/clubes_2025/silhuetas/SAO/FORMATO.png,SAO,-1.06,28,True,-0.6,luiz-gustavo,L. Gustavo,4,Luiz Gustavo Dias,Luiz Gustavo,71536,276,6,8.94,3.17,3,,,,,4.0,6.0,,1.0,3.0,1.0,,,,,,,,,,,Meia,319,5.49,Ruim,False
50,https://s3.glbimg.com/v1/AUTH_58d78b787ec34892b5aaa0c7a146155f/clubes_2025/silhuetas/CEA/FORMATO.png,CEA,0.0,28,False,0.0,fernando-miguel,F. Miguel,1,Fernando Miguel Kaufmann,Fernando Miguel,71571,354,6,7.02,6.18,6,17.0,3.0,,,,,,,6.0,,,,,3.0,,,,,,,Goleiro,0,0.0,Não Jogou,False
51,https://s3.glbimg.com/v1/AUTH_58d78b787ec34892b5aaa0c7a146155f/clubes_2025/silhuetas/PAL/FORMATO.png,PAL,-0.09,28,True,0.8,weverton,Weverton,1,Weverton Pereira da Silva,Weverton,71631,275,7,7.96,4.36,25,57.0,20.0,,2.0,,,,,10.0,,,,,9.0,,,1.0,,,,Goleiro,237,29.38,Regular,False
52,https://s3.glbimg.com/v1/AUTH_58d78b787ec34892b5aaa0c7a146155f/clubes_2025/silhuetas/VIT/FORMATO.png,VIT,0.43,28,True,8.9,raul-caceres,R. Cáceres,2,Raúl Alejandro Cáceres Bogado,Raúl Cáceres,71680,287,7,4.69,3.01,14,,,1.0,5.0,6.0,19.0,5.0,2.0,3.0,,2.0,2.0,,3.0,,,,,1.0,,Lateral,30,91.25,Bom,True
53,https://s3.glbimg.com/v1/AUTH_58d78b787ec34892b5aaa0c7a146155f/clubes_2025/silhuetas/PAL/FORMATO.png,PAL,0.0,28,False,0.0,gustavo-gomez,G. Gómez,3,Gustavo Raúl Gómez Portillo,Gustavo Gómez,71684,275,7,8.83,4.73,20,,,1.0,6.0,30.0,24.0,1.0,5.0,11.0,,1.0,8.0,,8.0,,,,,,,Zagueiro,0,0.0,Não Jogou,False
54,https://s3.glbimg.com/v1/AUTH_58d78b787ec34892b5aaa0c7a146155f/clubes_2025/silhuetas/BAH/FORMATO.png,BAH,0.26,28,True,3.5,santiago-arias,S. Arias,2,Santiago Arias Naranjo,Santiago Arias,71701,265,2,6.32,3.14,13,,,,3.0,15.0,8.0,2.0,3.0,12.0,,,1.0,,3.0,,,,,2.0,,Lateral,123,63.06,Regular,False
55,https://s3.glbimg.com/v1/AUTH_58d78b787ec34892b5aaa0c7a146155f/clubes_2025/silhuetas/GRE/FORMATO.png,GRE,-0.31,28,True,0.0,cuellar,Cuéllar,4,Gustavo Leonardo Cuellar Gallego,Cuéllar,71709,284,7,5.74,3.18,8,,,,1.0,17.0,12.0,,,9.0,,,,,,,,,,,,Meia,273,15.73,Regular,False
56,https://s3.glbimg.com/v1/AUTH_58d78b787ec34892b5aaa0c7a146155f/clubes_2025/silhuetas/GRE/FORMATO.png,GRE,0.0,28,False,0.0,tiago-volpi,T. Volpi,1,Tiago Luis Volpi,Tiago Volpi,72018,284,6,7.33,4.16,22,70.0,28.0,,2.0,,,,,7.0,,1.0,,,4.0,,,,,1.0,,Goleiro,0,0.0,Não Jogou,False
57,https://s3.glbimg.com/v1/AUTH_58d78b787ec34892b5aaa0c7a146155f/clubes_2025/silhuetas/MIR/FORMATO.png,MIR,0.0,28,False,0.0,thomazella,Thomazella,1,Carlos Eduardo Lecciolle Thomazella,Thomazella,72279,2305,6,2.0,0.0,0,,,,,,,,,,,,,,,,,,,,,Goleiro,0,0.0,Não Jogou,False
58,https://s3.glbimg.com/v1/AUTH_58d78b787ec34892b5aaa0c7a146155f/clubes_2025/silhuetas/CAM/FORMATO.png,CAM,-0.62,28,True,0.8,everson,Everson,1,Everson Felipe Marques Pires,Everson,72294,282,7,8.82,4.3,24,72.0,28.0,,6.0,,,,,7.0,,,,,8.0,,,,,,,Goleiro,237,29.38,Regular,False
59,https://s3.glbimg.com/v1/AUTH_58d78b787ec34892b5aaa0c7a146155f/clubes_2025/silhuetas/CEA/FORMATO.png,CEA,0.0,28,False,0.0,luiz-otavio,L. Otávio,3,Luiz Otávio Anacleto Leandro,Luiz Otávio,72359,354,5,4.0,0.0,0,,,,,,,,,,,,,,,,,,,,,Zagueiro,0,0.0,Não Jogou,False
60,https://s3.glbimg.com/v1/AUTH_58d78b787ec34892b5aaa0c7a146155f/clubes_2025/silhuetas/VAS/FORMATO.png,VAS,0.35,28,True,7.57,fernando-diniz,F. Diniz,6,Fernando Diniz Silva,Fernando Diniz,72391,267,7,10.27,5.59,18,,,,,,,,,,,,,,,7.0,,,,,,Técnico,44,87.24,Bom,False
61,https://s3.glbimg.com/v1/AUTH_58d78b787ec34892b5aaa0c7a146155f/clubes_2025/silhuetas/CAM/FORMATO.png,CAM,-0.39,28,True,2.2,bernard,Bernard,4,Bernard Anício Caldeira Duarte,Bernard,72460,282,7,3.77,1.09,18,,,,1.0,12.0,11.0,1.0,3.0,5.0,,,1.0,,,,,,,,,Meia,168,50.0,Regular,False
62,https://s3.glbimg.com/v1/AUTH_58d78b787ec34892b5aaa0c7a146155f/clubes_2025/silhuetas/BOT/FORMATO.png,BOT,0.0,28,False,0.0,alex-telles,A. Telles,2,Alex Nicolao Telles,Alex Telles,72493,263,6,10.51,5.59,17,,,2.0,1.0,8.0,16.0,2.0,7.0,10.0,,2.0,1.0,,10.0,,,,,,,Lateral,0,0.0,Não Jogou,False
63,https://s3.glbimg.com/v1/AUTH_58d78b787ec34892b5aaa0c7a146155f/clubes_2025/silhuetas/CEA/FORMATO.png,CEA,-1.21,28,True,5.9,pedro-henrique,P. Henrique,5,Pedro Henrique Konzen Medina da Silva,Pedro Henrique,72583,354,7,8.36,4.88,19,,,2.0,4.0,21.0,22.0,7.0,10.0,18.0,2.0,4.0,7.0,,,,,,,1.0,,Atacante,66,80.71,Bom,False
64,https://s3.glbimg.com/v1/AUTH_58d78b787ec34892b5aaa0c7a146155f/clubes_2025/silhuetas/CAM/FORMATO.png,CAM,0.0,28,False,0.0,vitor-hugo,V. Hugo,3,Vitor Hugo Franchescoli de Souza,Vitor Hugo,72605,282,7,7.99,5.45,11,,,,2.0,18.0,3.0,,3.0,1.0,,1.0,1.0,,5.0,,,,,,,Zagueiro,0,0.0,Não Jogou,False
65,https://s3.glbimg.com/v1/AUTH_58d78b787ec34892b5aaa0c7a146155f/clubes_2025/silhuetas/JUV/FORMATO.png,JUV,0.0,28,False,0.0,wilker-angel,W. Ángel,3,Wílker José Ángel Romero,Wilker Ángel,72801,286,5,2.98,1.55,14,,,,4.0,5.0,22.0,3.0,3.0,4.0,,1.0,2.0,,2.0,,,,,1.0,,Zagueiro,0,0.0,Não Jogou,False
66,https://s3.glbimg.com/v1/AUTH_58d78b787ec34892b5aaa0c7a146155f/clubes_2025/silhuetas/INT/FORMATO.png,INT,-0.89,28,True,1.7,mercado,Mercado,3,Gabriel Iván Mercado,Mercado,72951,285,7,6.03,3.2,5,,,,1.0,7.0,5.0,1.0,1.0,2.0,,,,,1.0,,,,,,,Zagueiro,190,43.32,Regular,False
67,https://s3.glbimg.com/v1/AUTH_58d78b787ec34892b5aaa0c7a146155f/clubes_2025/silhuetas/MIR/FORMATO.png,MIR,1.17,28,True,7.8,daniel-borges,D. Borges,2,Daniel Fortunato Borges,Daniel Borges,73318,2305,7,5.62,3.96,11,,,1.0,2.0,4.0,10.0,1.0,3.0,6.0,,2.0,,,3.0,,,,,,,Lateral,38,88.72,Bom,False
68,https://s3.glbimg.com/v1/AUTH_58d78b787ec34892b5aaa0c7a146155f/clubes_2025/silhuetas/FLU/FORMATO.png,FLU,-0.76,28,True,6.6,samuel-xavier,S. Xavier,2,Samuel Xavier Brito,Samuel Xavier,73384,266,7,9.51,4.95,18,,,1.0,3.0,13.0,21.0,1.0,4.0,21.0,,3.0,,,7.0,,,,,,,Lateral,57,83.38,Bom,False
69,https://s3.glbimg.com/v1/AUTH_58d78b787ec34892b5aaa0c7a146155f/clubes_2025/silhuetas/MIR/FORMATO.png,MIR,-0.07,28,True,0.7,gabriel,Gabriel,4,Gabriel Santana Pinto,Gabriel,73515,2305,6,5.22,2.7,19,,,1.0,2.0,4.0,6.0,5.0,6.0,18.0,,3.0,6.0,1.0,,,,,,,,Meia,242,27.89,Regular,False
70,https://s3.glbimg.com/v1/AUTH_58d78b787ec34892b5aaa0c7a146155f/clubes_2025/silhuetas/MIR/FORMATO.png,MIR,-0.27,28,True,1.2,guilherme-marques,G. Marques,4,Guilherme Costa Marques,Guilherme Marques,73781,2305,7,4.17,1.22,4,,,,1.0,2.0,4.0,,2.0,5.0,,,,,,,,,,,,Meia,213,36.05,Regular,False
71,https://s3.glbimg.com/v1/AUTH_58d78b787ec34892b5aaa0c7a146155f/clubes_2025/silhuetas/SAN/FORMATO.png,SAN,0.0,28,False,0.0,rincon,Rincón,4,Tomás Eduardo Rincón Hernández,Rincón,74187,277,5,3.28,1.27,16,,,,4.0,17.0,24.0,,7.0,7.0,,,,,,,1.0,,,,,Meia,0,0.0,Não Jogou,False
72,https://s3.glbimg.com/v1/AUTH_58d78b787ec34892b5aaa0c7a146155f/clubes_2025/silhuetas/COR/FORMATO.png,COR,0.0,28,False,0.0,carrillo,Carrillo,4,André Martín Carrillo Díaz,Carrillo,77485,264,6,6.96,3.06,15,,,1.0,1.0,19.0,18.0,1.0,5.0,12.0,,1.0,2.0,,,,,,,,,Meia,0,0.0,Não Jogou,False
73,https://s3.glbimg.com/v1/AUTH_58d78b787ec34892b5aaa0c7a146155f/clubes_2025/silhuetas/SAO/FORMATO.png,SAO,0.0,28,False,0.0,cedric-soares,C. Soares,2,Cédric Ricardo Alves Soares,Cédric Soares,77656,276,6,7.08,3.5,22,,,2.0,1.0,23.0,10.0,,3.0,8.0,,,,,6.0,,,,,,,Lateral,0,0.0,Não Jogou,False
74,https://s3.glbimg.com/v1/AUTH_58d78b787ec34892b5aaa0c7a146155f/clubes_2025/silhuetas/SPT/FORMATO.png,SPT,-0.27,28,True,1.7,sergio-oliveira,S. Oliveira,4,Sérgio Miguel Relvas de Oliveira,Sérgio Oliveira,77664,292,6,8.32,4.28,9,,,,3.0,14.0,12.0,4.0,6.0,7.0,1.0,1.0,,,,,,,,,,Meia,190,43.32,Regular,False
75,https://s3.glbimg.com/v1/AUTH_58d78b787ec34892b5aaa0c7a146155f/clubes_2025/silhuetas/VIT/FORMATO.png,VIT,0.0,28,False,0.0,romarinho,Romarinho,5,Romário Ricardo da Silva,Romarinho,77738,287,6,5.44,1.56,5,,,,,2.0,,1.0,2.0,4.0,,,,,,,,,,,,Atacante,0,0.0,Não Jogou,False
76,https://s3.glbimg.com/v1/AUTH_58d78b787ec34892b5aaa0c7a146155f/clubes_2025/silhuetas/SAN/FORMATO.png,SAN,0.81,28,True,6.4,joao-schmidt,J. Schmidt,4,João Felipe Schmidt Urbano,João Schmidt,77777,277,3,5.39,2.39,21,,,2.0,6.0,30.0,35.0,2.0,7.0,8.0,,,1.0,,,,,,,,,Meia,61,82.2,Bom,False
77,https://s3.glbimg.com/v1/AUTH_58d78b787ec34892b5aaa0c7a146155f/clubes_2025/silhuetas/FLU/FORMATO.png,FLU,-0.2,28,True,-0.3,everaldo,Everaldo,5,Everaldo Stum,Everaldo,78117,266,6,3.32,1.67,20,,,,1.0,3.0,18.0,6.0,9.0,12.0,1.0,2.0,1.0,,,,,,1.0,,,Atacante,301,9.5,Ruim,False
78,https://s3.glbimg.com/v1/AUTH_58d78b787ec34892b5aaa0c7a146155f/clubes_2025/silhuetas/COR/FORMATO.png,COR,0.15,28,True,5.5,gustavo-henrique,G. Henrique,3,Gustavo Henrique Vernes,Gustavo Henrique,78248,264,3,7.35,3.71,15,,,,3.0,16.0,12.0,5.0,4.0,6.0,1.0,1.0,,,3.0,,,,,,,Zagueiro,72,78.64,Bom,False
79,https://s3.glbimg.com/v1/AUTH_58d78b787ec34892b5aaa0c7a146155f/clubes_2025/silhuetas/COR/FORMATO.png,COR,0.0,28,False,0.0,vitinho,Vitinho,5,Victor Vinícius Coelho dos Santos,Vitinho,78435,264,5,7.75,3.82,8,,,1.0,,11.0,4.0,4.0,2.0,8.0,,,1.0,,,,,,,,,Atacante,0,0.0,Não Jogou,False
80,https://s3.glbimg.com/v1/AUTH_58d78b787ec34892b5aaa0c7a146155f/clubes_2025/silhuetas/FLU/FORMATO.png,FLU,-0.11,28,True,5.5,rene,Renê,2,Renê Rodrigues Martins,Renê,78445,266,7,9.86,6.32,17,,,,,39.0,13.0,,3.0,15.0,,1.0,,,7.0,,,,,,,Lateral,72,78.64,Bom,False
81,https://s3.glbimg.com/v1/AUTH_58d78b787ec34892b5aaa0c7a146155f/clubes_2025/silhuetas/SAN/FORMATO.png,SAN,-0.34,28,True,1.5,willian-arao,W. Arão,4,Willian Souza Arão da Silva,Willian Arão,78478,277,6,6.85,0.6,2,,,,,1.0,1.0,,,,,,,,,,,,,,,Meia,197,40.06,Regular,False
82,https://s3.glbimg.com/v1/AUTH_58d78b787ec34892b5aaa0c7a146155f/clubes_2025/silhuetas/RBB/FORMATO.png,RBB,-0.28,28,True,2.0,gabriel,Gabriel,4,Gabriel Girotto Franco,Gabriel,78605,280,7,5.82,3.22,24,,,,10.0,46.0,34.0,1.0,6.0,22.0,1.0,1.0,,,,,,,,,,Meia,175,47.03,Regular,False
83,https://s3.glbimg.com/v1/AUTH_58d78b787ec34892b5aaa0c7a146155f/clubes_2025/silhuetas/MIR/FORMATO.png,MIR,2.47,28,True,15.1,reinaldo,Reinaldo,2,Reinaldo Manoel da Silva,Reinaldo,78850,2305,7,12.03,7.66,25,,,4.0,5.0,25.0,19.0,10.0,17.0,20.0,,10.0,,,7.0,,,,1.0,2.0,,Lateral,5,98.81,Excelente,True
84,https://s3.glbimg.com/v1/AUTH_58d78b787ec34892b5aaa0c7a146155f/clubes_2025/silhuetas/CEA/FORMATO.png,CEA,0.0,28,False,0.0,richard,Richard,1,Richard de Oliveira Costa,Richard,78851,354,6,4.53,-1.0,0,,,,1.0,,,,,,,,,,,,,,,,,Goleiro,0,0.0,Não Jogou,False
85,https://s3.glbimg.com/v1/AUTH_58d78b787ec34892b5aaa0c7a146155f/clubes_2025/silhuetas/FLU/FORMATO.png,FLU,0.0,28,False,0.0,thiago-santos,T. Santos,3,Thiago dos Santos,Thiago Santos,78855,266,6,6.98,4.35,7,,,,2.0,5.0,8.0,,1.0,3.0,,,,,5.0,,,,,,,Zagueiro,0,0.0,Não Jogou,False
86,https://s3.glbimg.com/v1/AUTH_58d78b787ec34892b5aaa0c7a146155f/clubes_2025/silhuetas/MIR/FORMATO.png,MIR,-0.52,28,True,0.6,alex-muralha,A. Muralha,1,Alex Roberto Santana Rafael,Alex Muralha,79066,2305,3,2.82,2.12,7,21.0,10.0,,3.0,,,,,1.0,,,,,,,,,,,,Goleiro,247,26.85,Regular,False
87,https://s3.glbimg.com/v1/AUTH_58d78b787ec34892b5aaa0c7a146155f/clubes_2025/silhuetas/CEA/FORMATO.png,CEA,-0.49,28,True,7.0,bruno-ferreira,B. Ferreira,1,Bruno Ferreira Ventura Diniz - de Lins,Bruno Ferreira,79266,354,7,6.94,4.24,19,51.0,18.0,,2.0,,1.0,,,9.0,,,,,6.0,,,,,,,Goleiro,50,85.31,Bom,False
88,https://s3.glbimg.com/v1/AUTH_58d78b787ec34892b5aaa0c7a146155f/clubes_2025/silhuetas/FLU/FORMATO.png,FLU,-0.24,28,True,1.5,cano,Cano,5,Germán Ezequiel Cano,Cano,79631,266,2,9.1,4.85,18,,,,1.0,4.0,8.0,4.0,19.0,22.0,2.0,6.0,4.0,,,,,,,,,Atacante,197,40.06,Regular,False
89,https://s3.glbimg.com/v1/AUTH_58d78b787ec34892b5aaa0c7a146155f/clubes_2025/silhuetas/CRU/FORMATO.png,CRU,-0.13,28,True,0.0,lucas-silva,L. Silva,4,Lucas Silva Borges,Lucas Silva,79701,283,7,4.73,2.47,26,,,2.0,4.0,22.0,36.0,2.0,7.0,19.0,1.0,2.0,,,,,,,,,,Meia,273,15.73,Regular,False
90,https://s3.glbimg.com/v1/AUTH_58d78b787ec34892b5aaa0c7a146155f/clubes_2025/silhuetas/FOR/FORMATO.png,FOR,0.0,28,False,0.0,helton-leite,H. Leite,1,Helton Brant Aleixo Leite,Helton Leite,79973,356,6,5.13,1.77,4,12.0,9.0,,,,,,,1.0,,,,,,,,,,,,Goleiro,0,0.0,Não Jogou,False
91,https://s3.glbimg.com/v1/AUTH_58d78b787ec34892b5aaa0c7a146155f/clubes_2025/silhuetas/FLA/FORMATO.png,FLA,0.0,28,False,0.0,saul,Saúl,4,Saúl Ñíguez Esclapez,Saúl,80061,262,2,9.98,4.17,8,,,1.0,1.0,16.0,17.0,1.0,6.0,3.0,1.0,,,,,,,,,,,Meia,0,0.0,Não Jogou,False
92,https://s3.glbimg.com/v1/AUTH_58d78b787ec34892b5aaa0c7a146155f/clubes_2025/silhuetas/SPT/FORMATO.png,SPT,0.0,28,False,0.0,ze-roberto,Z. Roberto,5,José Roberto Assunção de Araújo Filho,Zé Roberto,80076,292,6,6.0,0.0,0,,,,,,,,,,,,,,,,,,,,,Atacante,0,0.0,Não Jogou,False
93,https://s3.glbimg.com/v1/AUTH_58d78b787ec34892b5aaa0c7a146155f/clubes_2025/silhuetas/JUV/FORMATO.png,JUV,-0.33,28,True,0.4,jadson,Jadson,4,Jadson Alves dos Santos,Jadson,80129,286,7,5.65,3.15,23,,,1.0,7.0,38.0,33.0,3.0,6.0,40.0,,,2.0,,,,,,,1.0,,Meia,259,23.44,Regular,False
94,https://s3.glbimg.com/v1/AUTH_58d78b787ec34892b5aaa0c7a146155f/clubes_2025/silhuetas/FOR/FORMATO.png,FOR,-0.77,28,True,0.0,yago-pikachu,Y. Pikachu,4,Glaybson Yago Souza Lisboa,Yago Pikachu,80196,356,2,5.17,2.34,22,,,1.0,2.0,8.0,8.0,6.0,5.0,16.0,1.0,2.0,3.0,1.0,,,,,,,,Meia,273,15.73,Regular,False
95,https://s3.glbimg.com/v1/AUTH_58d78b787ec34892b5aaa0c7a146155f/clubes_2025/silhuetas/SAO/FORMATO.png,SAO,-1.41,28,True,0.9,luciano,Luciano,5,Luciano da Rocha Neves,Luciano,80287,276,7,9.22,5.55,23,,,3.0,8.0,19.0,23.0,16.0,22.0,33.0,,6.0,4.0,2.0,,,,,1.0,,,Atacante,232,30.86,Regular,False
96,https://s3.glbimg.com/v1/AUTH_58d78b787ec34892b5aaa0c7a146155f/clubes_2025/silhuetas/BAH/FORMATO.png,BAH,0.0,28,False,0.0,gilberto,Gilberto,2,Gilberto Moraes Júnior,Gilberto,80313,265,2,7.95,4.44,17,,,,5.0,24.0,14.0,2.0,5.0,9.0,,1.0,1.0,,6.0,,,,,,,Lateral,0,0.0,Não Jogou,False
97,https://s3.glbimg.com/v1/AUTH_58d78b787ec34892b5aaa0c7a146155f/clubes_2025/silhuetas/SAO/FORMATO.png,SAO,-0.65,28,True,3.0,wendell,Wendell,2,Wendell Nascimento Borges,Wendell,80570,276,6,9.67,4.99,15,,,1.0,,22.0,12.0,,3.0,16.0,,,,,6.0,,,,,,,Lateral,139,58.46,Regular,False
98,https://s3.glbimg.com/v1/AUTH_58d78b787ec34892b5aaa0c7a146155f/clubes_2025/silhuetas/SPT/FORMATO.png,SPT,-0.08,28,True,6.2,lucas-lima,L. Lima,4,Lucas Rafael Araújo Lima,Lucas Lima,80583,292,7,7.0,4.14,22,,,4.0,9.0,17.0,25.0,9.0,3.0,35.0,,4.0,6.0,,,,,,,,,Meia,64,81.31,Bom,False
99,https://s3.glbimg.com/v1/AUTH_58d78b787ec34892b5aaa0c7a146155f/clubes_2025/silhuetas/VAS/FORMATO.png,VAS,0.0,28,False,0.0,jair,Jair,4,Jair Rodrigues Júnior,Jair,81091,267,5,4.63,2.07,10,,,,3.0,14.0,12.0,,1.0,11.0,,,,,,,,,,,,Meia,0,0.0,Não Jogou,False
100,https://s3.glbimg.com/v1/AUTH_58d78b787ec34892b5aaa0c7a146155f/clubes_2025/silhuetas/CEA/FORMATO.png,CEA,-1.66,28,True,-1.0,lucas-mugni,L. Mugni,4,Lucas Andrés Mugni,Lucas Mugni,81121,354,7,6.02,3.35,20,,,3.0,5.0,22.0,27.0,3.0,6.0,10.0,1.0,2.0,2.0,,,,,,,,,Meia,327,3.26,Ruim,False
101,https://s3.glbimg.com/v1/AUTH_58d78b787ec34892b5aaa0c7a146155f/clubes_2025/silhuetas/SAN/FORMATO.png,SAN,0.0,28,False,0.0,mayke,Mayke,2,Mayke Rocha de Oliveira,Mayke,81150,277,6,8.01,4.55,11,,,,2.0,24.0,17.0,1.0,2.0,7.0,,,1.0,,3.0,,,,,,,Lateral,0,0.0,Não Jogou,False
102,https://s3.glbimg.com/v1/AUTH_58d78b787ec34892b5aaa0c7a146155f/clubes_2025/silhuetas/SPT/FORMATO.png,SPT,0.0,28,False,0.0,goncalo-paciencia,G. Paciência,5,Gonçalo Mendes Paciência,Gonçalo Paciência,81401,292,6,5.5,0.58,4,,,,,,2.0,,3.0,1.0,,,,,,,,,,,,Atacante,0,0.0,Não Jogou,False
103,https://s3.glbimg.com/v1/AUTH_58d78b787ec34892b5aaa0c7a146155f/clubes_2025/silhuetas/SAO/FORMATO.png,SAO,-0.16,28,True,0.5,alisson,Alisson,4,Alisson Euler de Freitas Castro,Alisson,81845,276,6,4.46,1.96,22,,,1.0,4.0,15.0,17.0,6.0,4.0,29.0,,,1.0,,,,,,,,,Meia,249,25.07,Regular,False
104,https://s3.glbimg.com/v1/AUTH_58d78b787ec34892b5aaa0c7a146155f/clubes_2025/silhuetas/FOR/FORMATO.png,FOR,0.0,28,False,0.0,joao-ricardo,J. Ricardo,1,João Ricardo Riedi,João Ricardo,81881,356,5,11.84,5.87,13,51.0,18.0,,,,,,,2.0,,,,,6.0,,,,,,1.0,Goleiro,0,0.0,Não Jogou,False
105,https://s3.glbimg.com/v1/AUTH_58d78b787ec34892b5aaa0c7a146155f/clubes_2025/silhuetas/VIT/FORMATO.png,VIT,0.0,28,False,0.0,willian-oliveira,W. Oliveira,4,Willian Osmar de Oliveira Silva,Willian Oliveira,81952,287,6,4.7,2.77,11,,,,4.0,18.0,16.0,1.0,7.0,11.0,,,,,,,,,,,,Meia,0,0.0,Não Jogou,False
106,https://s3.glbimg.com/v1/AUTH_58d78b787ec34892b5aaa0c7a146155f/clubes_2025/silhuetas/MIR/FORMATO.png,MIR,-0.05,28,True,0.0,chico-kim,C. Kim,4,Francisco Hyun-Sol Kim,Chico Kim,82407,2305,6,4.18,1.6,11,,,,1.0,8.0,6.0,1.0,1.0,11.0,,,,1.0,,,,,,,,Meia,273,15.73,Regular,False
107,https://s3.glbimg.com/v1/AUTH_58d78b787ec34892b5aaa0c7a146155f/clubes_2025/silhuetas/SAN/FORMATO.png,SAN,1.18,28,True,13.4,ze-rafael,Z. Rafael,4,José Rafael Vivian,Zé Rafael,82455,277,7,9.14,4.68,18,,,,2.0,36.0,27.0,1.0,9.0,34.0,2.0,1.0,,1.0,,,,,,,,Meia,10,97.33,Muito Bom,True
108,https://s3.glbimg.com/v1/AUTH_58d78b787ec34892b5aaa0c7a146155f/clubes_2025/silhuetas/FLU/FORMATO.png,FLU,0.0,28,False,0.0,otavio,Otávio,4,Otávio Henrique Passos Santos,Otávio,82463,266,6,5.46,1.82,4,,,,,3.0,5.0,,1.0,7.0,,,,,,,,,,,,Meia,0,0.0,Não Jogou,False
109,https://s3.glbimg.com/v1/AUTH_58d78b787ec34892b5aaa0c7a146155f/clubes_2025/silhuetas/FLA/FORMATO.png,FLA,0.89,28,True,9.6,luiz-araujo,L. Araújo,5,Luiz de Araújo Guimarães Neto,Luiz Araújo,82627,262,2,9.98,5.26,25,,,2.0,2.0,31.0,24.0,9.0,13.0,18.0,2.0,6.0,1.0,,,,,,,,,Atacante,24,93.18,Bom,True
110,https://s3.glbimg.com/v1/AUTH_58d78b787ec34892b5aaa0c7a146155f/clubes_2025/silhuetas/FOR/FORMATO.png,FOR,0.0,28,False,0.0,tinga,Tinga,2,Guilherme de Jesus da Silva,Tinga,82628,356,5,8.33,4.11,10,,,,1.0,11.0,6.0,,3.0,4.0,,1.0,,,3.0,,,,,,,Lateral,0,0.0,Não Jogou,False
111,https://s3.glbimg.com/v1/AUTH_58d78b787ec34892b5aaa0c7a146155f/clubes_2025/silhuetas/JUV/FORMATO.png,JUV,0.0,28,False,0.0,marcelo-hermes,M. Hermes,2,Marcelo Gazella Hermes,Marcelo Hermes,82639,286,7,7.18,4.89,11,,,2.0,2.0,17.0,12.0,4.0,7.0,7.0,,,,,2.0,,,,,,,Lateral,0,0.0,Não Jogou,False
112,https://s3.glbimg.com/v1/AUTH_58d78b787ec34892b5aaa0c7a146155f/clubes_2025/silhuetas/MIR/FORMATO.png,MIR,0.0,28,False,0.0,lucas-ramon,L. Ramon,2,Lucas Ramon Batista Silva,Lucas Ramon,82775,2305,5,9.24,6.12,23,,,2.0,6.0,45.0,22.0,7.0,6.0,32.0,,2.0,3.0,1.0,6.0,,,,,,,Lateral,0,0.0,Não Jogou,False
113,https://s3.glbimg.com/v1/AUTH_58d78b787ec34892b5aaa0c7a146155f/clubes_2025/silhuetas/SPT/FORMATO.png,SPT,-0.63,28,True,-1.3,rafael-thyere,R. Thyere,3,Rafael Thyere de Albuquerque Marques,Rafael Thyere,83048,292,7,5.3,2.71,14,,,,1.0,12.0,8.0,1.0,2.0,5.0,1.0,,,,3.0,,,,,,,Zagueiro,330,2.08,Ruim,False
114,https://s3.glbimg.com/v1/AUTH_58d78b787ec34892b5aaa0c7a146155f/clubes_2025/silhuetas/INT/FORMATO.png,INT,0.0,28,False,0.0,alan-benitez,A. Benítez,2,Alan Max Benítez Domínguez,Alan Benítez,83251,285,6,5.14,1.87,7,,,,,4.0,5.0,3.0,,,,,,,1.0,,,,,,,Lateral,0,0.0,Não Jogou,False
115,https://s3.glbimg.com/v1/AUTH_58d78b787ec34892b5aaa0c7a146155f/clubes_2025/silhuetas/CRU/FORMATO.png,CRU,-1.38,28,True,-0.3,gabriel,Gabriel,5,Gabriel Barbosa Almeida,Gabriel,83257,283,7,6.55,3.35,22,,,2.0,4.0,4.0,5.0,8.0,8.0,8.0,,6.0,9.0,,,,,,1.0,,,Atacante,301,9.5,Ruim,False
116,https://s3.glbimg.com/v1/AUTH_58d78b787ec34892b5aaa0c7a146155f/clubes_2025/silhuetas/FLA/FORMATO.png,FLA,0.09,28,True,4.7,leo-pereira,L. Pereira,3,Leonardo Pereira,Léo Pereira,83528,262,7,9.63,5.21,24,,,,4.0,17.0,19.0,3.0,7.0,10.0,1.0,3.0,,,14.0,,,,,2.0,,Zagueiro,87,73.44,Regular,False
117,https://s3.glbimg.com/v1/AUTH_58d78b787ec34892b5aaa0c7a146155f/clubes_2025/silhuetas/VIT/FORMATO.png,VIT,0.0,28,False,0.0,neris,Neris,3,Hueglo dos Santos Neris,Neris,83786,287,6,2.06,-0.68,5,,,,1.0,1.0,8.0,1.0,,1.0,,,2.0,,,,1.0,,,,,Zagueiro,0,0.0,Não Jogou,False
118,https://s3.glbimg.com/v1/AUTH_58d78b787ec34892b5aaa0c7a146155f/clubes_2025/silhuetas/SAN/FORMATO.png,SAN,0.0,28,False,0.0,tiquinho-soares,T. Soares,5,Francisco das Chagas Soares dos Santos Meireles,Tiquinho Soares,84042,277,6,7.05,2.96,22,,,3.0,3.0,8.0,27.0,6.0,11.0,33.0,,2.0,5.0,1.0,,,,,,,,Atacante,0,0.0,Não Jogou,False
119,https://s3.glbimg.com/v1/AUTH_58d78b787ec34892b5aaa0c7a146155f/clubes_2025/silhuetas/JUV/FORMATO.png,JUV,0.0,28,False,0.0,ruan-carneiro,R. Carneiro,1,Eudes Ruan de Souza Carneiro,Ruan Carneiro,84094,286,6,2.41,2.55,2,7.0,4.0,,,,,,,,,,,,,,,,,,,Goleiro,0,0.0,Não Jogou,False
120,https://s3.glbimg.com/v1/AUTH_58d78b787ec34892b5aaa0c7a146155f/clubes_2025/silhuetas/GRE/FORMATO.png,GRE,0.0,28,False,0.0,jemerson,Jemerson,3,Jemerson de Jesus Nascimento,Jemerson,84263,284,6,4.77,3.2,9,,,,3.0,11.0,14.0,1.0,1.0,3.0,1.0,1.0,,,1.0,,,,,,,Zagueiro,0,0.0,Não Jogou,False
121,https://s3.glbimg.com/v1/AUTH_58d78b787ec34892b5aaa0c7a146155f/clubes_2025/silhuetas/CEA/FORMATO.png,CEA,0.0,28,False,0.0,fernando-sobral,F. Sobral,4,Fernando Pereira do Nascimento,Fernando Sobral,84428,354,6,5.0,1.56,22,,,,7.0,21.0,28.0,,4.0,14.0,,1.0,1.0,,,,,,,,,Meia,0,0.0,Não Jogou,False
122,https://s3.glbimg.com/v1/AUTH_58d78b787ec34892b5aaa0c7a146155f/clubes_2025/silhuetas/SPT/FORMATO.png,SPT,0.23,28,True,3.2,romarinho,Romarinho,5,José Romário Silva de Souza,Romarinho,84523,292,7,4.08,2.36,15,,,1.0,,3.0,1.0,2.0,3.0,11.0,,2.0,1.0,,,,,,,,,Atacante,132,60.68,Regular,False
123,https://s3.glbimg.com/v1/AUTH_58d78b787ec34892b5aaa0c7a146155f/clubes_2025/silhuetas/CRU/FORMATO.png,CRU,0.49,28,True,4.9,lucas-romero,L. Romero,4,Lucas Daniel Romero,Lucas Romero,84558,283,7,8.08,4.41,25,,,2.0,9.0,54.0,26.0,3.0,8.0,37.0,,1.0,1.0,,,,,,,,,Meia,86,74.78,Regular,False
124,https://s3.glbimg.com/v1/AUTH_58d78b787ec34892b5aaa0c7a146155f/clubes_2025/silhuetas/PAL/FORMATO.png,PAL,0.0,28,False,0.0,lucas-evangelista,L. Evangelista,4,Lucas Evangelista Santana de Oliveira,Lucas Evangelista,84674,275,5,6.28,3.36,19,,,1.0,2.0,23.0,20.0,4.0,2.0,20.0,,2.0,,,,,,,,,,Meia,0,0.0,Não Jogou,False
125,https://s3.glbimg.com/v1/AUTH_58d78b787ec34892b5aaa0c7a146155f/clubes_2025/silhuetas/FLA/FORMATO.png,FLA,-0.09,28,True,0.2,jorginho,Jorginho,4,Jorge Luiz Frello Filho,Jorginho,84735,262,7,6.35,1.4,12,,,,5.0,15.0,19.0,1.0,1.0,6.0,,,,,,,,,,,,Meia,262,21.51,Regular,False
126,https://s3.glbimg.com/v1/AUTH_58d78b787ec34892b5aaa0c7a146155f/clubes_2025/silhuetas/FLA/FORMATO.png,FLA,0.0,28,False,0.0,varela,Varela,2,Guillermo Varela Olivera,Varela,84816,262,2,8.77,5.09,17,,,4.0,,9.0,4.0,1.0,1.0,7.0,,,2.0,,10.0,,,,,1.0,,Lateral,0,0.0,Não Jogou,False
127,https://s3.glbimg.com/v1/AUTH_58d78b787ec34892b5aaa0c7a146155f/clubes_2025/silhuetas/SAN/FORMATO.png,SAN,0.38,28,True,3.8,luan-peres,L. Peres,3,Luan Peres Petroni,Luan Peres,84847,277,7,5.51,2.84,18,,,,4.0,21.0,23.0,1.0,,9.0,,,1.0,,5.0,,,,,,,Zagueiro,116,65.58,Regular,False
128,https://s3.glbimg.com/v1/AUTH_58d78b787ec34892b5aaa0c7a146155f/clubes_2025/silhuetas/INT/FORMATO.png,INT,0.02,28,True,0.7,oscar-romero,O. Romero,4,Óscar David Romero Villamayor,Óscar Romero,85034,285,3,4.55,1.7,14,,,1.0,3.0,7.0,6.0,1.0,5.0,18.0,,,,,,,,,,1.0,,Meia,242,27.89,Regular,False
129,https://s3.glbimg.com/v1/AUTH_58d78b787ec34892b5aaa0c7a146155f/clubes_2025/silhuetas/COR/FORMATO.png,COR,-0.06,28,True,0.0,memphis-depay,M. Depay,5,Memphis Depay,Memphis Depay,85048,264,7,13.07,5.2,16,,,3.0,4.0,7.0,11.0,11.0,10.0,20.0,2.0,4.0,1.0,,,,,,1.0,,,Atacante,273,15.73,Regular,False
130,https://s3.glbimg.com/v1/AUTH_58d78b787ec34892b5aaa0c7a146155f/clubes_2025/silhuetas/FOR/FORMATO.png,FOR,0.0,28,False,0.0,vinicius-silvestre,V. Silvestre,1,Vinicius Silvestre da Costa,Vinicius Silvestre,85083,356,6,6.75,4.4,2,11.0,6.0,,,,,,,1.0,,,,,,,,,,,,Goleiro,0,0.0,Não Jogou,False
131,https://s3.glbimg.com/v1/AUTH_58d78b787ec34892b5aaa0c7a146155f/clubes_2025/silhuetas/MIR/FORMATO.png,MIR,0.2,28,True,4.7,danielzinho,Danielzinho,4,Daniel de Oliveira Sertanejo,Danielzinho,85403,2305,7,5.47,2.83,25,,,2.0,4.0,23.0,30.0,4.0,8.0,49.0,1.0,,2.0,1.0,,,,,,,,Meia,87,73.44,Regular,False
132,https://s3.glbimg.com/v1/AUTH_58d78b787ec34892b5aaa0c7a146155f/clubes_2025/silhuetas/BAH/FORMATO.png,BAH,0.0,28,False,0.0,joao-paulo,J. Paulo,1,João Paulo Silva Martins,João Paulo,85425,265,6,6.45,-1.0,0,,,,2.0,,,,,,,,,,,,,,,,,Goleiro,0,0.0,Não Jogou,False
133,https://s3.glbimg.com/v1/AUTH_58d78b787ec34892b5aaa0c7a146155f/clubes_2025/silhuetas/GRE/FORMATO.png,GRE,0.0,28,False,0.0,alex-santana,A. Santana,4,Alex Paulo Menezes Santana,Alex Santana,85465,284,6,2.62,0.15,10,,,,5.0,1.0,12.0,,4.0,11.0,,,1.0,,,,,,,,,Meia,0,0.0,Não Jogou,False
134,https://s3.glbimg.com/v1/AUTH_58d78b787ec34892b5aaa0c7a146155f/clubes_2025/silhuetas/VIT/FORMATO.png,VIT,0.0,28,False,0.0,ricardo-ryller,R. Ryller,4,Ricardo Ryller Ribeiro Lino Silva,Ricardo Ryller,85856,287,6,2.69,1.3,16,,,,3.0,15.0,28.0,4.0,2.0,7.0,,,1.0,,,,,,,,,Meia,0,0.0,Não Jogou,False
135,https://s3.glbimg.com/v1/AUTH_58d78b787ec34892b5aaa0c7a146155f/clubes_2025/silhuetas/CEA/FORMATO.png,CEA,0.0,28,False,0.0,aylon,Aylon,5,Aylon Darwin Tavella,Aylon,85930,354,6,4.44,2.97,16,,,,3.0,12.0,19.0,4.0,6.0,18.0,1.0,2.0,2.0,1.0,,,,,,,,Atacante,0,0.0,Não Jogou,False
136,https://s3.glbimg.com/v1/AUTH_58d78b787ec34892b5aaa0c7a146155f/clubes_2025/silhuetas/SPT/FORMATO.png,SPT,0.0,28,False,0.0,hyoran,Hyoran,4,Hyoran Kaue Dalmoro,Hyoran,85931,292,5,3.99,1.95,7,,,1.0,2.0,3.0,15.0,2.0,3.0,6.0,1.0,,1.0,,,,,,,,,Meia,0,0.0,Não Jogou,False
137,https://s3.glbimg.com/v1/AUTH_58d78b787ec34892b5aaa0c7a146155f/clubes_2025/silhuetas/CRU/FORMATO.png,CRU,0.0,28,False,0.0,bolasie,Bolasie,5,Yannick Bolasie,Bolasie,86292,283,6,3.12,0.72,13,,,1.0,1.0,3.0,9.0,1.0,1.0,3.0,,,1.0,,,,,,,,,Atacante,0,0.0,Não Jogou,False
138,https://s3.glbimg.com/v1/AUTH_58d78b787ec34892b5aaa0c7a146155f/clubes_2025/silhuetas/VAS/FORMATO.png,VAS,0.84,28,True,5.0,victor-luis,V. Luis,2,Victor Luis Chuab Zamblauskas,Victor Luis,86410,267,6,4.18,1.68,4,,,,,,,1.0,,1.0,,,,,1.0,,,,,,,Lateral,82,75.67,Bom,False
139,https://s3.glbimg.com/v1/AUTH_58d78b787ec34892b5aaa0c7a146155f/clubes_2025/silhuetas/FLU/FORMATO.png,FLU,0.0,28,False,0.0,keno,Keno,5,Marcos da Silva França,Keno,86485,266,6,7.2,3.59,10,,,2.0,,1.0,2.0,2.0,7.0,18.0,,1.0,,,,,,,,,,Atacante,0,0.0,Não Jogou,False
140,https://s3.glbimg.com/v1/AUTH_58d78b787ec34892b5aaa0c7a146155f/clubes_2025/silhuetas/JUV/FORMATO.png,JUV,-0.43,28,True,-2.0,jandrei,Jandrei,1,Jandrei Chitolina Carniel,Jandrei,86508,286,3,3.91,1.58,8,17.0,13.0,,2.0,,,,,1.0,,,,,1.0,,,,,,,Goleiro,336,0.59,Ruim,False
141,https://s3.glbimg.com/v1/AUTH_58d78b787ec34892b5aaa0c7a146155f/clubes_2025/silhuetas/CEA/FORMATO.png,CEA,-0.05,28,True,0.0,richardson,Richardson,4,Richardson Fernandes dos Santos,Richardson,86536,354,7,2.31,0.79,12,,,,3.0,7.0,10.0,1.0,1.0,6.0,,,,,,,,,,,,Meia,273,15.73,Regular,False
142,https://s3.glbimg.com/v1/AUTH_58d78b787ec34892b5aaa0c7a146155f/clubes_2025/silhuetas/VAS/FORMATO.png,VAS,0.1,28,True,1.0,tche-tche,T. Tchê,4,Danilo das Neves Pinheiro,Tchê Tchê,86686,267,6,3.75,1.5,19,,,,1.0,4.0,14.0,1.0,4.0,31.0,,1.0,1.0,,,,,,,,,Meia,226,32.49,Regular,False
143,https://s3.glbimg.com/v1/AUTH_58d78b787ec34892b5aaa0c7a146155f/clubes_2025/silhuetas/INT/FORMATO.png,INT,0.0,28,False,0.0,richard,Richard,4,Richard Cândido Coelho,Richard,86711,285,6,3.62,1.2,4,,,,,2.0,5.0,,1.0,5.0,,,,,,,,,,,,Meia,0,0.0,Não Jogou,False
144,https://s3.glbimg.com/v1/AUTH_58d78b787ec34892b5aaa0c7a146155f/clubes_2025/silhuetas/FLA/FORMATO.png,FLA,-0.17,28,True,1.5,everton,Everton,5,Everton Sousa Soares,Everton,86757,262,6,7.08,2.22,17,,,1.0,,8.0,10.0,4.0,9.0,2.0,1.0,1.0,1.0,,,,,,,,,Atacante,197,40.06,Regular,False
145,https://s3.glbimg.com/v1/AUTH_58d78b787ec34892b5aaa0c7a146155f/clubes_2025/silhuetas/FOR/FORMATO.png,FOR,-0.22,28,True,0.0,matheus-rossetto,M. Rossetto,4,Matheus Rossetto,Matheus Rossetto,86766,356,6,3.09,0.81,12,,,,,6.0,3.0,,,3.0,,,,,,,,,,,,Meia,273,15.73,Regular,False
146,https://s3.glbimg.com/v1/AUTH_58d78b787ec34892b5aaa0c7a146155f/clubes_2025/silhuetas/JUV/FORMATO.png,JUV,0.0,28,False,0.0,reginaldo,Reginaldo,2,Reginaldo Lopes de Jesus,Reginaldo,86820,286,7,4.79,3.1,15,,,2.0,1.0,11.0,6.0,1.0,2.0,10.0,,,1.0,,3.0,,,,,,,Lateral,0,0.0,Não Jogou,False
147,https://s3.glbimg.com/v1/AUTH_58d78b787ec34892b5aaa0c7a146155f/clubes_2025/silhuetas/FOR/FORMATO.png,FOR,0.0,28,False,0.0,jose-welison,J. Welison,4,José Welison da Silva,José Welison,86859,356,6,3.82,1.89,9,,,,3.0,12.0,7.0,,2.0,5.0,,,,,,,,,,,,Meia,0,0.0,Não Jogou,False
148,https://s3.glbimg.com/v1/AUTH_58d78b787ec34892b5aaa0c7a146155f/clubes_2025/silhuetas/MIR/FORMATO.png,MIR,0.0,28,False,0.0,luiz-otavio,L. Otávio,3,Luiz Otávio da Silva Santos,Luiz Otávio,86863,2305,6,4.0,0.0,0,,,,,,,,,,,,,,,,,,,,,Zagueiro,0,0.0,Não Jogou,False
149,https://s3.glbimg.com/v1/AUTH_58d78b787ec34892b5aaa0c7a146155f/clubes_2025/silhuetas/VAS/FORMATO.png,VAS,3.09,28,True,17.7,leo-jardim,L. Jardim,1,Leonardo César Jardim,Léo Jardim,87008,267,7,9.2,3.54,24,71.0,32.0,,,,,,,6.0,,,,,5.0,,1.0,,,,,Goleiro,2,99.7,Excelente,True
150,https://s3.glbimg.com/v1/AUTH_58d78b787ec34892b5aaa0c7a146155f/clubes_2025/silhuetas/RBB/FORMATO.png,RBB,-1.09,28,True,-0.9,pedro-henrique,P. Henrique,3,Pedro Henrique Ribeiro Gonçalves,Pedro Henrique,87225,280,7,7.09,3.6,25,,,1.0,4.0,24.0,18.0,2.0,7.0,19.0,1.0,1.0,,,6.0,,,,,,,Zagueiro,326,3.56,Ruim,False
151,https://s3.glbimg.com/v1/AUTH_58d78b787ec34892b5aaa0c7a146155f/clubes_2025/silhuetas/CAM/FORMATO.png,CAM,1.13,28,True,6.9,guilherme-arana,G. Arana,2,Guilherme Antonio Arana Lopes,Guilherme Arana,87228,282,2,9.17,3.52,14,,,1.0,4.0,15.0,14.0,3.0,5.0,9.0,1.0,,,,3.0,,,,,,,Lateral,52,84.87,Bom,False
152,https://s3.glbimg.com/v1/AUTH_58d78b787ec34892b5aaa0c7a146155f/clubes_2025/silhuetas/FLU/FORMATO.png,FLU,-0.09,28,True,0.0,soteldo,Soteldo,5,Yeferson Julio Soteldo Martínez,Soteldo,87258,266,6,6.34,0.91,15,,,,1.0,3.0,3.0,1.0,3.0,15.0,,,1.0,,,,,,,,,Atacante,273,15.73,Regular,False
153,https://s3.glbimg.com/v1/AUTH_58d78b787ec34892b5aaa0c7a146155f/clubes_2025/silhuetas/GRE/FORMATO.png,GRE,0.0,28,False,0.0,kannemann,Kannemann,3,Walter Kannemann,Kannemann,87342,284,7,4.58,2.19,13,,,,6.0,13.0,16.0,,1.0,6.0,1.0,,,1.0,3.0,,1.0,,,,,Zagueiro,0,0.0,Não Jogou,False
154,https://s3.glbimg.com/v1/AUTH_58d78b787ec34892b5aaa0c7a146155f/clubes_2025/silhuetas/SAN/FORMATO.png,SAN,0.0,28,False,0.0,thaciano,Thaciano,4,Thaciano Mickael da Silva,Thaciano,87470,277,6,4.87,1.81,14,,,,,8.0,2.0,1.0,3.0,6.0,,1.0,7.0,,,,,,,,,Meia,0,0.0,Não Jogou,False
155,https://s3.glbimg.com/v1/AUTH_58d78b787ec34892b5aaa0c7a146155f/clubes_2025/silhuetas/MIR/FORMATO.png,MIR,1.55,28,True,10.5,neto-moura,N. Moura,4,Antônio Francisco Moura Neto,Neto Moura,87742,2305,7,5.95,3.41,23,,,,6.0,49.0,25.0,,5.0,15.0,,1.0,,,,,,,,1.0,,Meia,18,94.96,Muito Bom,True
156,https://s3.glbimg.com/v1/AUTH_58d78b787ec34892b5aaa0c7a146155f/clubes_2025/silhuetas/MIR/FORMATO.png,MIR,0.0,28,False,0.0,yago-felipe,Y. Felipe,4,Yago Felipe da Costa Rocha,Yago Felipe,87747,2305,6,4.07,1.91,14,,,1.0,2.0,10.0,10.0,,3.0,19.0,,,,,,,,,,,,Meia,0,0.0,Não Jogou,False
157,https://s3.glbimg.com/v1/AUTH_58d78b787ec34892b5aaa0c7a146155f/clubes_2025/silhuetas/BOT/FORMATO.png,BOT,0.0,28,False,0.0,philipe-sampaio,P. Sampaio,3,Philipe Sampaio Azevedo,Philipe Sampaio,87808,263,6,3.0,0.0,0,,,,,,,,,,,,,,,,,,,,,Zagueiro,0,0.0,Não Jogou,False
158,https://s3.glbimg.com/v1/AUTH_58d78b787ec34892b5aaa0c7a146155f/clubes_2025/silhuetas/VAS/FORMATO.png,VAS,0.0,28,False,0.0,mauricio-lemos,M. Lemos,3,Paolo Mauricio Lemos Merladett,Mauricio Lemos,87853,267,6,5.2,1.93,4,,,,,2.0,1.0,,,,,,,,1.0,,,,,,,Zagueiro,0,0.0,Não Jogou,False
159,https://s3.glbimg.com/v1/AUTH_58d78b787ec34892b5aaa0c7a146155f/clubes_2025/silhuetas/FLA/FORMATO.png,FLA,1.13,28,True,8.3,arrascaeta,Arrascaeta,4,Giorgian Daniel de Arrascaeta Benedetti,Arrascaeta,87863,262,7,18.64,9.26,25,,,11.0,2.0,14.0,11.0,3.0,20.0,43.0,2.0,14.0,2.0,2.0,,,,,,,,Meia,35,89.91,Bom,False
160,https://s3.glbimg.com/v1/AUTH_58d78b787ec34892b5aaa0c7a146155f/clubes_2025/silhuetas/GRE/FORMATO.png,GRE,0.0,28,False,0.0,balbuena,Balbuena,3,Fabián Cornelio Balbuena González,Balbuena,87887,284,5,8.94,6.33,3,,,,,3.0,,,,3.0,,1.0,,,1.0,,,,,,,Zagueiro,0,0.0,Não Jogou,False
161,https://s3.glbimg.com/v1/AUTH_58d78b787ec34892b5aaa0c7a146155f/clubes_2025/silhuetas/CAM/FORMATO.png,CAM,0.77,28,True,5.7,gustavo-scarpa,G. Scarpa,4,Gustavo Henrique Furtado Scarpa,Gustavo Scarpa,87999,282,7,10.03,3.6,25,,,2.0,2.0,13.0,14.0,11.0,20.0,31.0,2.0,2.0,3.0,,,,,,,,,Meia,68,79.67,Bom,False
162,https://s3.glbimg.com/v1/AUTH_58d78b787ec34892b5aaa0c7a146155f/clubes_2025/silhuetas/SPT/FORMATO.png,SPT,0.0,28,False,0.0,ramon-menezes,R. Menezes,3,Ramon Menezes Roma,Ramon Menezes,88087,292,7,6.43,3.56,13,,,,2.0,14.0,10.0,3.0,2.0,4.0,,1.0,,,3.0,,,,,,,Zagueiro,0,0.0,Não Jogou,False
163,https://s3.glbimg.com/v1/AUTH_58d78b787ec34892b5aaa0c7a146155f/clubes_2025/silhuetas/INT/FORMATO.png,INT,0.0,28,False,0.0,ivan,Ivan,1,Ivan Quaresma da Silva,Ivan,88136,285,6,4.0,0.0,0,,,,,,,,,,,,,,,,,,,,,Goleiro,0,0.0,Não Jogou,False
164,https://s3.glbimg.com/v1/AUTH_58d78b787ec34892b5aaa0c7a146155f/clubes_2025/silhuetas/CAM/FORMATO.png,CAM,0.0,28,False,0.0,junior-alonso,J. Alonso,3,Júnior Osmar Ignacio Alonso Mujica,Junior Alonso,88312,282,7,6.32,3.88,22,,,1.0,3.0,29.0,17.0,3.0,7.0,10.0,,,,,8.0,,2.0,,,,1.0,Zagueiro,0,0.0,Não Jogou,False
165,https://s3.glbimg.com/v1/AUTH_58d78b787ec34892b5aaa0c7a146155f/clubes_2025/silhuetas/COR/FORMATO.png,COR,0.0,28,False,0.0,angel-romero,A. Romero,5,Ángel Rodrigo Romero Villamayor,Ángel Romero,88323,264,6,5.58,1.96,22,,,1.0,4.0,15.0,11.0,4.0,10.0,22.0,1.0,,7.0,,,,1.0,,,,,Atacante,0,0.0,Não Jogou,False
166,https://s3.glbimg.com/v1/AUTH_58d78b787ec34892b5aaa0c7a146155f/clubes_2025/silhuetas/FLA/FORMATO.png,FLA,0.0,28,False,0.0,ayrton-lucas,A. Lucas,2,Ayrton Lucas Dantas de Medeiros,Ayrton Lucas,88393,262,6,9.16,5.25,11,,,,3.0,13.0,15.0,2.0,1.0,11.0,,1.0,,,6.0,,,,,1.0,,Lateral,0,0.0,Não Jogou,False
167,https://s3.glbimg.com/v1/AUTH_58d78b787ec34892b5aaa0c7a146155f/clubes_2025/silhuetas/SPT/FORMATO.png,SPT,-0.26,28,True,1.5,aderlan,Aderlan,2,Aderlan de Lima Silva,Aderlan,88423,292,3,5.51,3.22,9,,,,3.0,14.0,10.0,,2.0,7.0,,,2.0,,2.0,,,,,1.0,,Lateral,197,40.06,Regular,False
168,https://s3.glbimg.com/v1/AUTH_58d78b787ec34892b5aaa0c7a146155f/clubes_2025/silhuetas/CRU/FORMATO.png,CRU,-0.66,28,True,0.0,walace,Walace,4,Walace Souza Silva,Walace,88479,283,6,2.76,0.57,9,,,,2.0,6.0,8.0,,,1.0,,,,,,,,,,,,Meia,273,15.73,Regular,False
169,https://s3.glbimg.com/v1/AUTH_58d78b787ec34892b5aaa0c7a146155f/clubes_2025/silhuetas/FOR/FORMATO.png,FOR,0.0,28,False,0.0,lucas-crispim,L. Crispim,4,Lucas de Figueiredo Crispim,Lucas Crispim,88597,356,6,5.5,3.0,4,,,,,1.0,4.0,,1.0,6.0,,1.0,1.0,,,,,,,,,Meia,0,0.0,Não Jogou,False
170,https://s3.glbimg.com/v1/AUTH_58d78b787ec34892b5aaa0c7a146155f/clubes_2025/silhuetas/CRU/FORMATO.png,CRU,-0.24,28,True,2.76,leonardo-jardim,L. Jardim,6,José Leonardo Nunes Alves Sousa Jardim,Leonardo Jardim,88963,283,7,10.5,6.42,28,,,,,,,,,,,,,,,15.0,,,,,,Técnico,149,56.08,Regular,False
171,https://s3.glbimg.com/v1/AUTH_58d78b787ec34892b5aaa0c7a146155f/clubes_2025/silhuetas/COR/FORMATO.png,COR,0.0,28,False,0.0,hector-hernandez,H. Hernández,5,Héctor José Hernández Marrero,Héctor Hernández,89048,264,6,4.39,2.18,9,,,,,5.0,4.0,2.0,2.0,3.0,,1.0,2.0,,,,,,,,,Atacante,0,0.0,Não Jogou,False
172,https://s3.glbimg.com/v1/AUTH_58d78b787ec34892b5aaa0c7a146155f/clubes_2025/silhuetas/GRE/FORMATO.png,GRE,0.0,28,False,0.0,joao-pedro,J. Pedro,2,João Pedro Maturano dos Santos,João Pedro,89273,284,5,6.18,3.03,7,,,,,10.0,6.0,3.0,,1.0,,,1.0,,1.0,,,,,1.0,,Lateral,0,0.0,Não Jogou,False
173,https://s3.glbimg.com/v1/AUTH_58d78b787ec34892b5aaa0c7a146155f/clubes_2025/silhuetas/PAL/FORMATO.png,PAL,-0.59,28,True,-0.8,andreas-pereira,A. Pereira,4,Andreas Hugo Hoelgebaum Pereira,Andreas Pereira,89274,275,7,10.22,3.5,6,,,,2.0,2.0,6.0,2.0,3.0,2.0,,2.0,,,,,,,,,,Meia,323,4.15,Ruim,False
174,https://s3.glbimg.com/v1/AUTH_58d78b787ec34892b5aaa0c7a146155f/clubes_2025/silhuetas/CRU/FORMATO.png,CRU,0.28,28,True,5.7,william,William,2,Willian de Asevedo Furtado,William,89275,283,7,15.26,7.65,21,,,4.0,1.0,53.0,29.0,4.0,9.0,14.0,,,2.0,,11.0,,1.0,,,,,Lateral,68,79.67,Bom,False
175,https://s3.glbimg.com/v1/AUTH_58d78b787ec34892b5aaa0c7a146155f/clubes_2025/silhuetas/MIR/FORMATO.png,MIR,0.0,28,False,0.0,matheus-sales,M. Sales,4,Matheus de Sales Cabral,Matheus Sales,89285,2305,6,4.0,0.0,0,,,,,,,,,,,,,,,,,,,,,Meia,0,0.0,Não Jogou,False
176,https://s3.glbimg.com/v1/AUTH_58d78b787ec34892b5aaa0c7a146155f/clubes_2025/silhuetas/GRE/FORMATO.png,GRE,0.0,28,False,0.0,braithwaite,Braithwaite,5,Martin Christensen Braithwaite,Braithwaite,89368,284,5,11.69,4.36,17,,,1.0,3.0,9.0,23.0,8.0,11.0,23.0,1.0,4.0,2.0,1.0,,,,,,,,Atacante,0,0.0,Não Jogou,False
177,https://s3.glbimg.com/v1/AUTH_58d78b787ec34892b5aaa0c7a146155f/clubes_2025/silhuetas/FLU/FORMATO.png,FLU,0.0,28,False,0.0,igor-rabello,I. Rabello,3,Igor Rabello da Costa,Igor Rabello,89493,266,6,5.49,3.33,7,,,,,6.0,9.0,,,,,,,,4.0,,1.0,,,,,Zagueiro,0,0.0,Não Jogou,False
178,https://s3.glbimg.com/v1/AUTH_58d78b787ec34892b5aaa0c7a146155f/clubes_2025/silhuetas/INT/FORMATO.png,INT,1.11,28,True,9.5,thiago-maia,T. Maia,4,Thiago Maia Alencar,Thiago Maia,89637,285,7,6.29,3.07,21,,,1.0,1.0,29.0,12.0,,2.0,6.0,,2.0,,,,,,,,,,Meia,25,92.88,Bom,True
179,https://s3.glbimg.com/v1/AUTH_58d78b787ec34892b5aaa0c7a146155f/clubes_2025/silhuetas/FLU/FORMATO.png,FLU,0.0,28,False,0.0,lucho-acosta,L. Acosta,4,Luciano Federico Acosta,Lucho Acosta,89837,266,2,8.95,5.05,6,,,,2.0,8.0,8.0,2.0,,9.0,,2.0,2.0,,,,,,,,,Meia,0,0.0,Não Jogou,False
180,https://s3.glbimg.com/v1/AUTH_58d78b787ec34892b5aaa0c7a146155f/clubes_2025/silhuetas/SAO/FORMATO.png,SAO,0.0,28,False,0.0,calleri,Calleri,5,Jonathan Calleri,Calleri,89840,276,5,5.78,-0.77,3,,,,,1.0,2.0,1.0,2.0,2.0,,,,,,,1.0,,1.0,,,Atacante,0,0.0,Não Jogou,False
181,https://s3.glbimg.com/v1/AUTH_58d78b787ec34892b5aaa0c7a146155f/clubes_2025/silhuetas/GRE/FORMATO.png,GRE,0.55,28,True,3.8,cristaldo,Cristaldo,4,Franco Cristaldo,Cristaldo,89846,284,2,6.5,2.45,19,,,2.0,1.0,12.0,4.0,4.0,5.0,24.0,,,1.0,,,,,,,,,Meia,116,65.58,Regular,False
182,https://s3.glbimg.com/v1/AUTH_58d78b787ec34892b5aaa0c7a146155f/clubes_2025/silhuetas/GRE/FORMATO.png,GRE,0.21,28,True,0.3,dodi,Dodi,4,Douglas Moreira Fagundes,Dodi,89883,284,3,4.01,1.89,22,,,,6.0,28.0,29.0,,3.0,32.0,,,,,,,1.0,,,1.0,,Meia,260,23.0,Regular,False
183,https://s3.glbimg.com/v1/AUTH_58d78b787ec34892b5aaa0c7a146155f/clubes_2025/silhuetas/FOR/FORMATO.png,FOR,0.0,28,False,0.0,bruno-pacheco,B. Pacheco,2,Bruno de Jesus Pacheco,Bruno Pacheco,90061,356,6,9.27,6.09,7,,,1.0,2.0,10.0,7.0,,1.0,10.0,1.0,1.0,1.0,,2.0,,,,,,,Lateral,0,0.0,Não Jogou,False
184,https://s3.glbimg.com/v1/AUTH_58d78b787ec34892b5aaa0c7a146155f/clubes_2025/silhuetas/FLA/FORMATO.png,FLA,0.0,28,False,0.0,bruno-henrique,B. Henrique,5,Bruno Henrique Pinto,Bruno Henrique,90285,262,6,5.79,2.45,23,,,,4.0,13.0,33.0,11.0,12.0,26.0,,2.0,10.0,,,,,,,,,Atacante,0,0.0,Não Jogou,False
185,https://s3.glbimg.com/v1/AUTH_58d78b787ec34892b5aaa0c7a146155f/clubes_2025/silhuetas/FLA/FORMATO.png,FLA,0.0,28,False,0.0,juninho,Juninho,5,Olávio Vieira dos Santos Júnior,Juninho,90307,262,6,4.24,1.56,11,,,,,5.0,7.0,2.0,2.0,4.0,2.0,,2.0,,,,,,,,,Atacante,0,0.0,Não Jogou,False
186,https://s3.glbimg.com/v1/AUTH_58d78b787ec34892b5aaa0c7a146155f/clubes_2025/silhuetas/VAS/FORMATO.png,VAS,1.07,28,True,7.4,david,David,5,David Correa da Fonseca,David,90309,267,6,6.74,3.03,14,,,3.0,1.0,6.0,9.0,2.0,3.0,3.0,,2.0,2.0,,,,,,,,,Atacante,46,86.65,Bom,False
187,https://s3.glbimg.com/v1/AUTH_58d78b787ec34892b5aaa0c7a146155f/clubes_2025/silhuetas/FOR/FORMATO.png,FOR,0.0,28,False,0.0,matheus-pereira,M. Pereira,4,Matheus Pereira da Silva,Matheus Pereira,90370,356,7,5.09,2.57,12,,,3.0,3.0,11.0,14.0,2.0,2.0,5.0,,,,,,,,,,,,Meia,0,0.0,Não Jogou,False
188,https://s3.glbimg.com/v1/AUTH_58d78b787ec34892b5aaa0c7a146155f/clubes_2025/silhuetas/BAH/FORMATO.png,BAH,0.93,28,True,5.7,rezende,Rezende,4,Júlio César de Rezende Miranda,Rezende,90449,265,6,3.57,1.48,9,,,,,8.0,9.0,,,8.0,,,,,,,,,,,,Meia,68,79.67,Bom,False
189,https://s3.glbimg.com/v1/AUTH_58d78b787ec34892b5aaa0c7a146155f/clubes_2025/silhuetas/GRE/FORMATO.png,GRE,-0.15,28,True,2.7,arthur-melo,A. Melo,4,Arthur Henrique Ramos de Oliveira Melo,Arthur Melo,90532,284,2,8.41,3.07,6,,,,1.0,10.0,9.0,1.0,,18.0,,,1.0,,,,1.0,,,,,Meia,150,55.19,Regular,False
190,https://s3.glbimg.com/v1/AUTH_58d78b787ec34892b5aaa0c7a146155f/clubes_2025/silhuetas/JUV/FORMATO.png,JUV,-0.32,28,True,0.9,caique,Caíque,4,Caique de Jesus Gonçalves,Caíque,90588,286,7,4.12,2.24,17,,,,6.0,27.0,31.0,,1.0,26.0,,,,,,,,,,1.0,,Meia,232,30.86,Regular,False
191,https://s3.glbimg.com/v1/AUTH_58d78b787ec34892b5aaa0c7a146155f/clubes_2025/silhuetas/MIR/FORMATO.png,MIR,0.0,28,False,0.0,chico-da-costa,C. Costa,5,Francisco da Costa Aragão,Chico da Costa,90608,2305,6,7.3,4.14,12,,,,1.0,2.0,8.0,1.0,6.0,9.0,,5.0,5.0,,,,,,,,,Atacante,0,0.0,Não Jogou,False
192,https://s3.glbimg.com/v1/AUTH_58d78b787ec34892b5aaa0c7a146155f/clubes_2025/silhuetas/VIT/FORMATO.png,VIT,-0.23,28,True,2.0,matheuzinho,Matheuzinho,4,Matheus Martins Fogaça de Paulo,Matheuzinho,90703,287,2,9.23,3.71,19,,,,3.0,19.0,11.0,10.0,4.0,41.0,,2.0,2.0,,,,1.0,,,,,Meia,175,47.03,Regular,False
193,https://s3.glbimg.com/v1/AUTH_58d78b787ec34892b5aaa0c7a146155f/clubes_2025/silhuetas/CRU/FORMATO.png,CRU,0.0,28,False,0.0,fabricio-bruno,F. Bruno,3,Fabrício Bruno Soares de Faria,Fabrício Bruno,90768,283,7,8.79,4.6,25,,,,6.0,27.0,16.0,2.0,5.0,16.0,,2.0,,,11.0,,,,,,,Zagueiro,0,0.0,Não Jogou,False
194,https://s3.glbimg.com/v1/AUTH_58d78b787ec34892b5aaa0c7a146155f/clubes_2025/silhuetas/MIR/FORMATO.png,MIR,-0.69,28,True,0.8,carlos-eduardo,C. Eduardo,5,Carlos Eduardo Ferreira de Souza,Carlos Eduardo,90917,2305,7,4.08,2.39,15,,,3.0,1.0,6.0,10.0,4.0,4.0,16.0,,,2.0,,,,,,,,,Atacante,237,29.38,Regular,False
195,https://s3.glbimg.com/v1/AUTH_58d78b787ec34892b5aaa0c7a146155f/clubes_2025/silhuetas/VIT/FORMATO.png,VIT,0.23,28,True,1.2,ze-marcos,Z. Marcos,3,José Marcos Alves Luis,Zé Marcos,90943,287,7,3.6,2.21,21,,,,5.0,11.0,18.0,,1.0,13.0,,1.0,1.0,,5.0,,,,,,,Zagueiro,213,36.05,Regular,False
196,https://s3.glbimg.com/v1/AUTH_58d78b787ec34892b5aaa0c7a146155f/clubes_2025/silhuetas/BAH/FORMATO.png,BAH,-0.53,28,True,3.7,ronaldo,Ronaldo,1,Ronaldo de Oliveira Strada,Ronaldo,91101,265,7,7.17,5.37,16,47.0,20.0,1.0,,,,,,4.0,,,,,5.0,,,2.0,,1.0,,Goleiro,119,64.69,Regular,False
197,https://s3.glbimg.com/v1/AUTH_58d78b787ec34892b5aaa0c7a146155f/clubes_2025/silhuetas/CEA/FORMATO.png,CEA,1.37,28,True,9.4,fernandinho,Fernandinho,5,Fernando José Marques Maciel,Fernandinho,91130,354,6,6.62,3.48,10,,,1.0,2.0,14.0,9.0,3.0,4.0,14.0,,,3.0,,,,,,,,,Atacante,26,92.58,Bom,True
198,https://s3.glbimg.com/v1/AUTH_58d78b787ec34892b5aaa0c7a146155f/clubes_2025/silhuetas/BOT/FORMATO.png,BOT,0.0,28,False,0.0,kaio,Kaio,3,Kaio Fernando da Silva Pantaleão,Kaio,91158,263,5,8.62,4.88,9,,,,,10.0,8.0,2.0,5.0,10.0,,,1.0,,4.0,,,,,,,Zagueiro,0,0.0,Não Jogou,False
199,https://s3.glbimg.com/v1/AUTH_58d78b787ec34892b5aaa0c7a146155f/clubes_2025/silhuetas/CEA/FORMATO.png,CEA,0.0,28,False,0.0,eder,Éder,3,Éder Ferreira Graminho,Éder,91203,354,6,2.82,0.8,2,,,,,,3.0,1.0,1.0,1.0,,,,,,,,,,,,Zagueiro,0,0.0,Não Jogou,False
200,https://s3.glbimg.com/v1/AUTH_58d78b787ec34892b5aaa0c7a146155f/clubes_2025/silhuetas/FLA/FORMATO.png,FLA,0.17,28,True,1.5,erick-pulgar,E. Pulgar,4,Erick Antonio Pulgar Farfán,Erick Pulgar,91473,262,2,6.51,2.75,10,,,,2.0,13.0,13.0,2.0,,7.0,,1.0,,,,,,,,,,Meia,197,40.06,Regular,False
201,https://s3.glbimg.com/v1/AUTH_58d78b787ec34892b5aaa0c7a146155f/clubes_2025/silhuetas/JUV/FORMATO.png,JUV,0.0,28,False,0.0,rodrigo-sam,R. Sam,3,Rodrigo Eduardo da Silva,Rodrigo Sam,91509,286,7,3.81,1.78,7,,,,2.0,8.0,13.0,1.0,2.0,6.0,,,4.0,1.0,,,,,,,,Zagueiro,0,0.0,Não Jogou,False
202,https://s3.glbimg.com/v1/AUTH_58d78b787ec34892b5aaa0c7a146155f/clubes_2025/silhuetas/SAO/FORMATO.png,SAO,-0.39,28,True,3.5,arboleda,Arboleda,3,Robert Abel Arboleda Escobar,Arboleda,91573,276,7,9.06,5.5,17,,,,3.0,28.0,12.0,,7.0,7.0,,3.0,2.0,,5.0,,,,,,,Zagueiro,123,63.06,Regular,False
203,https://s3.glbimg.com/v1/AUTH_58d78b787ec34892b5aaa0c7a146155f/clubes_2025/silhuetas/CAM/FORMATO.png,CAM,0.3,28,True,4.1,rony,Rony,5,Ronielson da Silva Barbosa,Rony,91607,282,7,10.03,4.15,24,,,1.0,3.0,20.0,38.0,17.0,14.0,42.0,1.0,3.0,16.0,1.0,,,,,,,,Atacante,108,67.95,Regular,False
204,https://s3.glbimg.com/v1/AUTH_58d78b787ec34892b5aaa0c7a146155f/clubes_2025/silhuetas/JUV/FORMATO.png,JUV,0.0,28,False,0.0,dudu-vieira,D. Vieira,4,Carlos Eduardo de Souza Vieira,Dudu Vieira,91627,286,6,3.0,0.0,0,,,,,,,,,,,,,,,,,,,,,Meia,0,0.0,Não Jogou,False
205,https://s3.glbimg.com/v1/AUTH_58d78b787ec34892b5aaa0c7a146155f/clubes_2025/silhuetas/SPT/FORMATO.png,SPT,1.24,28,True,8.6,igor-carius,I. Cariús,2,Igor Aquino da Silva,Igor Cariús,91639,292,6,8.82,4.95,18,,,,2.0,32.0,21.0,6.0,4.0,21.0,,1.0,5.0,,5.0,,,,,1.0,1.0,Lateral,32,90.65,Bom,True
206,https://s3.glbimg.com/v1/AUTH_58d78b787ec34892b5aaa0c7a146155f/clubes_2025/silhuetas/GRE/FORMATO.png,GRE,0.0,28,False,0.0,marlon,Marlon,2,Marlon Rodrigues Xavier,Marlon,91706,284,7,7.68,5.07,20,,,2.0,5.0,45.0,17.0,2.0,2.0,22.0,,,,,4.0,,,,,1.0,,Lateral,0,0.0,Não Jogou,False
207,https://s3.glbimg.com/v1/AUTH_58d78b787ec34892b5aaa0c7a146155f/clubes_2025/silhuetas/BAH/FORMATO.png,BAH,-0.23,28,True,2.0,david-duarte,D. Duarte,3,David de Duarte Macedo,David Duarte,91772,265,7,5.13,3.04,19,,,,3.0,8.0,14.0,3.0,7.0,8.0,,,1.0,,8.0,,,,,,,Zagueiro,175,47.03,Regular,False
208,https://s3.glbimg.com/v1/AUTH_58d78b787ec34892b5aaa0c7a146155f/clubes_2025/silhuetas/SPT/FORMATO.png,SPT,0.0,28,False,0.0,caique-franca,C. França,1,Caíque França Godoy,Caíque França,91808,292,6,6.53,3.52,12,39.0,20.0,,2.0,2.0,,,,1.0,,,,,2.0,,,,,,,Goleiro,0,0.0,Não Jogou,False
209,https://s3.glbimg.com/v1/AUTH_58d78b787ec34892b5aaa0c7a146155f/clubes_2025/silhuetas/SAN/FORMATO.png,SAN,0.0,28,False,0.0,ze-ivaldo,Z. Ivaldo,3,José Ivaldo Almeida Silva,Zé Ivaldo,91866,277,6,5.92,3.88,14,,,,4.0,20.0,14.0,,11.0,10.0,,1.0,3.0,,3.0,,1.0,,,1.0,,Zagueiro,0,0.0,Não Jogou,False
210,https://s3.glbimg.com/v1/AUTH_58d78b787ec34892b5aaa0c7a146155f/clubes_2025/silhuetas/GRE/FORMATO.png,GRE,0.34,28,True,3.7,pavon,Pavón,5,Cristian David Pavón,Pavón,91908,284,7,5.28,2.68,17,,,2.0,4.0,15.0,9.0,6.0,10.0,10.0,,,2.0,,,,,,,,,Atacante,119,64.69,Regular,False
211,https://s3.glbimg.com/v1/AUTH_58d78b787ec34892b5aaa0c7a146155f/clubes_2025/silhuetas/INT/FORMATO.png,INT,-0.8,28,True,3.42,ramon-diaz,R. Díaz,6,Ramón Ángel Díaz,Ramón Díaz,92075,285,7,8.98,5.04,8,,,,,,,,,,,,,,,2.0,,,,,,Técnico,129,62.02,Regular,False
212,https://s3.glbimg.com/v1/AUTH_58d78b787ec34892b5aaa0c7a146155f/clubes_2025/silhuetas/JUV/FORMATO.png,JUV,0.43,28,True,2.8,giovanny,Giovanny,5,Giovanny Bariani Marques,Giovanny,92085,286,6,3.63,1.82,11,,,1.0,1.0,3.0,4.0,,6.0,10.0,1.0,,1.0,,,,,,,,,Atacante,147,56.53,Regular,False
213,https://s3.glbimg.com/v1/AUTH_58d78b787ec34892b5aaa0c7a146155f/clubes_2025/silhuetas/CAM/FORMATO.png,CAM,0.0,28,False,0.0,lyanco,Lyanco,3,Lyanco Evangelista Silveira Neves Vojnovic,Lyanco,92087,282,5,8.87,5.08,15,,,,5.0,32.0,25.0,3.0,6.0,19.0,,,2.0,,6.0,,2.0,,,1.0,,Zagueiro,0,0.0,Não Jogou,False
214,https://s3.glbimg.com/v1/AUTH_58d78b787ec34892b5aaa0c7a146155f/clubes_2025/silhuetas/BOT/FORMATO.png,BOT,0.25,28,True,3.2,arthur-cabral,A. Cabral,5,Arthur Mendonça Cabral,Arthur Cabral,92171,263,7,11.9,5.3,12,,,1.0,,6.0,19.0,8.0,10.0,20.0,1.0,3.0,3.0,1.0,,,,,,,,Atacante,132,60.68,Regular,False
215,https://s3.glbimg.com/v1/AUTH_58d78b787ec34892b5aaa0c7a146155f/clubes_2025/silhuetas/VIT/FORMATO.png,VIT,-0.25,28,True,4.21,jair-ventura,J. Ventura,6,Jair Ventura,Jair Ventura,92180,287,7,9.86,4.73,4,,,,,,,,,,,,,,,2.0,,,,,,Técnico,104,69.44,Regular,False
216,https://s3.glbimg.com/v1/AUTH_58d78b787ec34892b5aaa0c7a146155f/clubes_2025/silhuetas/INT/FORMATO.png,INT,0.0,28,False,0.0,juninho,Juninho,3,José Carlos Ferreira Júnior,Juninho,92182,285,5,5.34,2.84,13,,,,3.0,18.0,9.0,2.0,6.0,7.0,,,,,1.0,,,,,,,Zagueiro,0,0.0,Não Jogou,False
217,https://s3.glbimg.com/v1/AUTH_58d78b787ec34892b5aaa0c7a146155f/clubes_2025/silhuetas/GRE/FORMATO.png,GRE,0.0,28,False,0.0,rodrigo-ely,R. Ely,3,Rodrigo Ely,Rodrigo Ely,92237,284,5,4.75,0.6,2,,,,,1.0,1.0,,,,,,,,,,,,,,,Zagueiro,0,0.0,Não Jogou,False
218,https://s3.glbimg.com/v1/AUTH_58d78b787ec34892b5aaa0c7a146155f/clubes_2025/silhuetas/COR/FORMATO.png,COR,0.0,28,False,0.0,andre-ramalho,A. Ramalho,3,André Ramalho Silva,André Ramalho,92440,264,6,6.21,3.6,18,,,,4.0,23.0,19.0,1.0,7.0,8.0,,,,,6.0,,,,,1.0,,Zagueiro,0,0.0,Não Jogou,False
219,https://s3.glbimg.com/v1/AUTH_58d78b787ec34892b5aaa0c7a146155f/clubes_2025/silhuetas/VIT/FORMATO.png,VIT,0.94,28,True,7.7,renato-kayzer,R. Kayzer,5,Renato Kayzer de Souza,Renato Kayzer,92696,287,3,9.83,4.77,21,,,,3.0,8.0,30.0,6.0,11.0,37.0,1.0,8.0,14.0,,,,,,,,,Atacante,41,87.83,Bom,False
220,https://s3.glbimg.com/v1/AUTH_58d78b787ec34892b5aaa0c7a146155f/clubes_2025/silhuetas/SPT/FORMATO.png,SPT,0.08,28,True,4.38,daniel-paulista,D. Paulista,6,Daniel Pollo Barioni,Daniel Paulista,92702,292,7,8.28,4.91,15,,,,,,,,,,,,,,,2.0,,,,,,Técnico,101,70.33,Regular,False
221,https://s3.glbimg.com/v1/AUTH_58d78b787ec34892b5aaa0c7a146155f/clubes_2025/silhuetas/FOR/FORMATO.png,FOR,-0.56,28,True,-0.8,deyverson,Deyverson,5,Deyverson Brum Silva,Deyverson,92708,356,3,5.32,2.84,18,,,,2.0,6.0,13.0,4.0,13.0,22.0,2.0,2.0,3.0,,,,,,,,,Atacante,323,4.15,Ruim,False
222,https://s3.glbimg.com/v1/AUTH_58d78b787ec34892b5aaa0c7a146155f/clubes_2025/silhuetas/PAL/FORMATO.png,PAL,0.0,28,False,0.0,bruno-rodrigues,B. Rodrigues,5,Bruno Rafael Rodrigues do Nascimento,Bruno Rodrigues,92811,275,6,5.19,0.6,2,,,,,,,1.0,,,,,,,,,,,,,,Atacante,0,0.0,Não Jogou,False
223,https://s3.glbimg.com/v1/AUTH_58d78b787ec34892b5aaa0c7a146155f/clubes_2025/silhuetas/INT/FORMATO.png,INT,0.0,28,False,0.0,borre,Borré,5,Rafael Santos Borré Maury,Borré,92854,285,6,9.85,3.52,20,,,1.0,2.0,15.0,29.0,5.0,13.0,12.0,1.0,4.0,5.0,,,,1.0,,,,,Atacante,0,0.0,Não Jogou,False
224,https://s3.glbimg.com/v1/AUTH_58d78b787ec34892b5aaa0c7a146155f/clubes_2025/silhuetas/INT/FORMATO.png,INT,0.0,28,False,0.0,ronaldo,Ronaldo,4,Ronaldo da Silva Souza Guerrero,Ronaldo,92981,285,6,3.7,1.88,13,,,,3.0,21.0,20.0,2.0,2.0,2.0,,,2.0,,,,1.0,,,,,Meia,0,0.0,Não Jogou,False
225,https://s3.glbimg.com/v1/AUTH_58d78b787ec34892b5aaa0c7a146155f/clubes_2025/silhuetas/CEA/FORMATO.png,CEA,-1.09,28,True,0.0,rafael-ramos,R. Ramos,2,Rafael António Figueiredo Ramos,Rafael Ramos,93236,354,6,4.97,3.69,15,,,,2.0,21.0,17.0,1.0,4.0,3.0,,,,,5.0,,,,,,,Lateral,273,15.73,Regular,False
226,https://s3.glbimg.com/v1/AUTH_58d78b787ec34892b5aaa0c7a146155f/clubes_2025/silhuetas/SAN/FORMATO.png,SAN,0.0,28,False,0.0,joao-basso,J. Basso,3,João Othávio Basso,João Basso,93372,277,6,7.74,4.42,6,,,,2.0,7.0,10.0,,,6.0,,1.0,,,2.0,,,,,,,Zagueiro,0,0.0,Não Jogou,False
227,https://s3.glbimg.com/v1/AUTH_58d78b787ec34892b5aaa0c7a146155f/clubes_2025/silhuetas/VIT/FORMATO.png,VIT,-1.36,28,True,2.7,cantalapiedra,Cantalapiedra,5,Aitor Cantalapiedra Fernández,Cantalapiedra,93411,287,7,7.15,5.28,9,,,2.0,1.0,8.0,4.0,5.0,3.0,7.0,,2.0,2.0,,,,,,,,,Atacante,150,55.19,Regular,False
228,https://s3.glbimg.com/v1/AUTH_58d78b787ec34892b5aaa0c7a146155f/clubes_2025/silhuetas/CRU/FORMATO.png,CRU,-0.08,28,True,-0.3,wanderson,Wanderson,5,Wanderson Maciel Sousa Campos,Wanderson,93478,283,2,4.68,1.93,25,,,2.0,2.0,10.0,26.0,9.0,16.0,14.0,1.0,,6.0,,,,,,,,,Atacante,301,9.5,Ruim,False
229,https://s3.glbimg.com/v1/AUTH_58d78b787ec34892b5aaa0c7a146155f/clubes_2025/silhuetas/VAS/FORMATO.png,VAS,0.0,28,False,0.0,paulo-henrique,P. Henrique,2,Paulo Henrique de Oliveira Alves,Paulo Henrique,93716,267,7,13.36,8.07,19,,,5.0,7.0,63.0,41.0,6.0,4.0,18.0,2.0,1.0,1.0,,4.0,,,,,,,Lateral,0,0.0,Não Jogou,False
230,https://s3.glbimg.com/v1/AUTH_58d78b787ec34892b5aaa0c7a146155f/clubes_2025/silhuetas/BOT/FORMATO.png,BOT,0.69,28,True,5.4,marlon-freitas,M. Freitas,4,Marlon Rodrigues Freitas,Marlon Freitas,93790,263,3,5.8,2.33,23,,,3.0,5.0,23.0,25.0,4.0,10.0,8.0,,,,,,,,,,,,Meia,75,77.74,Bom,False
231,https://s3.glbimg.com/v1/AUTH_58d78b787ec34892b5aaa0c7a146155f/clubes_2025/silhuetas/CEA/FORMATO.png,CEA,0.0,28,False,0.0,keiller,Keiller,1,Keiller da Silva Nunes,Keiller,93834,354,6,3.0,0.0,0,,,,,,,,,,,,,,,,,,,,,Goleiro,0,0.0,Não Jogou,False
232,https://s3.glbimg.com/v1/AUTH_58d78b787ec34892b5aaa0c7a146155f/clubes_2025/silhuetas/RBB/FORMATO.png,RBB,0.0,28,False,0.0,cleiton,Cleiton,1,Cleiton Schwengber,Cleiton,93882,280,7,8.02,4.32,24,84.0,34.0,,5.0,,,,,7.0,,,,,6.0,,,,,,,Goleiro,0,0.0,Não Jogou,False
233,https://s3.glbimg.com/v1/AUTH_58d78b787ec34892b5aaa0c7a146155f/clubes_2025/silhuetas/SPT/FORMATO.png,SPT,-0.76,28,True,0.2,matheusinho,Matheusinho,4,Matheus Leonardo Sales Cardoso,Matheusinho,93886,292,7,7.39,4.82,14,,,3.0,1.0,13.0,8.0,4.0,8.0,18.0,,2.0,1.0,,,,,,,,,Meia,262,21.51,Regular,False
234,https://s3.glbimg.com/v1/AUTH_58d78b787ec34892b5aaa0c7a146155f/clubes_2025/silhuetas/FOR/FORMATO.png,FOR,0.61,28,True,8.6,breno-lopes,B. Lopes,5,Breno Henrique Vasconcelos Lopes,Breno Lopes,93988,356,7,7.83,4.1,19,,,,2.0,9.0,8.0,6.0,15.0,31.0,1.0,4.0,10.0,,,,,,,,,Atacante,32,90.65,Bom,True
235,https://s3.glbimg.com/v1/AUTH_58d78b787ec34892b5aaa0c7a146155f/clubes_2025/silhuetas/RBB/FORMATO.png,RBB,0.0,28,False,0.0,matheus-fernandes,M. Fernandes,4,Matheus Fernandes Siqueira,Matheus Fernandes,94067,280,6,4.33,1.64,13,,,,2.0,15.0,13.0,1.0,3.0,2.0,,,,,,,,,,,,Meia,0,0.0,Não Jogou,False
236,https://s3.glbimg.com/v1/AUTH_58d78b787ec34892b5aaa0c7a146155f/clubes_2025/silhuetas/COR/FORMATO.png,COR,-1.32,28,True,-1.3,maycon,Maycon,4,Maycon de Andrade Barberan,Maycon,94154,264,7,3.56,2.0,19,,,,2.0,15.0,12.0,,4.0,4.0,,2.0,,,,,,,,,,Meia,330,2.08,Ruim,False
237,https://s3.glbimg.com/v1/AUTH_58d78b787ec34892b5aaa0c7a146155f/clubes_2025/silhuetas/SAN/FORMATO.png,SAN,0.05,28,True,1.7,guilherme,Guilherme,5,Guilherme Augusto Vieira dos Santos,Guilherme,94207,277,7,9.63,6.39,21,,,2.0,,31.0,11.0,11.0,22.0,38.0,,4.0,10.0,,,,,,,,,Atacante,190,43.32,Regular,False
238,https://s3.glbimg.com/v1/AUTH_58d78b787ec34892b5aaa0c7a146155f/clubes_2025/silhuetas/JUV/FORMATO.png,JUV,0.0,28,False,0.0,matheus-babi,M. Babi,5,Matheus Barcelos da Silva,Matheus Babi,94444,286,6,3.87,1.86,14,,,,4.0,7.0,14.0,,4.0,10.0,,2.0,4.0,,,,,,,,,Atacante,0,0.0,Não Jogou,False
239,https://s3.glbimg.com/v1/AUTH_58d78b787ec34892b5aaa0c7a146155f/clubes_2025/silhuetas/PAL/FORMATO.png,PAL,0.7,28,True,4.4,raphael-veiga,R. Veiga,4,Raphael Cavalcante Veiga,Raphael Veiga,94509,275,7,11.11,2.96,15,,,1.0,1.0,9.0,12.0,4.0,4.0,27.0,,1.0,,1.0,,,,,,,,Meia,99,70.77,Regular,False
240,https://s3.glbimg.com/v1/AUTH_58d78b787ec34892b5aaa0c7a146155f/clubes_2025/silhuetas/VAS/FORMATO.png,VAS,0.0,28,False,0.0,lucas-oliveira,L. Oliveira,3,Lucas da Cruz Oliveira,Lucas Oliveira,94514,267,6,4.15,1.85,6,,,,1.0,2.0,3.0,,,,,,,,2.0,,,,,,,Zagueiro,0,0.0,Não Jogou,False
241,https://s3.glbimg.com/v1/AUTH_58d78b787ec34892b5aaa0c7a146155f/clubes_2025/silhuetas/FLA/FORMATO.png,FLA,2.26,28,True,14.4,pedro,Pedro,5,Pedro Guilherme Abreu dos Santos,Pedro,94583,262,7,17.51,7.26,20,,,5.0,3.0,8.0,12.0,14.0,4.0,14.0,1.0,11.0,1.0,1.0,,,,,1.0,,,Atacante,6,98.52,Muito Bom,True
242,https://s3.glbimg.com/v1/AUTH_58d78b787ec34892b5aaa0c7a146155f/clubes_2025/silhuetas/JUV/FORMATO.png,JUV,0.0,28,False,0.0,lucas-fernandes,L. Fernandes,4,Lucas Fernandes da Silva,Lucas Fernandes,94931,286,6,4.58,2.04,5,,,,,5.0,5.0,1.0,2.0,3.0,,,1.0,,,,,,,,,Meia,0,0.0,Não Jogou,False
243,https://s3.glbimg.com/v1/AUTH_58d78b787ec34892b5aaa0c7a146155f/clubes_2025/silhuetas/RBB/FORMATO.png,RBB,-0.62,28,True,3.0,juninho-capixaba,J. Capixaba,2,Luis Antônio da Rocha Júnior,Juninho Capixaba,94968,280,7,11.27,7.41,15,,,,1.0,32.0,18.0,4.0,8.0,31.0,,1.0,1.0,,7.0,,,,,,,Lateral,139,58.46,Regular,False
244,https://s3.glbimg.com/v1/AUTH_58d78b787ec34892b5aaa0c7a146155f/clubes_2025/silhuetas/BOT/FORMATO.png,BOT,0.0,28,False,0.0,gabriel-bahia,G. Bahia,3,Gabriel Henrique Feitosa da Silva,Gabriel Bahia,95106,263,6,3.56,1.73,3,,,,,3.0,2.0,,1.0,1.0,,,,,,,,,,,,Zagueiro,0,0.0,Não Jogou,False
245,https://s3.glbimg.com/v1/AUTH_58d78b787ec34892b5aaa0c7a146155f/clubes_2025/silhuetas/CEA/FORMATO.png,CEA,0.0,28,False,0.0,nicolas,Nicolas,2,Nicolas Vecchiato da Silva - Vichiatto / Vechiatto,Nicolas,95127,354,6,6.33,3.48,10,,,,1.0,11.0,9.0,1.0,3.0,7.0,,,,,3.0,,,,,,,Lateral,0,0.0,Não Jogou,False
246,https://s3.glbimg.com/v1/AUTH_58d78b787ec34892b5aaa0c7a146155f/clubes_2025/silhuetas/JUV/FORMATO.png,JUV,-0.64,28,True,-0.4,gabriel-taliari,G. Taliari,5,Gabriel Pereira Taliari,Gabriel Taliari,95131,286,7,7.53,3.79,23,,,2.0,4.0,18.0,32.0,6.0,12.0,35.0,2.0,3.0,4.0,,,,,,,,,Atacante,312,6.97,Ruim,False
247,https://s3.glbimg.com/v1/AUTH_58d78b787ec34892b5aaa0c7a146155f/clubes_2025/silhuetas/JUV/FORMATO.png,JUV,0.0,28,False,0.0,giraldo,Giraldo,4,Daniel Eduardo Giraldo Cárdenas,Giraldo,95354,286,6,1.83,0.3,13,,,,3.0,6.0,17.0,,2.0,3.0,,,1.0,,,,,,,,,Meia,0,0.0,Não Jogou,False
248,https://s3.glbimg.com/v1/AUTH_58d78b787ec34892b5aaa0c7a146155f/clubes_2025/silhuetas/SPT/FORMATO.png,SPT,0.0,28,False,0.0,rivera,Rivera,4,Christian Hernando Rivera Cuéllar,Rivera,95357,292,7,5.02,2.84,23,,,,5.0,49.0,55.0,,,27.0,,,3.0,,,,,,,,,Meia,0,0.0,Não Jogou,False
249,https://s3.glbimg.com/v1/AUTH_58d78b787ec34892b5aaa0c7a146155f/clubes_2025/silhuetas/SAN/FORMATO.png,SAN,0.51,28,True,5.4,igor-vinicius,I. Vinícius,2,Igor Vinícius de Souza,Igor Vinícius,95466,277,7,6.71,2.91,14,,,,5.0,20.0,18.0,3.0,3.0,10.0,,,,,2.0,,,,,,,Lateral,75,77.74,Bom,False
250,https://s3.glbimg.com/v1/AUTH_58d78b787ec34892b5aaa0c7a146155f/clubes_2025/silhuetas/COR/FORMATO.png,COR,1.35,28,True,13.7,raniele,Raniele,4,Raniele Almeida Melo,Raniele,95556,264,7,7.75,4.07,23,,,1.0,5.0,44.0,30.0,4.0,6.0,38.0,,1.0,,,,,,,,,,Meia,8,97.92,Muito Bom,True
251,https://s3.glbimg.com/v1/AUTH_58d78b787ec34892b5aaa0c7a146155f/clubes_2025/silhuetas/FOR/FORMATO.png,FOR,0.0,28,False,0.0,marcelo-benevenuto,M. Benevenuto,3,Marcelo da Conceição Benevenuto Malaquias,Marcelo Benevenuto,95638,356,6,5.0,0.0,0,,,,,,,,,,,,,,,,,,,,,Zagueiro,0,0.0,Não Jogou,False
252,https://s3.glbimg.com/v1/AUTH_58d78b787ec34892b5aaa0c7a146155f/clubes_2025/silhuetas/SPT/FORMATO.png,SPT,0.0,28,False,0.0,lucas-kal,L. Kal,4,Lucas Kal Schenfeld Prigioli,Lucas Kal,95662,292,6,3.36,-0.2,3,,,,,,2.0,,,,,,,,,,,,,,,Meia,0,0.0,Não Jogou,False
253,https://s3.glbimg.com/v1/AUTH_58d78b787ec34892b5aaa0c7a146155f/clubes_2025/silhuetas/BOT/FORMATO.png,BOT,0.11,28,True,1.0,artur,Artur,5,Artur Victor Guimarães,Artur,95799,263,7,8.49,4.07,18,,,4.0,1.0,9.0,12.0,6.0,12.0,17.0,1.0,2.0,1.0,,,,,,,,,Atacante,226,32.49,Regular,False
254,https://s3.glbimg.com/v1/AUTH_58d78b787ec34892b5aaa0c7a146155f/clubes_2025/silhuetas/VAS/FORMATO.png,VAS,0.0,28,False,0.0,daniel-fuzato,D. Fuzato,1,Daniel Cerântula Fuzato,Daniel Fuzato,95936,267,6,2.04,-0.7,2,2.0,4.0,,,,,,,,,,,,,,,,,,,Goleiro,0,0.0,Não Jogou,False
255,https://s3.glbimg.com/v1/AUTH_58d78b787ec34892b5aaa0c7a146155f/clubes_2025/silhuetas/FLU/FORMATO.png,FLU,-0.65,28,True,0.2,lima,Lima,4,Vinícius Moreira de Lima,Lima,96340,266,2,4.86,2.36,20,,,1.0,2.0,5.0,14.0,4.0,7.0,23.0,1.0,2.0,1.0,,,,,,,,,Meia,262,21.51,Regular,False
256,https://s3.glbimg.com/v1/AUTH_58d78b787ec34892b5aaa0c7a146155f/clubes_2025/silhuetas/COR/FORMATO.png,COR,0.0,28,False,0.0,charles,Charles,4,Charles Rigon Mattos,Charles,96342,264,6,2.96,1.49,11,,,,2.0,15.0,17.0,1.0,,2.0,,,2.0,,,,,,,1.0,,Meia,0,0.0,Não Jogou,False
257,https://s3.glbimg.com/v1/AUTH_58d78b787ec34892b5aaa0c7a146155f/clubes_2025/silhuetas/BOT/FORMATO.png,BOT,-0.03,28,True,1.5,joaquin-correa,J. Correa,5,Carlos Joaquín Correa,Joaquín Correa,96353,263,6,7.53,1.75,12,,,,1.0,5.0,6.0,5.0,5.0,13.0,,,2.0,,,,,,,,,Atacante,197,40.06,Regular,False
258,https://s3.glbimg.com/v1/AUTH_58d78b787ec34892b5aaa0c7a146155f/clubes_2025/silhuetas/CRU/FORMATO.png,CRU,0.11,28,True,10.2,matheus-pereira,M. Pereira,4,Matheus Fellipe Costa Pereira,Matheus Pereira,96610,283,7,15.51,7.76,26,,,7.0,5.0,35.0,29.0,16.0,18.0,82.0,2.0,6.0,6.0,,,,,,,,,Meia,19,94.51,Muito Bom,True
259,https://s3.glbimg.com/v1/AUTH_58d78b787ec34892b5aaa0c7a146155f/clubes_2025/silhuetas/FLA/FORMATO.png,FLA,0.0,28,False,0.0,allan,Allan,4,Allan Rodrigues de Souza,Allan,96652,262,6,2.22,0.56,13,,,,2.0,5.0,19.0,2.0,2.0,7.0,,,,,,,,,,,,Meia,0,0.0,Não Jogou,False
260,https://s3.glbimg.com/v1/AUTH_58d78b787ec34892b5aaa0c7a146155f/clubes_2025/silhuetas/SAO/FORMATO.png,SAO,-0.67,28,True,0.0,rigoni,Rigoni,5,Emiliano Ariel Rigoni,Rigoni,96684,276,6,4.58,1.48,4,,,1.0,1.0,,5.0,2.0,1.0,1.0,1.0,,3.0,,,,1.0,,,,,Atacante,273,15.73,Regular,False
261,https://s3.glbimg.com/v1/AUTH_58d78b787ec34892b5aaa0c7a146155f/clubes_2025/silhuetas/CAM/FORMATO.png,CAM,-0.02,28,True,2.0,saravia,Saravia,2,Renzo Saravia,Saravia,96725,282,7,6.0,3.32,9,,,,1.0,7.0,11.0,,2.0,4.0,,,,,4.0,,,,,,,Lateral,175,47.03,Regular,False
262,https://s3.glbimg.com/v1/AUTH_58d78b787ec34892b5aaa0c7a146155f/clubes_2025/silhuetas/VIT/FORMATO.png,VIT,-0.23,28,True,1.1,camutanga,Camutanga,3,Cleidson Andrade da Souza Silva,Camutanga,96793,287,3,4.9,2.64,7,,,,3.0,6.0,8.0,2.0,2.0,2.0,,,1.0,,2.0,,,,,,,Zagueiro,221,34.12,Regular,False
263,https://s3.glbimg.com/v1/AUTH_58d78b787ec34892b5aaa0c7a146155f/clubes_2025/silhuetas/VIT/FORMATO.png,VIT,0.0,28,False,0.0,carlinhos,Carlinhos,5,Carlos Moisés de Lima,Carlinhos,96831,287,6,4.3,1.27,4,,,,2.0,1.0,8.0,,4.0,,,1.0,2.0,,,,1.0,,,,,Atacante,0,0.0,Não Jogou,False
264,https://s3.glbimg.com/v1/AUTH_58d78b787ec34892b5aaa0c7a146155f/clubes_2025/silhuetas/FLA/FORMATO.png,FLA,-0.57,28,True,3.9,emerson-royal,E. Royal,2,Emerson Aparecido Leite de Souza Júnior,Emerson Royal,96870,262,2,10.47,5.97,8,,,,1.0,17.0,10.0,,1.0,15.0,,1.0,,,2.0,,,,,,,Lateral,113,66.47,Regular,False
265,https://s3.glbimg.com/v1/AUTH_58d78b787ec34892b5aaa0c7a146155f/clubes_2025/silhuetas/JUV/FORMATO.png,JUV,0.0,28,False,0.0,guruceaga,Guruceaga,1,Gastón Guruceaga Fagúndez,Guruceaga,96874,286,7,4.0,0.0,0,,,,,,,,,,,,,,,,,,,,,Goleiro,0,0.0,Não Jogou,False
266,https://s3.glbimg.com/v1/AUTH_58d78b787ec34892b5aaa0c7a146155f/clubes_2025/silhuetas/VAS/FORMATO.png,VAS,0.44,28,True,8.0,carlos-cuesta,C. Cuesta,3,Carlos Eccehomo Cuesta Figueroa,Carlos Cuesta,97095,267,7,11.16,6.63,4,,,,1.0,6.0,4.0,1.0,,1.0,,1.0,,,2.0,,,,,,,Zagueiro,37,89.32,Bom,False
267,https://s3.glbimg.com/v1/AUTH_58d78b787ec34892b5aaa0c7a146155f/clubes_2025/silhuetas/GRE/FORMATO.png,GRE,0.0,28,False,0.0,villasanti,Villasanti,4,Mathías Adalberto Villasanti Rolón,Villasanti,97145,284,5,9.45,3.93,15,,,,5.0,42.0,24.0,,4.0,10.0,,,,,,,,,,,,Meia,0,0.0,Não Jogou,False
268,https://s3.glbimg.com/v1/AUTH_58d78b787ec34892b5aaa0c7a146155f/clubes_2025/silhuetas/MIR/FORMATO.png,MIR,0.5,28,True,3.0,alesson,Alesson,5,Alesson dos Santos Batista,Alesson,97321,2305,7,6.38,4.02,14,,,3.0,1.0,10.0,16.0,,5.0,10.0,,3.0,7.0,,,,,,,,,Atacante,139,58.46,Regular,False
269,https://s3.glbimg.com/v1/AUTH_58d78b787ec34892b5aaa0c7a146155f/clubes_2025/silhuetas/BAH/FORMATO.png,BAH,-0.02,28,True,4.19,rogerio-ceni,R. Ceni,6,Rogério Mücke Ceni,Rogério Ceni,97341,265,7,9.21,5.47,26,,,,,,,,,,,,,,,12.0,,,,,,Técnico,107,68.55,Regular,False
270,https://s3.glbimg.com/v1/AUTH_58d78b787ec34892b5aaa0c7a146155f/clubes_2025/silhuetas/MIR/FORMATO.png,MIR,-0.31,28,True,1.0,joao-victor,J. Victor,3,João Victor Carroll Santana,João Victor,97460,2305,7,3.44,2.96,22,,,1.0,5.0,17.0,16.0,1.0,5.0,12.0,1.0,1.0,1.0,,5.0,,1.0,,,,,Zagueiro,226,32.49,Regular,False
271,https://s3.glbimg.com/v1/AUTH_58d78b787ec34892b5aaa0c7a146155f/clubes_2025/silhuetas/BOT/FORMATO.png,BOT,-1.44,28,True,-1.4,marcal,Marçal,2,Fernando Marçal de Oliveira,Marçal,97468,263,7,8.22,5.4,10,,,,4.0,15.0,16.0,,1.0,5.0,,2.0,,,4.0,,,,,,,Lateral,333,1.48,Ruim,False
272,https://s3.glbimg.com/v1/AUTH_58d78b787ec34892b5aaa0c7a146155f/clubes_2025/silhuetas/MIR/FORMATO.png,MIR,-0.7,28,True,-0.3,shaylon,Shaylon,4,Shaylon Kallyson Cardozo - Cardoso,Shaylon,97520,2305,6,4.32,0.73,4,,,,,1.0,2.0,1.0,1.0,,,,,,,,,,,,,Meia,301,9.5,Ruim,False
273,https://s3.glbimg.com/v1/AUTH_58d78b787ec34892b5aaa0c7a146155f/clubes_2025/silhuetas/COR/FORMATO.png,COR,0.0,28,False,0.0,felix-torres,F. Torres,3,Félix Eduardo Torres Caicedo,Félix Torres,97642,264,6,6.74,3.72,9,,,,1.0,14.0,12.0,,2.0,1.0,,,,,3.0,,,,,,,Zagueiro,0,0.0,Não Jogou,False
274,https://s3.glbimg.com/v1/AUTH_58d78b787ec34892b5aaa0c7a146155f/clubes_2025/silhuetas/VIT/FORMATO.png,VIT,0.0,28,False,0.0,thiago-couto,T. Couto,1,Thiago Couto Wenceslau,Thiago Couto,97645,287,6,3.0,0.0,0,,,,,,,,,,,,,,,,,,,,,Goleiro,0,0.0,Não Jogou,False
275,https://s3.glbimg.com/v1/AUTH_58d78b787ec34892b5aaa0c7a146155f/clubes_2025/silhuetas/PAL/FORMATO.png,PAL,0.22,28,True,3.7,murilo,Murilo,3,Murilo Cerqueira Paim,Murilo,97653,275,7,7.8,3.55,12,,,,5.0,13.0,16.0,1.0,4.0,3.0,,1.0,,,4.0,,,,,1.0,,Zagueiro,119,64.69,Regular,False
276,https://s3.glbimg.com/v1/AUTH_58d78b787ec34892b5aaa0c7a146155f/clubes_2025/silhuetas/VIT/FORMATO.png,VIT,-1.53,28,True,-0.3,erick,Erick,5,Erick de Arruda Serafim,Erick,97810,287,3,6.69,4.85,22,,,4.0,6.0,16.0,18.0,6.0,13.0,54.0,2.0,3.0,1.0,,,,,,,,,Atacante,301,9.5,Ruim,False
277,https://s3.glbimg.com/v1/AUTH_58d78b787ec34892b5aaa0c7a146155f/clubes_2025/silhuetas/FLA/FORMATO.png,FLA,0.58,28,True,4.7,leo-ortiz,L. Ortiz,3,Leonardo Rech Ortiz,Léo Ortiz,97867,262,7,7.61,4.9,25,,,2.0,4.0,19.0,19.0,4.0,9.0,5.0,2.0,1.0,1.0,,13.0,,,,,,,Zagueiro,87,73.44,Regular,False
278,https://s3.glbimg.com/v1/AUTH_58d78b787ec34892b5aaa0c7a146155f/clubes_2025/silhuetas/BAH/FORMATO.png,BAH,-0.76,28,True,-0.3,iago,Iago,2,Iago Amaral Borduchi,Iago,97868,265,7,4.43,2.64,9,,,,,4.0,3.0,1.0,2.0,2.0,,,1.0,,3.0,,,,,,,Lateral,301,9.5,Ruim,False
279,https://s3.glbimg.com/v1/AUTH_58d78b787ec34892b5aaa0c7a146155f/clubes_2025/silhuetas/SAO/FORMATO.png,SAO,-0.24,28,True,3.1,mailton,Maílton,2,Maílton dos Santos de Sá,Maílton,97898,276,7,5.39,2.87,4,,,,1.0,3.0,6.0,,1.0,8.0,,,,,1.0,,,,,,,Lateral,137,59.5,Regular,False
280,https://s3.glbimg.com/v1/AUTH_58d78b787ec34892b5aaa0c7a146155f/clubes_2025/silhuetas/CEA/FORMATO.png,CEA,-0.7,28,True,3.0,matheus-bahia,M. Bahia,2,Matheus Bahia Santos,Matheus Bahia,97899,354,7,8.51,5.2,17,,,1.0,3.0,25.0,16.0,2.0,3.0,22.0,1.0,,,,7.0,,,,,,,Lateral,139,58.46,Regular,False
281,https://s3.glbimg.com/v1/AUTH_58d78b787ec34892b5aaa0c7a146155f/clubes_2025/silhuetas/INT/FORMATO.png,INT,-0.73,28,True,2.4,vitao,Vitão,3,Vitor Eduardo da Silva Matos,Vitão,97900,285,7,6.98,2.83,21,,,1.0,4.0,20.0,15.0,3.0,4.0,2.0,1.0,,,,5.0,,,,,,1.0,Zagueiro,161,52.08,Regular,False
282,https://s3.glbimg.com/v1/AUTH_58d78b787ec34892b5aaa0c7a146155f/clubes_2025/silhuetas/BAH/FORMATO.png,BAH,0.0,28,False,0.0,erick,Erick,4,Erick Luis Conrado de Carvalho,Erick,98022,265,6,8.32,3.53,8,,,,3.0,14.0,12.0,,2.0,3.0,1.0,1.0,2.0,,,,,,,,,Meia,0,0.0,Não Jogou,False
283,https://s3.glbimg.com/v1/AUTH_58d78b787ec34892b5aaa0c7a146155f/clubes_2025/silhuetas/CEA/FORMATO.png,CEA,0.93,28,True,7.7,pedro-raul,P. Raul,5,Pedro Raul Garay da Silva,Pedro Raul,98225,354,7,8.43,3.73,23,,,,4.0,6.0,40.0,19.0,23.0,33.0,2.0,4.0,29.0,,,,,,,,,Atacante,41,87.83,Bom,False
284,https://s3.glbimg.com/v1/AUTH_58d78b787ec34892b5aaa0c7a146155f/clubes_2025/silhuetas/BOT/FORMATO.png,BOT,0.0,28,False,0.0,bastos,Bastos,3,Bartolomeu Jacinto Quissanga,Bastos,98280,263,5,11.0,0.0,0,,,,,,,,,,,,,,,,,,,,,Zagueiro,0,0.0,Não Jogou,False
285,https://s3.glbimg.com/v1/AUTH_58d78b787ec34892b5aaa0c7a146155f/clubes_2025/silhuetas/VIT/FORMATO.png,VIT,0.0,28,False,0.0,val-soares,V. Soares,4,Valdemir de Oliveira Soares,Val Soares,98306,287,5,3.0,0.0,0,,,,,,,,,,,,,,,,,,,,,Meia,0,0.0,Não Jogou,False
286,https://s3.glbimg.com/v1/AUTH_58d78b787ec34892b5aaa0c7a146155f/clubes_2025/silhuetas/MIR/FORMATO.png,MIR,1.61,28,True,11.2,negueba,Negueba,5,Luiz Henrique Soares Firmino,Negueba,98384,2305,3,6.33,4.12,22,,,2.0,3.0,15.0,13.0,7.0,9.0,35.0,,4.0,3.0,,,,,,,,,Atacante,16,95.55,Muito Bom,True
287,https://s3.glbimg.com/v1/AUTH_58d78b787ec34892b5aaa0c7a146155f/clubes_2025/silhuetas/BAH/FORMATO.png,BAH,0.0,28,False,0.0,kanu,Kanu,3,Victor Hugo Soares dos Santos,Kanu,98484,265,6,4.58,2.85,2,,,,,4.0,1.0,,,,,,,,,,,,,,,Zagueiro,0,0.0,Não Jogou,False
288,https://s3.glbimg.com/v1/AUTH_58d78b787ec34892b5aaa0c7a146155f/clubes_2025/silhuetas/BAH/FORMATO.png,BAH,0.59,28,True,4.5,jean-lucas,J. Lucas,4,Jean Lucas de Souza Oliveira,Jean Lucas,98517,265,7,6.72,4.13,23,,,1.0,2.0,33.0,28.0,7.0,10.0,23.0,1.0,3.0,1.0,,,,1.0,,,1.0,,Meia,96,71.51,Regular,False
289,https://s3.glbimg.com/v1/AUTH_58d78b787ec34892b5aaa0c7a146155f/clubes_2025/silhuetas/FOR/FORMATO.png,FOR,0.27,28,True,1.1,kuscevic,Kuscevic,3,Benjamín Kuščević Jaramillo,Kuscevic,98619,356,3,6.41,3.69,18,,,,3.0,26.0,17.0,1.0,3.0,4.0,,1.0,1.0,,5.0,,1.0,,,,,Zagueiro,221,34.12,Regular,False
290,https://s3.glbimg.com/v1/AUTH_58d78b787ec34892b5aaa0c7a146155f/clubes_2025/silhuetas/BOT/FORMATO.png,BOT,-0.37,28,True,0.0,savarino,Savarino,4,Jefferson David Savarino Quintero,Savarino,98672,263,7,8.87,3.85,20,,,2.0,1.0,7.0,8.0,13.0,13.0,15.0,1.0,3.0,5.0,,,,,,,,,Meia,273,15.73,Regular,False
291,https://s3.glbimg.com/v1/AUTH_58d78b787ec34892b5aaa0c7a146155f/clubes_2025/silhuetas/COR/FORMATO.png,COR,-0.54,28,True,1.7,angileri,Angileri,2,Fabrizio Germán Angileri - Fabricio,Angileri,98720,264,6,4.87,2.89,20,,,,3.0,23.0,12.0,1.0,4.0,5.0,1.0,,1.0,,4.0,,,,,,,Lateral,190,43.32,Regular,False
292,https://s3.glbimg.com/v1/AUTH_58d78b787ec34892b5aaa0c7a146155f/clubes_2025/silhuetas/FLA/FORMATO.png,FLA,-0.53,28,True,1.2,samuel-lino,S. Lino,5,Samuel Dias Lino,Samuel Lino,98873,262,7,14.24,6.66,11,,,4.0,,13.0,9.0,5.0,12.0,10.0,,2.0,1.0,,,,,,,,,Atacante,213,36.05,Regular,False
293,https://s3.glbimg.com/v1/AUTH_58d78b787ec34892b5aaa0c7a146155f/clubes_2025/silhuetas/CAM/FORMATO.png,CAM,0.0,28,False,0.0,cuello,Cuello,5,Tomás Esteban Cuello,Cuello,98909,282,5,8.28,4.43,15,,,1.0,3.0,13.0,17.0,11.0,13.0,27.0,3.0,1.0,2.0,,,,1.0,,,1.0,,Atacante,0,0.0,Não Jogou,False
294,https://s3.glbimg.com/v1/AUTH_58d78b787ec34892b5aaa0c7a146155f/clubes_2025/silhuetas/FLA/FORMATO.png,FLA,0.0,28,False,0.0,vina,Viña,2,Matías Nicolás Viña Susperreguy,Viña,98974,262,6,7.71,3.57,7,,,,1.0,4.0,5.0,,,3.0,,,,,4.0,,,,,,,Lateral,0,0.0,Não Jogou,False
295,https://s3.glbimg.com/v1/AUTH_58d78b787ec34892b5aaa0c7a146155f/clubes_2025/silhuetas/CEA/FORMATO.png,CEA,1.16,28,True,7.1,lourenco,Lourenço,4,João Paulo Ferreira Lourenço,Lourenço,99032,354,7,5.62,3.28,22,,,1.0,2.0,27.0,25.0,9.0,5.0,19.0,,2.0,,,,,,,1.0,,,Meia,49,85.76,Bom,False
296,https://s3.glbimg.com/v1/AUTH_58d78b787ec34892b5aaa0c7a146155f/clubes_2025/silhuetas/VIT/FORMATO.png,VIT,0.0,28,False,0.0,lucas-braga,L. Braga,5,Lucas Braga Ribeiro,Lucas Braga,99119,287,6,4.89,2.18,15,,,,1.0,10.0,12.0,2.0,3.0,20.0,,1.0,3.0,,,,,,,,,Atacante,0,0.0,Não Jogou,False
297,https://s3.glbimg.com/v1/AUTH_58d78b787ec34892b5aaa0c7a146155f/clubes_2025/silhuetas/VAS/FORMATO.png,VAS,0.0,28,False,0.0,vegetti,Vegetti,5,Pablo Vegetti,Vegetti,99198,267,2,13.89,6.65,22,,,1.0,2.0,11.0,24.0,7.0,24.0,32.0,2.0,11.0,5.0,,,,,,,,1.0,Atacante,0,0.0,Não Jogou,False
298,https://s3.glbimg.com/v1/AUTH_58d78b787ec34892b5aaa0c7a146155f/clubes_2025/silhuetas/VAS/FORMATO.png,VAS,0.91,28,True,5.5,puma-rodriguez,P. Rodríguez,2,José Luis Rodríguez Bebanz,Puma Rodríguez,99213,267,6,6.24,3.95,16,,,2.0,,11.0,8.0,2.0,7.0,4.0,2.0,1.0,,,3.0,,,,,,,Lateral,72,78.64,Bom,False
299,https://s3.glbimg.com/v1/AUTH_58d78b787ec34892b5aaa0c7a146155f/clubes_2025/silhuetas/SPT/FORMATO.png,SPT,0.0,28,False,0.0,ignacio-ramirez,I. Ramírez,5,Juan Ignacio Ramírez Polero,Ignacio Ramírez,99221,292,6,2.32,0.82,7,,,,1.0,1.0,6.0,3.0,3.0,2.0,,,,,,,,,,,,Atacante,0,0.0,Não Jogou,False
300,https://s3.glbimg.com/v1/AUTH_58d78b787ec34892b5aaa0c7a146155f/clubes_2025/silhuetas/FLA/FORMATO.png,FLA,0.0,28,False,0.0,de-la-cruz,D. Cruz,4,Diego Nicolás de la Cruz Arcosa,De la Cruz,99228,262,2,7.48,2.3,14,,,,4.0,13.0,14.0,3.0,6.0,25.0,,,,,,,,,,,,Meia,0,0.0,Não Jogou,False
301,https://s3.glbimg.com/v1/AUTH_58d78b787ec34892b5aaa0c7a146155f/clubes_2025/silhuetas/FOR/FORMATO.png,FOR,-1.27,28,True,-1.2,bareiro,Bareiro,5,Adam Fernando Bareiro Gamarra,Bareiro,99248,356,3,3.91,1.4,11,,,,2.0,3.0,14.0,7.0,2.0,6.0,1.0,1.0,,,,,1.0,,1.0,,,Atacante,329,2.67,Ruim,False
302,https://s3.glbimg.com/v1/AUTH_58d78b787ec34892b5aaa0c7a146155f/clubes_2025/silhuetas/FOR/FORMATO.png,FOR,-0.17,28,True,1.1,pochettino,Pochettino,4,Tomás Pochettino,Pochettino,99267,356,7,9.94,4.18,16,,,2.0,1.0,19.0,6.0,9.0,10.0,9.0,,1.0,3.0,,,,,,,,,Meia,221,34.12,Regular,False
303,https://s3.glbimg.com/v1/AUTH_58d78b787ec34892b5aaa0c7a146155f/clubes_2025/silhuetas/BOT/FORMATO.png,BOT,0.55,28,True,4.7,alexander-barboza,A. Barboza,3,Alexander Nahuel Barboza Ullúa,Alexander Barboza,99274,263,3,9.91,4.86,16,,,,10.0,35.0,31.0,4.0,5.0,2.0,,,1.0,,7.0,,,,,,,Zagueiro,87,73.44,Regular,False
304,https://s3.glbimg.com/v1/AUTH_58d78b787ec34892b5aaa0c7a146155f/clubes_2025/silhuetas/SAO/FORMATO.png,SAO,0.0,28,False,0.0,dinenno,Dinenno,5,Juan Ignacio Dinenno de Cara,Dinenno,99316,276,6,4.18,1.56,8,,,,2.0,1.0,6.0,2.0,3.0,4.0,,1.0,,,,,,,,,,Atacante,0,0.0,Não Jogou,False
305,https://s3.glbimg.com/v1/AUTH_58d78b787ec34892b5aaa0c7a146155f/clubes_2025/silhuetas/FLU/FORMATO.png,FLU,-0.11,28,True,6.61,luis-zubeldia,L. Zubeldía,6,Luis Francisco Zubeldía,Luis Zubeldía,99366,266,7,8.9,5.13,15,,,,,,,,,,,,,,,5.0,,,,,,Técnico,56,83.68,Bom,False
306,https://s3.glbimg.com/v1/AUTH_58d78b787ec34892b5aaa0c7a146155f/clubes_2025/silhuetas/FLA/FORMATO.png,FLA,-1.09,28,True,1.2,michael,Michael,5,Michael Richard Delgado de Oliveira,Michael,99392,262,6,6.99,3.65,11,,,3.0,,7.0,1.0,3.0,3.0,2.0,,1.0,1.0,,,,,,,,,Atacante,213,36.05,Regular,False
307,https://s3.glbimg.com/v1/AUTH_58d78b787ec34892b5aaa0c7a146155f/clubes_2025/silhuetas/VIT/FORMATO.png,VIT,-0.24,28,True,-0.2,baralhas,Baralhas,4,Gabriel Baralhas dos Santos,Baralhas,99440,287,7,5.68,3.46,21,,,1.0,8.0,37.0,34.0,3.0,10.0,17.0,1.0,1.0,,,,,,,,1.0,,Meia,300,11.28,Ruim,False
308,https://s3.glbimg.com/v1/AUTH_58d78b787ec34892b5aaa0c7a146155f/clubes_2025/silhuetas/FLA/FORMATO.png,FLA,1.62,28,True,13.0,rossi,Rossi,1,Agustín Daniel Rossi,Rossi,99552,262,7,11.12,6.3,27,65.0,13.0,,1.0,,,,,8.0,,,,,15.0,,,3.0,,,,Goleiro,11,97.03,Muito Bom,True
309,https://s3.glbimg.com/v1/AUTH_58d78b787ec34892b5aaa0c7a146155f/clubes_2025/silhuetas/PAL/FORMATO.png,PAL,0.0,28,False,0.0,paulinho,Paulinho,5,Paulo Henrique Sampaio Filho,Paulinho,99818,275,5,5.0,1.03,7,,,,,2.0,1.0,1.0,3.0,2.0,,,1.0,,,,,,,,,Atacante,0,0.0,Não Jogou,False
310,https://s3.glbimg.com/v1/AUTH_58d78b787ec34892b5aaa0c7a146155f/clubes_2025/silhuetas/SAO/FORMATO.png,SAO,0.09,28,True,1.5,alan-franco,A. Franco,3,Alan Javier Franco,Alan Franco,99889,276,7,5.71,2.46,20,,,,5.0,17.0,19.0,,1.0,7.0,,,1.0,,6.0,,,,,,,Zagueiro,197,40.06,Regular,False
311,https://s3.glbimg.com/v1/AUTH_58d78b787ec34892b5aaa0c7a146155f/clubes_2025/silhuetas/CAM/FORMATO.png,CAM,0.0,28,False,0.0,igor-gomes,I. Gomes,4,Igor Silveira Gomes,Igor Gomes,100084,282,7,5.07,2.81,22,,,1.0,2.0,12.0,13.0,2.0,6.0,11.0,,4.0,1.0,,,,,,,,,Meia,0,0.0,Não Jogou,False
312,https://s3.glbimg.com/v1/AUTH_58d78b787ec34892b5aaa0c7a146155f/clubes_2025/silhuetas/SPT/FORMATO.png,SPT,1.02,28,True,6.7,pedro-augusto,P. Augusto,4,Pedro Augusto Borges da Costa,Pedro Augusto,100085,292,6,2.88,1.48,10,,,,3.0,12.0,9.0,1.0,1.0,7.0,,,,,,,1.0,,,,,Meia,55,83.98,Bom,False
313,https://s3.glbimg.com/v1/AUTH_58d78b787ec34892b5aaa0c7a146155f/clubes_2025/silhuetas/COR/FORMATO.png,COR,-1.6,28,True,1.9,yuri-alberto,Y. Alberto,5,Yuri Alberto Monteiro da Silva,Yuri Alberto,100652,264,7,11.53,5.52,18,,,2.0,3.0,1.0,16.0,9.0,22.0,24.0,1.0,7.0,5.0,1.0,,,,,1.0,,,Atacante,185,44.96,Regular,False
314,https://s3.glbimg.com/v1/AUTH_58d78b787ec34892b5aaa0c7a146155f/clubes_2025/silhuetas/RBB/FORMATO.png,RBB,-0.88,28,True,-0.3,fernando,Fernando,5,Fernando dos Santos Pedro,Fernando,100695,280,6,3.46,1.29,7,,,,,1.0,1.0,3.0,4.0,2.0,,,,,,,,,,,,Atacante,301,9.5,Ruim,False
315,https://s3.glbimg.com/v1/AUTH_58d78b787ec34892b5aaa0c7a146155f/clubes_2025/silhuetas/CRU/FORMATO.png,CRU,0.0,28,False,0.0,matheus-henrique,M. Henrique,4,Matheus Henrique de Souza,Matheus Henrique,100742,283,5,5.9,2.18,13,,,,2.0,16.0,10.0,2.0,2.0,11.0,,,,,,,,,,,,Meia,0,0.0,Não Jogou,False
316,https://s3.glbimg.com/v1/AUTH_58d78b787ec34892b5aaa0c7a146155f/clubes_2025/silhuetas/FOR/FORMATO.png,FOR,-1.85,28,True,-0.7,brenno,Brenno,1,Brenno Oliveira Fraga Costa,Brenno,100830,356,7,5.07,3.1,4,8.0,6.0,,,,,,,2.0,,,,,,,1.0,1.0,,,,Goleiro,321,4.9,Ruim,False
317,https://s3.glbimg.com/v1/AUTH_58d78b787ec34892b5aaa0c7a146155f/clubes_2025/silhuetas/CAM/FORMATO.png,CAM,1.37,28,True,9.2,ruan,Ruan,3,Ruan Tressoldi Netto,Ruan,100842,282,6,7.41,4.04,5,,,,1.0,6.0,6.0,,,2.0,,1.0,,,1.0,,,,,,,Zagueiro,27,92.14,Bom,True
318,https://s3.glbimg.com/v1/AUTH_58d78b787ec34892b5aaa0c7a146155f/clubes_2025/silhuetas/GRE/FORMATO.png,GRE,2.36,28,True,11.5,lucas-esteves,L. Esteves,2,Lucas Esteves Souza,Lucas Esteves,100846,284,6,7.01,3.21,7,,,,1.0,11.0,8.0,1.0,4.0,2.0,,,,,1.0,,,,,1.0,,Lateral,14,95.99,Muito Bom,True
319,https://s3.glbimg.com/v1/AUTH_58d78b787ec34892b5aaa0c7a146155f/clubes_2025/silhuetas/SPT/FORMATO.png,SPT,0.65,28,True,5.7,luan-candido,L. Cândido,2,Luan Cândido de Almeida,Luan Cândido,100848,292,7,9.69,5.82,5,,,,1.0,10.0,7.0,3.0,1.0,2.0,,1.0,2.0,,1.0,,,,,1.0,,Lateral,68,79.67,Bom,False
320,https://s3.glbimg.com/v1/AUTH_58d78b787ec34892b5aaa0c7a146155f/clubes_2025/silhuetas/BOT/FORMATO.png,BOT,0.0,28,False,0.0,vitinho,Vitinho,2,Victor Alexander da Silva,Vitinho,100898,263,7,9.25,5.72,24,,,1.0,1.0,42.0,19.0,2.0,6.0,13.0,,1.0,3.0,,11.0,,,,,,,Lateral,0,0.0,Não Jogou,False
321,https://s3.glbimg.com/v1/AUTH_58d78b787ec34892b5aaa0c7a146155f/clubes_2025/silhuetas/VIT/FORMATO.png,VIT,-0.28,28,True,-1.9,ronald-lopes,R. Lopes,4,Ronald dos Santos Lopes,Ronald Lopes,100969,287,7,3.38,2.38,24,,,2.0,5.0,28.0,30.0,5.0,3.0,22.0,,,3.0,,,,,,,,,Meia,335,0.89,Ruim,False
322,https://s3.glbimg.com/v1/AUTH_58d78b787ec34892b5aaa0c7a146155f/clubes_2025/silhuetas/FLU/FORMATO.png,FLU,0.0,28,False,0.0,nonato,Nonato,4,Gustavo Nonato Santana,Nonato,100987,266,6,4.95,2.59,12,,,,3.0,13.0,10.0,1.0,3.0,12.0,,1.0,,,,,,,,,,Meia,0,0.0,Não Jogou,False
323,https://s3.glbimg.com/v1/AUTH_58d78b787ec34892b5aaa0c7a146155f/clubes_2025/silhuetas/CAM/FORMATO.png,CAM,0.0,28,False,0.0,junior-santos,J. Santos,5,José Antonio dos Santos Júnior,Júnior Santos,101002,282,5,5.89,1.97,16,,,,1.0,4.0,9.0,2.0,5.0,14.0,,2.0,3.0,,,,,,,,,Atacante,0,0.0,Não Jogou,False
324,https://s3.glbimg.com/v1/AUTH_58d78b787ec34892b5aaa0c7a146155f/clubes_2025/silhuetas/CEA/FORMATO.png,CEA,0.0,28,False,0.0,diego,Diego,2,Jackson Diego Ibraim Fagundes - Ibrahim,Diego,101027,354,6,10.57,5.85,23,,,2.0,3.0,34.0,20.0,3.0,6.0,52.0,1.0,,,,9.0,,,,,,,Lateral,0,0.0,Não Jogou,False
325,https://s3.glbimg.com/v1/AUTH_58d78b787ec34892b5aaa0c7a146155f/clubes_2025/silhuetas/SAO/FORMATO.png,SAO,-0.31,28,True,3.8,ferreira,Ferreira,5,Aldemir dos Santos Ferreira,Ferreira,101290,276,6,8.85,4.62,19,,,2.0,3.0,12.0,10.0,4.0,10.0,30.0,2.0,4.0,2.0,,,,,,,,,Atacante,116,65.58,Regular,False
326,https://s3.glbimg.com/v1/AUTH_58d78b787ec34892b5aaa0c7a146155f/clubes_2025/silhuetas/BAH/FORMATO.png,BAH,-0.39,28,True,1.0,ademir,Ademir,5,Ademir da Silva Santos Júnior,Ademir,101314,265,7,5.48,3.64,20,,,1.0,5.0,24.0,18.0,9.0,10.0,32.0,,1.0,5.0,,,,,,,,,Atacante,226,32.49,Regular,False
327,https://s3.glbimg.com/v1/AUTH_58d78b787ec34892b5aaa0c7a146155f/clubes_2025/silhuetas/FLU/FORMATO.png,FLU,0.0,28,False,0.0,guga,Guga,2,Cláudio Rodrigues Gomes,Guga,101319,266,6,8.48,5.82,14,,,1.0,1.0,25.0,6.0,1.0,2.0,12.0,,1.0,,,5.0,,,,,,,Lateral,0,0.0,Não Jogou,False
328,https://s3.glbimg.com/v1/AUTH_58d78b787ec34892b5aaa0c7a146155f/clubes_2025/silhuetas/FLU/FORMATO.png,FLU,0.0,28,False,0.0,marcelo-pitaluga,M. Pitaluga,1,Marcelo de Araújo Pitaluga Filho,Marcelo Pitaluga,101478,266,6,2.53,-1.0,0,,,,1.0,,,,,,,,,,,,,,,,,Goleiro,0,0.0,Não Jogou,False
329,https://s3.glbimg.com/v1/AUTH_58d78b787ec34892b5aaa0c7a146155f/clubes_2025/silhuetas/VIT/FORMATO.png,VIT,0.0,28,False,0.0,pepe,Pepê,4,João Pedro Vilardi Pinto,Pepê,101573,287,6,4.5,2.26,13,,,,3.0,20.0,22.0,1.0,1.0,20.0,,,,,,,1.0,,,,,Meia,0,0.0,Não Jogou,False
330,https://s3.glbimg.com/v1/AUTH_58d78b787ec34892b5aaa0c7a146155f/clubes_2025/silhuetas/COR/FORMATO.png,COR,0.0,28,False,0.0,hugo-souza,H. Souza,1,Hugo de Souza Nogueira,Hugo Souza,101574,264,7,7.81,3.43,22,53.0,26.0,,3.0,,,,,1.0,,,,,7.0,,,,,,,Goleiro,0,0.0,Não Jogou,False
331,https://s3.glbimg.com/v1/AUTH_58d78b787ec34892b5aaa0c7a146155f/clubes_2025/silhuetas/VAS/FORMATO.png,VAS,-0.53,28,True,-2.3,hugo-moura,H. Moura,4,Hugo Moura Arruda da Silva,Hugo Moura,101594,267,3,4.45,2.24,23,,,1.0,5.0,35.0,34.0,5.0,5.0,11.0,,,,,,,1.0,,,,1.0,Meia,337,0.3,Ruim,False
332,https://s3.glbimg.com/v1/AUTH_58d78b787ec34892b5aaa0c7a146155f/clubes_2025/silhuetas/VIT/FORMATO.png,VIT,0.63,28,True,6.8,ramon,Ramon,2,Ramon Ramos Lima,Ramon,101597,287,7,6.65,3.5,14,,,,3.0,23.0,20.0,1.0,5.0,9.0,,,1.0,,3.0,,,,,1.0,,Lateral,53,84.57,Bom,False
333,https://s3.glbimg.com/v1/AUTH_58d78b787ec34892b5aaa0c7a146155f/clubes_2025/silhuetas/JUV/FORMATO.png,JUV,0.22,28,True,2.1,peixoto,Peixoto,4,Daniel Nascimento Peixoto dos Santos,Peixoto,101651,286,7,3.24,1.65,4,,,,,2.0,1.0,,3.0,3.0,,,,,,,,,,,,Meia,172,48.96,Regular,False
334,https://s3.glbimg.com/v1/AUTH_58d78b787ec34892b5aaa0c7a146155f/clubes_2025/silhuetas/MIR/FORMATO.png,MIR,-0.56,28,True,0.0,felipe-jonatan,F. Jonatan,2,Felipe Jonatan Rocha Andrade,Felipe Jonatan,101708,2305,6,4.68,-0.3,2,,,,,,2.0,,,,,,,,,,,,,,,Lateral,273,15.73,Regular,False
335,https://s3.glbimg.com/v1/AUTH_58d78b787ec34892b5aaa0c7a146155f/clubes_2025/silhuetas/COR/FORMATO.png,COR,-0.04,28,True,7.2,matheuzinho,Matheuzinho,2,Matheus França Silva,Matheuzinho,101727,264,7,10.99,6.2,23,,,3.0,8.0,50.0,16.0,1.0,8.0,15.0,,2.0,1.0,,7.0,,,,,1.0,,Lateral,47,86.2,Bom,False
336,https://s3.glbimg.com/v1/AUTH_58d78b787ec34892b5aaa0c7a146155f/clubes_2025/silhuetas/FOR/FORMATO.png,FOR,1.03,28,False,-3.0,pablo-roberto,P. Roberto,4,Pablo Roberto dos Santos Barbosa,Pablo Roberto,101733,356,3,5.18,-1.2,2,,,,,1.0,3.0,,,,,,,,,,1.0,,,,,Meia,0,0.0,Não Jogou,False
337,https://s3.glbimg.com/v1/AUTH_58d78b787ec34892b5aaa0c7a146155f/clubes_2025/silhuetas/VIT/FORMATO.png,VIT,0.0,28,False,0.0,claudinho,Claudinho,2,Claudio Coelho Salvático,Claudinho,101752,287,6,4.35,2.08,15,,,,5.0,11.0,10.0,1.0,3.0,8.0,,,,,3.0,,,,,,,Lateral,0,0.0,Não Jogou,False
338,https://s3.glbimg.com/v1/AUTH_58d78b787ec34892b5aaa0c7a146155f/clubes_2025/silhuetas/VAS/FORMATO.png,VAS,0.0,28,False,0.0,jean-david,J. David,4,Jean David Meneses Villarroel,Jean David,101768,267,6,3.0,0.0,0,,,,,,,,,,,,,,,,,,,,,Meia,0,0.0,Não Jogou,False
339,https://s3.glbimg.com/v1/AUTH_58d78b787ec34892b5aaa0c7a146155f/clubes_2025/silhuetas/CEA/FORMATO.png,CEA,0.02,28,True,4.5,willian-machado,W. Machado,3,Willian Estefani Machado,Willian Machado,101908,354,7,5.64,3.77,24,,,,2.0,22.0,11.0,5.0,5.0,12.0,1.0,,,,9.0,,,,,1.0,,Zagueiro,96,71.51,Regular,False
340,https://s3.glbimg.com/v1/AUTH_58d78b787ec34892b5aaa0c7a146155f/clubes_2025/silhuetas/INT/FORMATO.png,INT,-1.05,28,True,2.2,vitinho,Vitinho,5,Vitor Hugo Naum dos Santos,Vitinho,101960,285,7,5.4,2.89,16,,,,4.0,15.0,25.0,2.0,6.0,19.0,1.0,2.0,4.0,,,,,,,,,Atacante,168,50.0,Regular,False
341,https://s3.glbimg.com/v1/AUTH_58d78b787ec34892b5aaa0c7a146155f/clubes_2025/silhuetas/FOR/FORMATO.png,FOR,-0.8,28,True,0.7,britez,Brítez,3,Emanuel Fermín Brítez,Brítez,101995,356,7,5.11,2.69,10,,,1.0,7.0,15.0,14.0,,2.0,10.0,,,,,1.0,,,,,1.0,,Zagueiro,242,27.89,Regular,False
342,https://s3.glbimg.com/v1/AUTH_58d78b787ec34892b5aaa0c7a146155f/clubes_2025/silhuetas/PAL/FORMATO.png,PAL,0.47,28,True,3.6,piquerez,Piquerez,2,Joaquín Piquerez Moreira,Piquerez,102130,275,7,11.36,5.61,24,,,1.0,2.0,31.0,8.0,6.0,15.0,13.0,,3.0,,,9.0,,,,1.0,,1.0,Lateral,122,64.09,Regular,False
343,https://s3.glbimg.com/v1/AUTH_58d78b787ec34892b5aaa0c7a146155f/clubes_2025/silhuetas/FLU/FORMATO.png,FLU,0.0,28,False,0.0,vitor-eudes,V. Eudes,1,Vitor Eudes de Souza Costa,Vitor Eudes,102137,266,6,2.0,0.0,0,,,,,,,,,,,,,,,,,,,,,Goleiro,0,0.0,Não Jogou,False
344,https://s3.glbimg.com/v1/AUTH_58d78b787ec34892b5aaa0c7a146155f/clubes_2025/silhuetas/VIT/FORMATO.png,VIT,0.0,28,False,0.0,lucas-halter,L. Halter,3,Lucas Halter,Lucas Halter,102253,287,7,5.01,3.06,25,,,1.0,5.0,24.0,14.0,2.0,4.0,6.0,1.0,2.0,1.0,,4.0,,1.0,,,,,Zagueiro,0,0.0,Não Jogou,False
345,https://s3.glbimg.com/v1/AUTH_58d78b787ec34892b5aaa0c7a146155f/clubes_2025/silhuetas/SAN/FORMATO.png,SAN,1.19,28,True,11.8,rollheiser,Rollheiser,4,Benjamín Rollheiser,Rollheiser,102256,277,7,7.71,3.13,25,,,2.0,7.0,19.0,26.0,10.0,14.0,30.0,3.0,1.0,3.0,,,,,,,,,Meia,13,96.44,Muito Bom,True
346,https://s3.glbimg.com/v1/AUTH_58d78b787ec34892b5aaa0c7a146155f/clubes_2025/silhuetas/CAM/FORMATO.png,CAM,0.26,28,True,0.8,caio-paulista,C. Paulista,2,Caio Fernando de Oliveira,Caio Paulista,102318,282,2,6.16,3.07,12,,,,2.0,9.0,7.0,2.0,4.0,4.0,,,1.0,,4.0,,,,,,,Lateral,237,29.38,Regular,False
347,https://s3.glbimg.com/v1/AUTH_58d78b787ec34892b5aaa0c7a146155f/clubes_2025/silhuetas/COR/FORMATO.png,COR,0.0,28,False,0.0,caca,Cacá,3,Carlos de Menezes Júnior,Cacá,102340,264,7,6.21,3.58,16,,,,4.0,14.0,15.0,2.0,2.0,14.0,,2.0,,,4.0,,,,,2.0,,Zagueiro,0,0.0,Não Jogou,False
348,https://s3.glbimg.com/v1/AUTH_58d78b787ec34892b5aaa0c7a146155f/clubes_2025/silhuetas/BOT/FORMATO.png,BOT,0.0,28,False,0.0,mastriani,Mastriani,5,Gonzalo Mathías Mastriani Borges,Mastriani,102561,263,6,4.08,0.8,8,,,,1.0,2.0,4.0,1.0,4.0,3.0,,,3.0,,,,,,,,,Atacante,0,0.0,Não Jogou,False
349,https://s3.glbimg.com/v1/AUTH_58d78b787ec34892b5aaa0c7a146155f/clubes_2025/silhuetas/SAO/FORMATO.png,SAO,0.0,28,False,0.0,luan-vinicius,L. Vinícius,4,Luan Vinícius da Silva Santos,Luan Vinícius,102909,276,5,3.04,0.78,6,,,,,2.0,6.0,1.0,1.0,3.0,,,,,,,,,,,,Meia,0,0.0,Não Jogou,False
350,https://s3.glbimg.com/v1/AUTH_58d78b787ec34892b5aaa0c7a146155f/clubes_2025/silhuetas/FLU/FORMATO.png,FLU,-0.86,28,True,2.6,canobbio,Canobbio,5,Agustín Canobbio Graviz,Canobbio,102928,266,7,7.15,4.11,19,,,1.0,3.0,25.0,20.0,5.0,7.0,27.0,1.0,2.0,5.0,1.0,,,,,,,,Atacante,155,54.3,Regular,False
351,https://s3.glbimg.com/v1/AUTH_58d78b787ec34892b5aaa0c7a146155f/clubes_2025/silhuetas/PAL/FORMATO.png,PAL,0.0,28,False,0.0,facundo-torres,F. Torres,5,Facundo Daniel Torres Pérez,Facundo Torres,102950,275,6,9.08,4.1,22,,,3.0,2.0,12.0,12.0,8.0,7.0,26.0,1.0,4.0,1.0,1.0,,,,,,1.0,,Atacante,0,0.0,Não Jogou,False
352,https://s3.glbimg.com/v1/AUTH_58d78b787ec34892b5aaa0c7a146155f/clubes_2025/silhuetas/SAN/FORMATO.png,SAN,-0.02,28,True,1.1,escobar,Escobar,2,Gonzalo Daniel Escobar,Escobar,102975,277,7,8.76,5.02,24,,,,4.0,66.0,33.0,2.0,6.0,17.0,,,1.0,,5.0,,1.0,,,2.0,,Lateral,221,34.12,Regular,False
353,https://s3.glbimg.com/v1/AUTH_58d78b787ec34892b5aaa0c7a146155f/clubes_2025/silhuetas/RBB/FORMATO.png,RBB,0.0,28,False,0.0,laquintana,Laquintana,5,Ignacio Jesús Laquintana Marsico - Nacho,Laquintana,103014,280,6,6.15,4.2,18,,,3.0,1.0,12.0,7.0,5.0,6.0,7.0,,4.0,6.0,,,,,,,,,Atacante,0,0.0,Não Jogou,False
354,https://s3.glbimg.com/v1/AUTH_58d78b787ec34892b5aaa0c7a146155f/clubes_2025/silhuetas/SAN/FORMATO.png,SAN,-0.16,28,True,-0.5,gabriel-brazao,G. Brazão,1,Gabriel Nascimento Rezende Brazão - Resende,Gabriel Brazão,103056,277,7,5.99,3.82,27,83.0,39.0,,1.0,1.0,,,,8.0,,,,,6.0,,,,,,,Goleiro,318,5.93,Ruim,False
355,https://s3.glbimg.com/v1/AUTH_58d78b787ec34892b5aaa0c7a146155f/clubes_2025/silhuetas/BOT/FORMATO.png,BOT,-0.28,28,True,2.2,chris-ramos,C. Ramos,5,Christopher Ramos de la Flor,Chris Ramos,103179,263,6,8.42,4.53,6,,,,,5.0,5.0,2.0,3.0,7.0,,2.0,1.0,,,,1.0,,,,,Atacante,168,50.0,Regular,False
356,https://s3.glbimg.com/v1/AUTH_58d78b787ec34892b5aaa0c7a146155f/clubes_2025/silhuetas/RBB/FORMATO.png,RBB,-1.54,28,True,0.7,eric-ramires,E. Ramires,4,Eric dos Santos Rodrigues,Eric Ramires,103295,280,7,5.59,2.89,26,,,1.0,3.0,25.0,30.0,3.0,8.0,32.0,1.0,2.0,,,,,,,,,,Meia,242,27.89,Regular,False
357,https://s3.glbimg.com/v1/AUTH_58d78b787ec34892b5aaa0c7a146155f/clubes_2025/silhuetas/SPT/FORMATO.png,SPT,0.0,28,False,0.0,matheus-alexandre,M. Alexandre,2,Matheus Alexandre Anastácio de Souza,Matheus Alexandre,103347,292,6,6.72,4.3,16,,,1.0,6.0,30.0,19.0,3.0,4.0,7.0,,,,1.0,4.0,,,,,1.0,,Lateral,0,0.0,Não Jogou,False
358,https://s3.glbimg.com/v1/AUTH_58d78b787ec34892b5aaa0c7a146155f/clubes_2025/silhuetas/FOR/FORMATO.png,FOR,0.0,28,False,0.0,emmanuel-martinez,E. Martínez,4,Leandro Emmanuel Martínez,Emmanuel Martínez,103388,356,6,4.9,2.06,12,,,1.0,6.0,9.0,17.0,3.0,1.0,10.0,,1.0,1.0,,,,,,,,,Meia,0,0.0,Não Jogou,False
359,https://s3.glbimg.com/v1/AUTH_58d78b787ec34892b5aaa0c7a146155f/clubes_2025/silhuetas/CRU/FORMATO.png,CRU,-0.05,28,True,2.0,kaio-jorge,K. Jorge,5,Kaio Jorge Pinto Ramos,Kaio Jorge,103445,283,3,14.59,8.85,26,,,7.0,4.0,20.0,30.0,14.0,25.0,35.0,3.0,15.0,7.0,2.0,,,1.0,,1.0,,,Atacante,175,47.03,Regular,False
360,https://s3.glbimg.com/v1/AUTH_58d78b787ec34892b5aaa0c7a146155f/clubes_2025/silhuetas/FLU/FORMATO.png,FLU,0.0,28,False,0.0,ignacio,Ignácio,3,Ignácio da Silva Oliveira,Ignácio,103523,266,6,6.66,3.82,13,,,,2.0,16.0,15.0,3.0,2.0,12.0,,,,1.0,4.0,,,,,,,Zagueiro,0,0.0,Não Jogou,False
361,https://s3.glbimg.com/v1/AUTH_58d78b787ec34892b5aaa0c7a146155f/clubes_2025/silhuetas/JUV/FORMATO.png,JUV,-0.67,28,True,2.1,rafael-bilu,R. Bilu,5,Rafael Bilu Mudesto,Rafael Bilu,103576,286,6,4.97,3.66,5,,,,,2.0,8.0,1.0,,11.0,1.0,1.0,,,,,,,,,,Atacante,172,48.96,Regular,False
362,https://s3.glbimg.com/v1/AUTH_58d78b787ec34892b5aaa0c7a146155f/clubes_2025/silhuetas/BAH/FORMATO.png,BAH,0.0,28,False,0.0,denis-junior,D. Júnior,1,Dênis de Oliveira Aguiar Júnior,Dênis Júnior,103662,265,6,3.0,0.0,0,,,,,,,,,,,,,,,,,,,,,Goleiro,0,0.0,Não Jogou,False
363,https://s3.glbimg.com/v1/AUTH_58d78b787ec34892b5aaa0c7a146155f/clubes_2025/silhuetas/FLU/FORMATO.png,FLU,0.26,28,True,6.5,gabriel-fuentes,G. Fuentes,2,Gabriel Rafael Fuentes Gómez,Gabriel Fuentes,103672,266,6,7.13,3.22,9,,,,3.0,14.0,14.0,2.0,1.0,4.0,,,,,2.0,,,,,,,Lateral,58,82.79,Bom,False
364,https://s3.glbimg.com/v1/AUTH_58d78b787ec34892b5aaa0c7a146155f/clubes_2025/silhuetas/JUV/FORMATO.png,JUV,0.0,28,False,0.0,gabriel-veron,G. Veron,5,Gabriel Veron Fonseca de Souza,Gabriel Veron,103764,286,6,3.27,1.02,16,,,,,6.0,8.0,3.0,3.0,8.0,,,2.0,,,,,,,,,Atacante,0,0.0,Não Jogou,False
365,https://s3.glbimg.com/v1/AUTH_58d78b787ec34892b5aaa0c7a146155f/clubes_2025/silhuetas/CAM/FORMATO.png,CAM,0.8,28,True,5.1,gabriel-menino,G. Menino,4,Gabriel Vinícius Menino,Gabriel Menino,103767,282,6,5.99,2.78,18,,,1.0,1.0,17.0,14.0,5.0,5.0,14.0,,1.0,1.0,,,,,,,,,Meia,80,76.41,Bom,False
366,https://s3.glbimg.com/v1/AUTH_58d78b787ec34892b5aaa0c7a146155f/clubes_2025/silhuetas/SAO/FORMATO.png,SAO,-0.26,28,True,3.24,hernan-crespo,H. Crespo,6,Hernán Jorge Crespo,Hernán Crespo,103912,276,7,10.65,6.5,16,,,,,,,,,,,,,,,8.0,,,,,,Técnico,131,61.42,Regular,False
367,https://s3.glbimg.com/v1/AUTH_58d78b787ec34892b5aaa0c7a146155f/clubes_2025/silhuetas/MIR/FORMATO.png,MIR,0.75,28,True,6.78,rafael-guanaes,R. Guanaes,6,Rafael Silva Guanaes,Rafael Guanaes,104027,2305,7,8.11,5.66,26,,,,,,,,,,,,,,,12.0,,,,,,Técnico,54,84.27,Bom,False
368,https://s3.glbimg.com/v1/AUTH_58d78b787ec34892b5aaa0c7a146155f/clubes_2025/silhuetas/SAO/FORMATO.png,SAO,0.42,28,True,4.6,sabino,Sabino,3,José Sabino Chagas Monteiro,Sabino,104075,276,6,6.35,4.08,22,,,,2.0,29.0,26.0,3.0,6.0,11.0,,1.0,,,7.0,,,,,1.0,,Zagueiro,95,72.11,Regular,False
369,https://s3.glbimg.com/v1/AUTH_58d78b787ec34892b5aaa0c7a146155f/clubes_2025/silhuetas/PAL/FORMATO.png,PAL,0.0,28,False,0.0,carlos-miguel,C. Miguel,1,Carlos Miguel dos Santos Pereira,Carlos Miguel,104084,275,6,6.0,0.0,0,,,,,,,,,,,,,,,,,,,,,Goleiro,0,0.0,Não Jogou,False
370,https://s3.glbimg.com/v1/AUTH_58d78b787ec34892b5aaa0c7a146155f/clubes_2025/silhuetas/PAL/FORMATO.png,PAL,0.74,28,True,7.0,bruno-fuchs,B. Fuchs,3,Bruno de Lara Fuchs,Bruno Fuchs,104085,275,6,8.0,4.56,16,,,,4.0,21.0,10.0,,2.0,10.0,,1.0,,,7.0,,,,,1.0,,Zagueiro,50,85.31,Bom,False
371,https://s3.glbimg.com/v1/AUTH_58d78b787ec34892b5aaa0c7a146155f/clubes_2025/silhuetas/VIT/FORMATO.png,VIT,0.68,28,True,4.2,lucas-arcanjo,L. Arcanjo,1,Lucas Willians Assis Arcanjo,Lucas Arcanjo,104118,287,7,7.96,4.23,27,97.0,41.0,,2.0,,,,,3.0,,,,,6.0,,,,,,,Goleiro,105,68.99,Regular,False
372,https://s3.glbimg.com/v1/AUTH_58d78b787ec34892b5aaa0c7a146155f/clubes_2025/silhuetas/VIT/FORMATO.png,VIT,0.0,28,False,0.0,fabri,Fabri,5,Fabrício do Rosário dos Santos,Fabri,104134,287,5,3.87,1.93,16,,,1.0,,12.0,17.0,3.0,8.0,8.0,,,,,,,,,,1.0,,Atacante,0,0.0,Não Jogou,False
373,https://s3.glbimg.com/v1/AUTH_58d78b787ec34892b5aaa0c7a146155f/clubes_2025/silhuetas/BOT/FORMATO.png,BOT,0.0,28,False,0.0,raul,Raul,1,Raul Jonas Steffens,Raul,104191,263,6,2.0,0.0,0,,,,,,,,,,,,,,,,,,,,,Goleiro,0,0.0,Não Jogou,False
374,https://s3.glbimg.com/v1/AUTH_58d78b787ec34892b5aaa0c7a146155f/clubes_2025/silhuetas/MIR/FORMATO.png,MIR,0.0,28,False,0.0,edson-carioca,E. Carioca,5,Edson Guilherme Mendes dos Santos,Edson Carioca,104204,2305,5,6.69,4.54,20,,,2.0,1.0,20.0,27.0,6.0,16.0,16.0,,4.0,2.0,,,,,,,,,Atacante,0,0.0,Não Jogou,False
375,https://s3.glbimg.com/v1/AUTH_58d78b787ec34892b5aaa0c7a146155f/clubes_2025/silhuetas/GRE/FORMATO.png,GRE,0.0,28,False,0.0,joao-lucas,J. Lucas,2,João Lucas de Almeida Carvalho,João Lucas,104257,284,6,5.2,2.43,3,,,,1.0,6.0,4.0,,,1.0,,,,,,,,,,,,Lateral,0,0.0,Não Jogou,False
376,https://s3.glbimg.com/v1/AUTH_58d78b787ec34892b5aaa0c7a146155f/clubes_2025/silhuetas/SPT/FORMATO.png,SPT,0.0,28,False,0.0,hereda,Hereda,2,Diogo Hereda da Silva,Hereda,104271,292,5,5.91,4.79,11,,,1.0,1.0,17.0,12.0,2.0,7.0,18.0,,,2.0,,2.0,,,,,,,Lateral,0,0.0,Não Jogou,False
377,https://s3.glbimg.com/v1/AUTH_58d78b787ec34892b5aaa0c7a146155f/clubes_2025/silhuetas/VIT/FORMATO.png,VIT,0.01,28,True,-1.1,dudu,Dudu,4,Eduardo Marcelo Rodrigues Nunes,Dudu,104330,287,3,0.65,-1.35,4,,,,2.0,2.0,8.0,1.0,1.0,,,,,,,,2.0,,,,,Meia,328,2.97,Ruim,False
378,https://s3.glbimg.com/v1/AUTH_58d78b787ec34892b5aaa0c7a146155f/clubes_2025/silhuetas/CRU/FORMATO.png,CRU,0.28,28,True,2.4,christian,Christian,4,Christian Roberto Alves Cardoso,Christian,104502,283,7,7.02,4.07,22,,,2.0,7.0,25.0,34.0,6.0,13.0,37.0,,3.0,5.0,,,,,,,,,Meia,161,52.08,Regular,False
379,https://s3.glbimg.com/v1/AUTH_58d78b787ec34892b5aaa0c7a146155f/clubes_2025/silhuetas/GRE/FORMATO.png,GRE,0.0,28,False,0.0,camilo,Camilo,4,Camilo Reijers de Oliveira,Camilo,104519,284,6,3.6,1.84,12,,,,,17.0,15.0,,2.0,1.0,,,,,,,,,,1.0,,Meia,0,0.0,Não Jogou,False
380,https://s3.glbimg.com/v1/AUTH_58d78b787ec34892b5aaa0c7a146155f/clubes_2025/silhuetas/CEA/FORMATO.png,CEA,0.16,28,True,2.9,vinicius-zanocelo,V. Zanocelo,4,Vinícius Nelson de Souza Zanocelo,Vinícius Zanocelo,104521,354,6,4.2,1.15,4,,,,,3.0,8.0,1.0,1.0,1.0,,,,,,,,,,,,Meia,144,57.27,Regular,False
381,https://s3.glbimg.com/v1/AUTH_58d78b787ec34892b5aaa0c7a146155f/clubes_2025/silhuetas/RBB/FORMATO.png,RBB,0.0,28,False,0.0,fabricio,Fabrício,1,Fabrício Oliveira de Souza,Fabrício,104588,280,6,2.0,0.0,0,,,,,,,,,,,,,,,,,,,,,Goleiro,0,0.0,Não Jogou,False
382,https://s3.glbimg.com/v1/AUTH_58d78b787ec34892b5aaa0c7a146155f/clubes_2025/silhuetas/MIR/FORMATO.png,MIR,0.0,28,False,0.0,matheus-bianqui,M. Bianqui,4,Matheus Henrique Bianqui,Matheus Bianqui,104640,2305,6,3.34,1.31,12,,,,1.0,6.0,7.0,2.0,5.0,1.0,1.0,,,,,,,,,,,Meia,0,0.0,Não Jogou,False
383,https://s3.glbimg.com/v1/AUTH_58d78b787ec34892b5aaa0c7a146155f/clubes_2025/silhuetas/FOR/FORMATO.png,FOR,-0.48,28,True,2.0,moises,Moisés,5,Moisés Vieira da Veiga,Moisés,104666,356,6,11.01,3.15,4,,,1.0,1.0,2.0,1.0,2.0,4.0,1.0,,,2.0,,,,,,,,,Atacante,175,47.03,Regular,False
384,https://s3.glbimg.com/v1/AUTH_58d78b787ec34892b5aaa0c7a146155f/clubes_2025/silhuetas/BOT/FORMATO.png,BOT,0.0,28,False,0.0,newton,Newton,4,Newton Araújo da Costa Júnior,Newton,104693,263,7,4.16,3.27,14,,,,3.0,20.0,24.0,4.0,6.0,5.0,2.0,1.0,1.0,,,,,,,,,Meia,0,0.0,Não Jogou,False
385,https://s3.glbimg.com/v1/AUTH_58d78b787ec34892b5aaa0c7a146155f/clubes_2025/silhuetas/SAN/FORMATO.png,SAN,0.72,28,True,7.44,juan-vojvoda,J. Vojvoda,6,Juan Pablo Vojvoda Rizzo,Juan Vojvoda,104754,277,7,10.81,5.37,19,,,,,,,,,,,,,,,4.0,,,,,,Técnico,45,86.94,Bom,False
386,https://s3.glbimg.com/v1/AUTH_58d78b787ec34892b5aaa0c7a146155f/clubes_2025/silhuetas/SAO/FORMATO.png,SAO,0.0,28,False,0.0,enzo-diaz,E. Díaz,2,Enzo Hernán Díaz,Enzo Díaz,104758,276,6,10.05,6.16,23,,,5.0,7.0,53.0,41.0,1.0,7.0,29.0,1.0,,1.0,,7.0,,,,,3.0,,Lateral,0,0.0,Não Jogou,False
387,https://s3.glbimg.com/v1/AUTH_58d78b787ec34892b5aaa0c7a146155f/clubes_2025/silhuetas/BAH/FORMATO.png,BAH,0.94,28,True,7.8,acevedo,Acevedo,4,Nicolás Brian Acevedo Tabárez,Acevedo,104783,265,7,5.59,2.96,20,,,1.0,3.0,34.0,21.0,5.0,2.0,10.0,,,,,,,,,,,,Meia,38,88.72,Bom,False
388,https://s3.glbimg.com/v1/AUTH_58d78b787ec34892b5aaa0c7a146155f/clubes_2025/silhuetas/GRE/FORMATO.png,GRE,0.0,28,False,0.0,jorge-meurer,J. Meurer,1,Jorge Meurer Bartholdy,Jorge Meurer,104933,284,6,2.0,0.0,0,,,,,,,,,,,,,,,,,,,,,Goleiro,0,0.0,Não Jogou,False
389,https://s3.glbimg.com/v1/AUTH_58d78b787ec34892b5aaa0c7a146155f/clubes_2025/silhuetas/GRE/FORMATO.png,GRE,1.38,28,True,8.9,wagner-leonardo,W. Leonardo,3,Wagner Leonardo Calvelo de Souza,Wagner Leonardo,104994,284,6,7.06,2.9,23,,,1.0,2.0,23.0,15.0,5.0,1.0,5.0,,,1.0,,5.0,,,,,,,Zagueiro,30,91.25,Bom,True
390,https://s3.glbimg.com/v1/AUTH_58d78b787ec34892b5aaa0c7a146155f/clubes_2025/silhuetas/CRU/FORMATO.png,CRU,0.0,28,False,0.0,joao-marcelo,J. Marcelo,3,João Marcelo Messias Ferreira,João Marcelo,105047,283,6,5.91,0.6,2,,,,,1.0,1.0,,,,,,,,,,,,,,,Zagueiro,0,0.0,Não Jogou,False
391,https://s3.glbimg.com/v1/AUTH_58d78b787ec34892b5aaa0c7a146155f/clubes_2025/silhuetas/CAM/FORMATO.png,CAM,-0.37,28,True,-1.3,reinier,Reinier,4,Reinier Jesus Carvalho,Reinier,105068,282,6,3.66,1.66,7,,,,2.0,5.0,4.0,1.0,2.0,3.0,1.0,,,,,,,,,,,Meia,330,2.08,Ruim,False
392,https://s3.glbimg.com/v1/AUTH_58d78b787ec34892b5aaa0c7a146155f/clubes_2025/silhuetas/SAN/FORMATO.png,SAN,0.0,28,False,0.0,alexis-duarte,A. Duarte,3,Alexis David Duarte Pereira,Alexis Duarte,105114,277,6,6.71,3.0,3,,,,,5.0,4.0,1.0,,3.0,,,,,,,,,,,,Zagueiro,0,0.0,Não Jogou,False
393,https://s3.glbimg.com/v1/AUTH_58d78b787ec34892b5aaa0c7a146155f/clubes_2025/silhuetas/PAL/FORMATO.png,PAL,0.0,28,False,0.0,khellven,Khellven,2,Khellven Douglas Silva Oliveira,Khellven,105175,275,6,6.45,3.4,5,,,,,5.0,10.0,,,5.0,,,,,2.0,,,,,,,Lateral,0,0.0,Não Jogou,False
394,https://s3.glbimg.com/v1/AUTH_58d78b787ec34892b5aaa0c7a146155f/clubes_2025/silhuetas/RBB/FORMATO.png,RBB,0.0,28,False,0.0,sant-anna,Sant'Anna,2,Ariel Agustín Sant'Anna Quintero,Sant'Anna,105213,280,6,5.06,2.4,9,,,,3.0,8.0,8.0,1.0,6.0,2.0,1.0,,1.0,,1.0,,,,,,,Lateral,0,0.0,Não Jogou,False
395,https://s3.glbimg.com/v1/AUTH_58d78b787ec34892b5aaa0c7a146155f/clubes_2025/silhuetas/BOT/FORMATO.png,BOT,0.29,28,True,3.5,santiago-rodriguez,S. Rodríguez,4,Santiago Mariano Rodríguez Molina,Santiago Rodríguez,105214,263,7,6.32,4.06,17,,,2.0,4.0,20.0,11.0,4.0,7.0,20.0,,2.0,1.0,,,,,,,,,Meia,123,63.06,Regular,False
396,https://s3.glbimg.com/v1/AUTH_58d78b787ec34892b5aaa0c7a146155f/clubes_2025/silhuetas/FOR/FORMATO.png,FOR,-0.12,28,True,4.4,gaston-avila,G. Ávila,3,Gastón Luciano Ávila,Gastón Ávila,105258,356,3,8.61,4.38,16,,,,3.0,33.0,13.0,4.0,4.0,11.0,,,1.0,,3.0,,,,,1.0,,Zagueiro,99,70.77,Regular,False
397,https://s3.glbimg.com/v1/AUTH_58d78b787ec34892b5aaa0c7a146155f/clubes_2025/silhuetas/SAO/FORMATO.png,SAO,0.0,28,False,0.0,ferraresi,Ferraresi,3,Nahuel Adolfo Ferraresi Hernández,Ferraresi,105300,276,7,9.01,6.78,17,,,3.0,2.0,51.0,21.0,,2.0,17.0,,,1.0,,5.0,,,,,,1.0,Zagueiro,0,0.0,Não Jogou,False
398,https://s3.glbimg.com/v1/AUTH_58d78b787ec34892b5aaa0c7a146155f/clubes_2025/silhuetas/CEA/FORMATO.png,CEA,0.0,28,False,0.0,lucas-lima,L. Lima,4,Lucas Eduardo Lima da Silva,Lucas Lima,105337,354,6,2.56,0.95,10,,,,,5.0,1.0,,1.0,3.0,,,,,,,,,,,,Meia,0,0.0,Não Jogou,False
399,https://s3.glbimg.com/v1/AUTH_58d78b787ec34892b5aaa0c7a146155f/clubes_2025/silhuetas/BAH/FORMATO.png,BAH,-0.03,28,True,1.2,gabriel-xavier,G. Xavier,3,Gabriel Lheman Xavier - Lhman,Gabriel Xavier,105373,265,7,5.18,2.26,9,,,,3.0,6.0,16.0,,2.0,5.0,,,,,3.0,,,,,,,Zagueiro,213,36.05,Regular,False
400,https://s3.glbimg.com/v1/AUTH_58d78b787ec34892b5aaa0c7a146155f/clubes_2025/silhuetas/FLA/FORMATO.png,FLA,0.66,28,True,5.0,carrascal,Carrascal,4,Jorge Andrés Carrascal Guardo,Carrascal,105436,262,2,9.43,5.52,8,,,4.0,2.0,9.0,10.0,,2.0,12.0,,1.0,,,,,,,,,,Meia,82,75.67,Bom,False
401,https://s3.glbimg.com/v1/AUTH_58d78b787ec34892b5aaa0c7a146155f/clubes_2025/silhuetas/COR/FORMATO.png,COR,0.0,28,False,0.0,matheus-bidu,M. Bidu,2,Matheus Lima Beltrão Oliveira Valin,Matheus Bidu,105531,264,7,10.17,5.9,18,,,2.0,6.0,27.0,14.0,3.0,7.0,42.0,,,4.0,1.0,7.0,,,,,,,Lateral,0,0.0,Não Jogou,False
402,https://s3.glbimg.com/v1/AUTH_58d78b787ec34892b5aaa0c7a146155f/clubes_2025/silhuetas/GRE/FORMATO.png,GRE,2.43,28,True,17.2,carlos-vinicius,C. Vinícius,5,Carlos Vinícius Alves Morais,Carlos Vinícius,105563,284,7,10.46,5.56,5,,,,1.0,1.0,7.0,2.0,1.0,11.0,,3.0,3.0,,,,1.0,,,,,Atacante,3,99.41,Excelente,True
403,https://s3.glbimg.com/v1/AUTH_58d78b787ec34892b5aaa0c7a146155f/clubes_2025/silhuetas/FOR/FORMATO.png,FOR,-0.38,28,True,-0.7,lucero,Lucero,5,Juan Martín Lucero,Lucero,105568,356,7,7.02,2.72,22,,,1.0,5.0,16.0,31.0,8.0,9.0,12.0,1.0,3.0,8.0,,,,,,1.0,,,Atacante,321,4.9,Ruim,False
404,https://s3.glbimg.com/v1/AUTH_58d78b787ec34892b5aaa0c7a146155f/clubes_2025/silhuetas/VAS/FORMATO.png,VAS,-0.23,28,True,4.7,lucas-piton,L. Piton,2,Lucas Piton Crivellaro,Lucas Piton,105584,267,7,8.1,4.45,19,,,6.0,4.0,21.0,29.0,1.0,4.0,7.0,,1.0,1.0,,4.0,,,,,,,Lateral,87,73.44,Regular,False
405,https://s3.glbimg.com/v1/AUTH_58d78b787ec34892b5aaa0c7a146155f/clubes_2025/silhuetas/MIR/FORMATO.png,MIR,0.0,28,False,0.0,roni,Roni,4,Roni Medeiros de Moura,Roni,105585,2305,6,1.55,0.14,7,,,,1.0,1.0,1.0,,1.0,,,,,,,,,,,,,Meia,0,0.0,Não Jogou,False
406,https://s3.glbimg.com/v1/AUTH_58d78b787ec34892b5aaa0c7a146155f/clubes_2025/silhuetas/PAL/FORMATO.png,PAL,-0.71,28,True,5.4,mauricio,Maurício,4,Maurício Magalhães Prado,Maurício,105647,275,6,9.37,4.4,19,,,6.0,,9.0,12.0,5.0,10.0,12.0,,3.0,5.0,,,,,,,,,Meia,75,77.74,Bom,False
407,https://s3.glbimg.com/v1/AUTH_58d78b787ec34892b5aaa0c7a146155f/clubes_2025/silhuetas/COR/FORMATO.png,COR,0.0,28,False,0.0,talles-magno,T. Magno,5,Talles Magno Bacelar Martins,Talles Magno,105786,264,6,5.83,2.8,21,,,1.0,2.0,14.0,21.0,6.0,10.0,31.0,1.0,1.0,9.0,,,,,,,,,Atacante,0,0.0,Não Jogou,False
408,https://s3.glbimg.com/v1/AUTH_58d78b787ec34892b5aaa0c7a146155f/clubes_2025/silhuetas/JUV/FORMATO.png,JUV,0.0,28,False,0.0,luan-freitas,L. Freitas,3,Luan de Freitas Molarinho Chagas,Luan Freitas,105807,286,5,5.47,3.5,5,,,,,7.0,3.0,,3.0,1.0,,,,,1.0,,,,,,,Zagueiro,0,0.0,Não Jogou,False
409,https://s3.glbimg.com/v1/AUTH_58d78b787ec34892b5aaa0c7a146155f/clubes_2025/silhuetas/VIT/FORMATO.png,VIT,-0.63,28,True,1.2,edu,Edu,3,Lucas Eduardo Ribeiro de Souza,Edu,105842,287,7,4.73,3.45,14,,,,,13.0,6.0,1.0,3.0,4.0,,,,,5.0,,,,,,,Zagueiro,213,36.05,Regular,False
410,https://s3.glbimg.com/v1/AUTH_58d78b787ec34892b5aaa0c7a146155f/clubes_2025/silhuetas/CEA/FORMATO.png,CEA,0.0,28,False,0.0,matheus-araujo,M. Araújo,4,Matheus de Araújo Andrade,Matheus Araújo,105845,354,6,5.34,2.4,8,,,1.0,,2.0,1.0,1.0,1.0,3.0,,1.0,,,,,,,,,,Meia,0,0.0,Não Jogou,False
411,https://s3.glbimg.com/v1/AUTH_58d78b787ec34892b5aaa0c7a146155f/clubes_2025/silhuetas/FOR/FORMATO.png,FOR,0.0,28,False,0.0,allanzinho,Allanzinho,5,Allan Victor Oliveira Mota,Allanzinho,105900,356,6,4.29,2.69,7,,,2.0,1.0,2.0,5.0,,3.0,10.0,,,1.0,1.0,,,,,,,,Atacante,0,0.0,Não Jogou,False
412,https://s3.glbimg.com/v1/AUTH_58d78b787ec34892b5aaa0c7a146155f/clubes_2025/silhuetas/MIR/FORMATO.png,MIR,0.0,28,False,0.0,jose-aldo,J. Aldo,4,José Aldo Soares de Oliveira Filho,José Aldo,105903,2305,6,3.22,1.93,21,,,,3.0,21.0,24.0,6.0,7.0,13.0,,,1.0,,,,,,,,,Meia,0,0.0,Não Jogou,False
413,https://s3.glbimg.com/v1/AUTH_58d78b787ec34892b5aaa0c7a146155f/clubes_2025/silhuetas/INT/FORMATO.png,INT,0.0,28,False,0.0,rochet,Rochet,1,Sergio Ramón Rochet Álvarez,Rochet,105949,285,5,8.51,4.01,11,37.0,15.0,,,,,,,2.0,,,,,2.0,,,,,,,Goleiro,0,0.0,Não Jogou,False
414,https://s3.glbimg.com/v1/AUTH_58d78b787ec34892b5aaa0c7a146155f/clubes_2025/silhuetas/BAH/FORMATO.png,BAH,0.0,28,False,0.0,santiago-mingo,S. Mingo,3,Santiago Martín Ramos Mingo,Santiago Mingo,105990,265,5,4.43,2.79,23,,,,4.0,18.0,23.0,,7.0,16.0,,,2.0,,7.0,,,,,,,Zagueiro,0,0.0,Não Jogou,False
415,https://s3.glbimg.com/v1/AUTH_58d78b787ec34892b5aaa0c7a146155f/clubes_2025/silhuetas/JUV/FORMATO.png,JUV,0.0,28,False,0.0,ewerthon,Ewerthon,2,Ewerthon Diógenes da Silva,Ewerthon,106082,286,6,6.44,3.23,14,,,,2.0,22.0,8.0,2.0,6.0,9.0,,,1.0,,1.0,,,,,,,Lateral,0,0.0,Não Jogou,False
416,https://s3.glbimg.com/v1/AUTH_58d78b787ec34892b5aaa0c7a146155f/clubes_2025/silhuetas/JUV/FORMATO.png,JUV,-0.17,28,True,1.45,thiago-carpini,T. Carpini,6,Thiago Carpini Barbosa,Thiago Carpini,106147,286,7,6.53,3.95,21,,,,,,,,,,,,,,,4.0,,,,,,Técnico,210,37.98,Regular,False
417,https://s3.glbimg.com/v1/AUTH_58d78b787ec34892b5aaa0c7a146155f/clubes_2025/silhuetas/RBB/FORMATO.png,RBB,0.19,28,True,4.1,lucao,Lucão,1,Lucas Alexandre Galdino de Azevedo,Lucão,106160,280,6,7.34,5.7,4,21.0,9.0,,1.0,,,,,1.0,,,,,1.0,,,,,,,Goleiro,108,67.95,Regular,False
418,https://s3.glbimg.com/v1/AUTH_58d78b787ec34892b5aaa0c7a146155f/clubes_2025/silhuetas/INT/FORMATO.png,INT,-0.64,28,True,2.0,bruno-gomes,B. Gomes,2,Bruno Gomes da Silva Clevelário,Bruno Gomes,106202,285,6,6.76,3.63,3,,,,,3.0,2.0,1.0,1.0,,,,,,1.0,,,,,,,Lateral,175,47.03,Regular,False
419,https://s3.glbimg.com/v1/AUTH_58d78b787ec34892b5aaa0c7a146155f/clubes_2025/silhuetas/SAO/FORMATO.png,SAO,-0.35,28,True,2.3,marcos-antonio,M. Antônio,4,Marcos Antônio Silva Santos,Marcos Antônio,106294,276,7,4.02,2.05,20,,,3.0,4.0,13.0,20.0,1.0,5.0,23.0,,,,,,,,,,,,Meia,165,51.04,Regular,False
420,https://s3.glbimg.com/v1/AUTH_58d78b787ec34892b5aaa0c7a146155f/clubes_2025/silhuetas/BAH/FORMATO.png,BAH,0.0,28,False,0.0,caio-alexandre,C. Alexandre,4,Caio Alexandre Souza e Silva,Caio Alexandre,106323,265,5,5.13,2.4,16,,,1.0,4.0,18.0,28.0,1.0,5.0,27.0,,,,,,,,,,,,Meia,0,0.0,Não Jogou,False
421,https://s3.glbimg.com/v1/AUTH_58d78b787ec34892b5aaa0c7a146155f/clubes_2025/silhuetas/RBB/FORMATO.png,RBB,0.0,28,False,0.0,eduardo-santos,E. Santos,3,Eduardo Gonzaga Mendes Santos,Eduardo Santos,106434,280,5,8.19,5.1,7,,,,,10.0,1.0,,,2.0,,,,,4.0,,,,,,,Zagueiro,0,0.0,Não Jogou,False
422,https://s3.glbimg.com/v1/AUTH_58d78b787ec34892b5aaa0c7a146155f/clubes_2025/silhuetas/CRU/FORMATO.png,CRU,-0.38,28,True,-0.4,villalba,Villalba,3,Lucas Hernán Villalba,Villalba,106593,283,7,7.56,5.09,24,,,,7.0,28.0,18.0,3.0,5.0,16.0,3.0,1.0,,,12.0,,,,,,,Zagueiro,312,6.97,Ruim,False
423,https://s3.glbimg.com/v1/AUTH_58d78b787ec34892b5aaa0c7a146155f/clubes_2025/silhuetas/SPT/FORMATO.png,SPT,0.0,28,False,0.0,leo-pereira,L. Pereira,5,Leonardo Augusto dos Santos Pereira,Léo Pereira,106681,292,6,4.1,2.6,15,,,1.0,,12.0,11.0,4.0,5.0,24.0,,,4.0,,,,,,,1.0,,Atacante,0,0.0,Não Jogou,False
424,https://s3.glbimg.com/v1/AUTH_58d78b787ec34892b5aaa0c7a146155f/clubes_2025/silhuetas/JUV/FORMATO.png,JUV,1.15,28,True,7.7,igor-formiga,I. Formiga,2,Igor Marques Paciência Cardoso,Igor Formiga,106708,286,6,8.81,6.13,7,,,,,17.0,4.0,1.0,3.0,4.0,,1.0,,,1.0,,,,,,,Lateral,41,87.83,Bom,False
425,https://s3.glbimg.com/v1/AUTH_58d78b787ec34892b5aaa0c7a146155f/clubes_2025/silhuetas/BAH/FORMATO.png,BAH,-0.83,28,True,2.8,rodrigo-nestor,R. Nestor,4,Rodrigo Nestor Bertalia,Rodrigo Nestor,106822,265,2,6.66,3.82,14,,,,3.0,13.0,9.0,3.0,4.0,12.0,1.0,3.0,1.0,,,,,,,,,Meia,147,56.53,Regular,False
426,https://s3.glbimg.com/v1/AUTH_58d78b787ec34892b5aaa0c7a146155f/clubes_2025/silhuetas/SAO/FORMATO.png,SAO,-0.48,28,True,0.5,patryck,Patryck,2,Patryck Lanza dos Reis,Patryck,106829,276,7,5.13,2.7,4,,,,1.0,1.0,3.0,1.0,5.0,2.0,,,,,1.0,,,,,,,Lateral,249,25.07,Regular,False
427,https://s3.glbimg.com/v1/AUTH_58d78b787ec34892b5aaa0c7a146155f/clubes_2025/silhuetas/CEA/FORMATO.png,CEA,-0.11,28,True,0.0,paulo-baya,P. Baya,5,Paulo Henrique Silva Ribeiro,Paulo Baya,106918,354,6,4.09,2.41,11,,,1.0,,3.0,1.0,5.0,3.0,2.0,,1.0,1.0,,,,,,,,,Atacante,273,15.73,Regular,False
428,https://s3.glbimg.com/v1/AUTH_58d78b787ec34892b5aaa0c7a146155f/clubes_2025/silhuetas/BAH/FORMATO.png,BAH,0.0,28,False,0.0,luciano-juba,L. Juba,2,Luciano Batista da Silva Júnior,Luciano Juba,107093,265,5,8.74,5.66,24,,,3.0,3.0,23.0,16.0,3.0,9.0,7.0,,5.0,1.0,,8.0,,,,,,,Lateral,0,0.0,Não Jogou,False
429,https://s3.glbimg.com/v1/AUTH_58d78b787ec34892b5aaa0c7a146155f/clubes_2025/silhuetas/BOT/FORMATO.png,BOT,-0.11,28,True,0.5,jeffinho,Jeffinho,5,Jefferson Ruan Pereira dos Santos,Jeffinho,107170,263,6,4.63,3.47,10,,,2.0,,8.0,5.0,2.0,1.0,6.0,,1.0,,,,,,,,,,Atacante,249,25.07,Regular,False
430,https://s3.glbimg.com/v1/AUTH_58d78b787ec34892b5aaa0c7a146155f/clubes_2025/silhuetas/BAH/FORMATO.png,BAH,0.33,28,True,2.0,michel-araujo,M. Araújo,4,Michel Daryl Araújo Villar,Michel Araújo,107173,265,2,5.87,2.92,17,,,,1.0,9.0,13.0,2.0,4.0,7.0,,4.0,1.0,,,,,,,,,Meia,175,47.03,Regular,False
431,https://s3.glbimg.com/v1/AUTH_58d78b787ec34892b5aaa0c7a146155f/clubes_2025/silhuetas/INT/FORMATO.png,INT,-0.54,28,True,0.2,bruno-tabata,B. Tabata,4,Bruno Vinícius Souza Ramos,Bruno Tabata,107174,285,6,6.08,3.88,20,,,1.0,4.0,19.0,15.0,7.0,9.0,20.0,1.0,3.0,2.0,,,,,,,,,Meia,262,21.51,Regular,False
432,https://s3.glbimg.com/v1/AUTH_58d78b787ec34892b5aaa0c7a146155f/clubes_2025/silhuetas/COR/FORMATO.png,COR,0.0,28,False,0.0,matheus-donelli,M. Donelli,1,Matheus Planelles Donelli,Matheus Donelli,107179,264,6,4.42,3.08,5,13.0,6.0,,1.0,,,,,1.0,,,,,1.0,,,,,,,Goleiro,0,0.0,Não Jogou,False
433,https://s3.glbimg.com/v1/AUTH_58d78b787ec34892b5aaa0c7a146155f/clubes_2025/silhuetas/BOT/FORMATO.png,BOT,-1.08,28,True,-1.7,leo-linck,L. Linck,1,Leonardo Matias Baiersdorf Linck,Léo Linck,107183,263,7,5.5,2.74,7,14.0,8.0,,1.0,,,,,,,,,,2.0,,,,,,,Goleiro,334,1.19,Ruim,False
434,https://s3.glbimg.com/v1/AUTH_58d78b787ec34892b5aaa0c7a146155f/clubes_2025/silhuetas/FOR/FORMATO.png,FOR,0.0,28,False,0.0,magrao,Magrão,1,Audenirton Soares da Silva,Magrão,107221,356,6,3.44,2.9,2,6.0,2.0,,,,,,,,,,,,,,,,,,,Goleiro,0,0.0,Não Jogou,False
435,https://s3.glbimg.com/v1/AUTH_58d78b787ec34892b5aaa0c7a146155f/clubes_2025/silhuetas/BOT/FORMATO.png,BOT,0.0,28,False,0.0,danilo,Danilo,4,Danilo dos Santos de Oliveira,Danilo,107231,263,5,7.36,2.3,6,,,,1.0,3.0,2.0,,3.0,1.0,,1.0,,,,,,,,,,Meia,0,0.0,Não Jogou,False
436,https://s3.glbimg.com/v1/AUTH_58d78b787ec34892b5aaa0c7a146155f/clubes_2025/silhuetas/RBB/FORMATO.png,RBB,0.28,28,True,5.2,vanderlan,Vanderlan,2,Vanderlan Barbosa da Silva,Vanderlan,107236,280,7,5.88,3.63,12,,,1.0,1.0,22.0,18.0,1.0,3.0,7.0,,,1.0,,1.0,,,,,,,Lateral,78,77.0,Bom,False
437,https://s3.glbimg.com/v1/AUTH_58d78b787ec34892b5aaa0c7a146155f/clubes_2025/silhuetas/JUV/FORMATO.png,JUV,-1.51,28,True,0.2,enio,Ênio,5,Sebastião Ênio Santos de Almeida,Ênio,107516,286,7,4.46,2.96,16,,,,3.0,7.0,5.0,4.0,7.0,25.0,1.0,2.0,5.0,,,,,,,,,Atacante,262,21.51,Regular,False
438,https://s3.glbimg.com/v1/AUTH_58d78b787ec34892b5aaa0c7a146155f/clubes_2025/silhuetas/CAM/FORMATO.png,CAM,-0.68,28,True,0.2,natanael,Natanael,2,Natanael Moreira Milouski,Natanael,107554,282,6,7.88,4.88,25,,,,1.0,40.0,20.0,4.0,9.0,19.0,,1.0,3.0,,8.0,,,,,,,Lateral,262,21.51,Regular,False
439,https://s3.glbimg.com/v1/AUTH_58d78b787ec34892b5aaa0c7a146155f/clubes_2025/silhuetas/SPT/FORMATO.png,SPT,0.0,28,False,0.0,adriano,Adriano,1,Antônio Adriano Nascimento de Sousa,Adriano,107698,292,6,1.0,0.0,0,,,,,,,,,,,,,,,,,,,,,Goleiro,0,0.0,Não Jogou,False
440,https://s3.glbimg.com/v1/AUTH_58d78b787ec34892b5aaa0c7a146155f/clubes_2025/silhuetas/SPT/FORMATO.png,SPT,0.17,28,True,1.6,chrystian-barletta,C. Barletta,5,Chrystian Amaral Barletta de Almeida,Chrystian Barletta,107726,292,6,5.9,3.35,26,,,,2.0,16.0,12.0,16.0,18.0,27.0,2.0,2.0,5.0,,,,,,,,,Atacante,195,42.28,Regular,False
441,https://s3.glbimg.com/v1/AUTH_58d78b787ec34892b5aaa0c7a146155f/clubes_2025/silhuetas/RBB/FORMATO.png,RBB,0.34,28,True,2.0,praxedes,Praxedes,4,Bruno Conceição Praxedes,Praxedes,107744,280,6,4.38,1.86,9,,,,2.0,5.0,6.0,2.0,7.0,10.0,,,,,,,,,,,,Meia,175,47.03,Regular,False
442,https://s3.glbimg.com/v1/AUTH_58d78b787ec34892b5aaa0c7a146155f/clubes_2025/silhuetas/GRE/FORMATO.png,GRE,0.0,28,False,0.0,adriel,Adriel,1,Adriel Vasconcelos Ramos,Adriel,107748,284,6,3.0,0.0,0,,,,,,,,,,,,,,,,,,,,,Goleiro,0,0.0,Não Jogou,False
443,https://s3.glbimg.com/v1/AUTH_58d78b787ec34892b5aaa0c7a146155f/clubes_2025/silhuetas/JUV/FORMATO.png,JUV,0.0,28,False,0.0,nata,Natã,3,Natã Felipe de Amorim Santos,Natã,107801,286,5,2.43,1.35,2,,,,,2.0,1.0,,,,,,,,,,,,,,,Zagueiro,0,0.0,Não Jogou,False
444,https://s3.glbimg.com/v1/AUTH_58d78b787ec34892b5aaa0c7a146155f/clubes_2025/silhuetas/FOR/FORMATO.png,FOR,0.0,28,False,0.0,pierre,Pierre,4,Pierre Wagner Oliveira dos Santos,Pierre,107812,356,6,3.73,0.95,2,,,,1.0,2.0,2.0,,,1.0,,,,,,,,,,,,Meia,0,0.0,Não Jogou,False
445,https://s3.glbimg.com/v1/AUTH_58d78b787ec34892b5aaa0c7a146155f/clubes_2025/silhuetas/VIT/FORMATO.png,VIT,0.0,28,False,0.0,fintelman,Fintelman,1,Alexandre Fintelman de Mello Ribeiro da Silva,Fintelman,107859,287,6,2.0,0.0,0,,,,,,,,,,,,,,,,,,,,,Goleiro,0,0.0,Não Jogou,False
446,https://s3.glbimg.com/v1/AUTH_58d78b787ec34892b5aaa0c7a146155f/clubes_2025/silhuetas/SAO/FORMATO.png,SAO,0.0,28,False,0.0,bobadilla,Bobadilla,4,Damián Josué Bobadilla Benítez,Bobadilla,107873,276,7,5.09,3.63,21,,,1.0,3.0,33.0,26.0,5.0,7.0,10.0,,2.0,1.0,,,,,,,,,Meia,0,0.0,Não Jogou,False
447,https://s3.glbimg.com/v1/AUTH_58d78b787ec34892b5aaa0c7a146155f/clubes_2025/silhuetas/COR/FORMATO.png,COR,-0.36,28,True,2.5,hugo,Hugo,2,Hugo Ferreira de Farias,Hugo,107908,264,6,5.52,2.78,7,,,,,7.0,3.0,1.0,1.0,6.0,,,1.0,,1.0,,,,,,,Lateral,157,53.41,Regular,False
448,https://s3.glbimg.com/v1/AUTH_58d78b787ec34892b5aaa0c7a146155f/clubes_2025/silhuetas/CAM/FORMATO.png,CAM,-0.19,28,True,1.1,fausto-vera,F. Vera,4,Fausto Mariano Vera,Fausto Vera,107950,282,2,6.4,2.74,12,,,,2.0,17.0,17.0,,5.0,5.0,,1.0,,,,,,,,,,Meia,221,34.12,Regular,False
449,https://s3.glbimg.com/v1/AUTH_58d78b787ec34892b5aaa0c7a146155f/clubes_2025/silhuetas/INT/FORMATO.png,INT,0.0,28,False,0.0,carbonero,Carbonero,5,Johan Stiven Carbonero Balanta,Carbonero,107989,285,7,7.76,5.21,15,,,1.0,2.0,6.0,18.0,8.0,7.0,40.0,1.0,4.0,7.0,2.0,,,,,,,,Atacante,0,0.0,Não Jogou,False
450,https://s3.glbimg.com/v1/AUTH_58d78b787ec34892b5aaa0c7a146155f/clubes_2025/silhuetas/RBB/FORMATO.png,RBB,0.0,28,False,0.0,isidro-pitta,I. Pitta,5,Isidro Miguel Pitta Saldívar,Isidro Pitta,108133,280,6,7.9,3.72,16,,,1.0,3.0,1.0,14.0,3.0,6.0,9.0,,6.0,7.0,,,,,,,,,Atacante,0,0.0,Não Jogou,False
451,https://s3.glbimg.com/v1/AUTH_58d78b787ec34892b5aaa0c7a146155f/clubes_2025/silhuetas/CEA/FORMATO.png,CEA,0.0,28,False,0.0,gabriel-lacerda,G. Lacerda,3,Gabriel Santos Cordeiro Lacerda,Gabriel Lacerda,108176,354,6,4.0,0.0,0,,,,,,,,,,,,,,,,,,,,,Zagueiro,0,0.0,Não Jogou,False
452,https://s3.glbimg.com/v1/AUTH_58d78b787ec34892b5aaa0c7a146155f/clubes_2025/silhuetas/BOT/FORMATO.png,BOT,0.0,28,False,0.0,david-ricardo,D. Ricardo,3,David Ricardo Loiola da Silva,David Ricardo,108274,263,7,4.2,2.73,13,,,,2.0,7.0,12.0,,2.0,8.0,,1.0,,,4.0,,1.0,,,,,Zagueiro,0,0.0,Não Jogou,False
453,https://s3.glbimg.com/v1/AUTH_58d78b787ec34892b5aaa0c7a146155f/clubes_2025/silhuetas/SAN/FORMATO.png,SAN,-0.1,28,True,2.9,adonis-frias,A. Frías,3,Adonis Uriel Frías,Adonis Frías,108469,277,7,5.61,2.45,4,,,,1.0,3.0,9.0,1.0,1.0,4.0,,,,,1.0,,,,,,,Zagueiro,144,57.27,Regular,False
454,https://s3.glbimg.com/v1/AUTH_58d78b787ec34892b5aaa0c7a146155f/clubes_2025/silhuetas/FLU/FORMATO.png,FLU,0.0,28,False,0.0,santi-moreno,S. Moreno,5,Santiago Moreno,Santi Moreno,108474,266,6,5.64,1.88,4,,,,1.0,6.0,5.0,,,2.0,,,,,,,,,,,,Atacante,0,0.0,Não Jogou,False
455,https://s3.glbimg.com/v1/AUTH_58d78b787ec34892b5aaa0c7a146155f/clubes_2025/silhuetas/GRE/FORMATO.png,GRE,0.0,28,False,0.0,aravena,Aravena,5,Alexander Ernesto Aravena Guzmán,Aravena,108548,284,6,3.72,2.41,17,,,,1.0,6.0,6.0,1.0,4.0,7.0,1.0,3.0,1.0,,,,,,,,,Atacante,0,0.0,Não Jogou,False
456,https://s3.glbimg.com/v1/AUTH_58d78b787ec34892b5aaa0c7a146155f/clubes_2025/silhuetas/SAO/FORMATO.png,SAO,-0.94,28,True,3.5,tapia,Tapia,5,Gonzalo Andrés Tapia Dubournais,Tapia,108588,276,7,7.23,4.85,10,,,,4.0,4.0,13.0,3.0,10.0,14.0,,4.0,2.0,,,,,,,,,Atacante,123,63.06,Regular,False
457,https://s3.glbimg.com/v1/AUTH_58d78b787ec34892b5aaa0c7a146155f/clubes_2025/silhuetas/VAS/FORMATO.png,VAS,0.0,28,False,0.0,garre,Garré,5,Benjamín Antonio Garré,Garré,108671,267,6,1.83,0.02,8,,,,1.0,1.0,6.0,,,3.0,,,,,,,,,,,,Atacante,0,0.0,Não Jogou,False
458,https://s3.glbimg.com/v1/AUTH_58d78b787ec34892b5aaa0c7a146155f/clubes_2025/silhuetas/PAL/FORMATO.png,PAL,0.03,28,True,0.0,emiliano-martinez,E. Martínez,4,Emiliano Martínez Toranza,Emiliano Martínez,108683,275,6,5.03,2.92,19,,,,3.0,29.0,19.0,4.0,5.0,8.0,,1.0,,,,,,,,,,Meia,273,15.73,Regular,False
459,https://s3.glbimg.com/v1/AUTH_58d78b787ec34892b5aaa0c7a146155f/clubes_2025/silhuetas/CEA/FORMATO.png,CEA,-0.35,28,True,2.9,galeano,Galeano,5,Antonio Javier Galeano Ferreira,Galeano,108713,354,7,6.55,5.01,25,,,3.0,1.0,23.0,17.0,10.0,9.0,41.0,1.0,5.0,7.0,,,,,,,,,Atacante,144,57.27,Regular,False
460,https://s3.glbimg.com/v1/AUTH_58d78b787ec34892b5aaa0c7a146155f/clubes_2025/silhuetas/FLA/FORMATO.png,FLA,1.83,28,True,11.0,plata,Plata,5,Gonzalo Jordy Plata Jiménez,Plata,109096,262,6,8.05,4.17,20,,,1.0,,23.0,17.0,6.0,5.0,12.0,,4.0,2.0,,,,,,,,,Atacante,17,95.25,Muito Bom,True
461,https://s3.glbimg.com/v1/AUTH_58d78b787ec34892b5aaa0c7a146155f/clubes_2025/silhuetas/VIT/FORMATO.png,VIT,0.0,28,False,0.0,kike-saverio,K. Saverio,5,Javier Enrique Delgado Saverio,Kike Saverio,109138,287,6,5.0,0.0,0,,,,,,,,,,,,,,,,,,,,,Atacante,0,0.0,Não Jogou,False
462,https://s3.glbimg.com/v1/AUTH_58d78b787ec34892b5aaa0c7a146155f/clubes_2025/silhuetas/BAH/FORMATO.png,BAH,0.0,28,False,0.0,erick-pulga,E. Pulga,5,Erick da Costa Farias,Erick Pulga,109401,265,5,8.61,6.08,16,,,3.0,3.0,24.0,12.0,5.0,19.0,32.0,,2.0,3.0,,,,,,,,,Atacante,0,0.0,Não Jogou,False
463,https://s3.glbimg.com/v1/AUTH_58d78b787ec34892b5aaa0c7a146155f/clubes_2025/silhuetas/FOR/FORMATO.png,FOR,0.0,28,False,0.0,weverson,Weverson,2,Weverson Moreira da Costa,Weverson,109426,356,6,2.29,0.43,3,,,,,1.0,5.0,,1.0,1.0,,,,,,,,,,,,Lateral,0,0.0,Não Jogou,False
464,https://s3.glbimg.com/v1/AUTH_58d78b787ec34892b5aaa0c7a146155f/clubes_2025/silhuetas/FLU/FORMATO.png,FLU,0.41,28,True,3.3,martinelli,Martinelli,4,Matheus Martinelli Lima,Martinelli,109573,266,7,6.61,2.82,23,,,2.0,4.0,25.0,31.0,2.0,5.0,29.0,1.0,1.0,1.0,,,,,,,1.0,,Meia,130,61.72,Regular,False
465,https://s3.glbimg.com/v1/AUTH_58d78b787ec34892b5aaa0c7a146155f/clubes_2025/silhuetas/JUV/FORMATO.png,JUV,0.0,28,False,0.0,batalla,Batalla,5,Emerson Geovanny Batalla Martínez - Enmerson,Batalla,109899,286,6,6.5,4.01,21,,,1.0,4.0,17.0,15.0,8.0,8.0,29.0,,4.0,1.0,,,,,,,,,Atacante,0,0.0,Não Jogou,False
466,https://s3.glbimg.com/v1/AUTH_58d78b787ec34892b5aaa0c7a146155f/clubes_2025/silhuetas/GRE/FORMATO.png,GRE,0.0,28,False,0.0,monsalve,Monsalve,4,Miguel Ángel Monsalve Gonzáles - González,Monsalve,109966,284,6,3.55,1.41,8,,,1.0,2.0,3.0,9.0,1.0,1.0,9.0,,,,,,,,,,,,Meia,0,0.0,Não Jogou,False
467,https://s3.glbimg.com/v1/AUTH_58d78b787ec34892b5aaa0c7a146155f/clubes_2025/silhuetas/RBB/FORMATO.png,RBB,0.0,28,False,0.0,joao-neto,J. Neto,4,João Roberto Rota Neto,João Neto,110062,280,6,1.0,0.0,0,,,,,,,,,,,,,,,,,,,,,Meia,0,0.0,Não Jogou,False
468,https://s3.glbimg.com/v1/AUTH_58d78b787ec34892b5aaa0c7a146155f/clubes_2025/silhuetas/COR/FORMATO.png,COR,0.0,28,False,0.0,jose-martinez,J. Martínez,4,José Andrés Martínez Torres,José Martínez,110311,264,6,4.02,2.2,18,,,1.0,8.0,19.0,14.0,2.0,5.0,26.0,,,1.0,,,,,,,1.0,,Meia,0,0.0,Não Jogou,False
469,https://s3.glbimg.com/v1/AUTH_58d78b787ec34892b5aaa0c7a146155f/clubes_2025/silhuetas/INT/FORMATO.png,INT,-0.41,28,True,4.1,bernabei,Bernabéi,2,Alexandro Ezequiel Bernabéi,Bernabéi,110426,285,7,12.62,5.43,20,,,4.0,5.0,47.0,37.0,5.0,9.0,16.0,,,1.0,1.0,3.0,,1.0,,,,,Lateral,108,67.95,Regular,False
470,https://s3.glbimg.com/v1/AUTH_58d78b787ec34892b5aaa0c7a146155f/clubes_2025/silhuetas/PAL/FORMATO.png,PAL,0.68,28,True,10.14,abel-ferreira,A. Ferreira,6,Abel Fernando Moreira Ferreira,Abel Ferreira,110506,275,7,13.07,6.8,26,,,,,,,,,,,,,,,18.0,,,,,,Técnico,21,94.07,Muito Bom,True
471,https://s3.glbimg.com/v1/AUTH_58d78b787ec34892b5aaa0c7a146155f/clubes_2025/silhuetas/INT/FORMATO.png,INT,-0.56,28,True,3.9,aguirre,Aguirre,2,Braian Aguirre Nahuel,Aguirre,110510,285,7,7.94,4.72,24,,,,4.0,53.0,33.0,2.0,5.0,3.0,2.0,1.0,3.0,1.0,5.0,,,,,,,Lateral,113,66.47,Regular,False
472,https://s3.glbimg.com/v1/AUTH_58d78b787ec34892b5aaa0c7a146155f/clubes_2025/silhuetas/FOR/FORMATO.png,FOR,0.21,28,True,2.5,yeison-guzman,Y. Guzmán,4,Yeison Estiven Guzmán Gómez,Yeison Guzmán,110542,356,2,4.07,1.47,4,,,,,3.0,2.0,,,4.0,,,,,,,,,,,,Meia,157,53.41,Regular,False
473,https://s3.glbimg.com/v1/AUTH_58d78b787ec34892b5aaa0c7a146155f/clubes_2025/silhuetas/RBB/FORMATO.png,RBB,-0.3,28,True,3.0,andres-hurtado,A. Hurtado,2,José Andrés Hurtado Cheme,Andrés Hurtado,110715,280,6,6.88,3.92,21,,,,2.0,29.0,20.0,1.0,5.0,4.0,,1.0,,,7.0,,1.0,,,,,Lateral,139,58.46,Regular,False
474,https://s3.glbimg.com/v1/AUTH_58d78b787ec34892b5aaa0c7a146155f/clubes_2025/silhuetas/RBB/FORMATO.png,RBB,0.0,28,False,0.0,gustavo-marques,G. Marques,3,Gustavo Marques Alves dos Santos,Gustavo Marques,110750,280,6,4.05,1.73,6,,,,,4.0,3.0,1.0,2.0,7.0,,,,,,,,,,1.0,,Zagueiro,0,0.0,Não Jogou,False
475,https://s3.glbimg.com/v1/AUTH_58d78b787ec34892b5aaa0c7a146155f/clubes_2025/silhuetas/FLU/FORMATO.png,FLU,-1.02,28,True,0.2,john-kennedy,J. Kennedy,5,John Kennedy Batista de Souza,John Kennedy,110759,266,2,6.19,2.66,7,,,1.0,1.0,1.0,4.0,2.0,2.0,5.0,,1.0,2.0,,,,,,,,,Atacante,262,21.51,Regular,False
476,https://s3.glbimg.com/v1/AUTH_58d78b787ec34892b5aaa0c7a146155f/clubes_2025/silhuetas/CAM/FORMATO.png,CAM,0.23,28,True,2.2,biel,Biel,5,Gabriel Teixeira Aragão,Biel,110760,282,6,6.25,2.47,10,,,1.0,1.0,7.0,4.0,3.0,6.0,6.0,,,,,,,,,,,,Atacante,168,50.0,Regular,False
477,https://s3.glbimg.com/v1/AUTH_58d78b787ec34892b5aaa0c7a146155f/clubes_2025/silhuetas/RBB/FORMATO.png,RBB,0.0,28,False,0.0,guilherme-lopes,G. Lopes,2,Guilherme Lopes de Almeida,Guilherme Lopes,110909,280,6,6.37,3.82,9,,,1.0,2.0,10.0,6.0,,2.0,3.0,,1.0,,,2.0,,,,,,1.0,Lateral,0,0.0,Não Jogou,False
478,https://s3.glbimg.com/v1/AUTH_58d78b787ec34892b5aaa0c7a146155f/clubes_2025/silhuetas/FOR/FORMATO.png,FOR,0.3,28,True,1.4,rodrigo-santos,R. Santos,4,Rodrigo Oliveira dos Santos,Rodrigo Santos,111156,356,6,1.84,1.3,5,,,,,4.0,4.0,1.0,,1.0,,,,,,,,,,,,Meia,211,37.54,Regular,False
479,https://s3.glbimg.com/v1/AUTH_58d78b787ec34892b5aaa0c7a146155f/clubes_2025/silhuetas/RBB/FORMATO.png,RBB,-0.39,28,True,0.0,alix-vinicius,A. Vinicius,3,Alix Vinicius de Souza Sampaio,Alix Vinicius,111246,280,2,3.24,0.0,2,,,,,,,,,,,,,,,,,,,,,Zagueiro,273,15.73,Regular,False
480,https://s3.glbimg.com/v1/AUTH_58d78b787ec34892b5aaa0c7a146155f/clubes_2025/silhuetas/GRE/FORMATO.png,GRE,0.45,28,True,5.0,gustavo-martins,G. Martins,3,Gustavo Martins de Souza Santos,Gustavo Martins,111309,284,6,8.63,4.51,11,,,,2.0,17.0,14.0,5.0,1.0,1.0,,1.0,1.0,,3.0,,,,,,,Zagueiro,82,75.67,Bom,False
481,https://s3.glbimg.com/v1/AUTH_58d78b787ec34892b5aaa0c7a146155f/clubes_2025/silhuetas/JUV/FORMATO.png,JUV,0.02,28,True,1.7,luis-mandaca,L. Mandaca,4,Luis Gustavo da Silva Machado Duarte,Luis Mandaca,111407,286,3,6.72,4.32,24,,,,2.0,41.0,40.0,8.0,15.0,38.0,1.0,2.0,2.0,,,,1.0,,,,,Meia,190,43.32,Regular,False
482,https://s3.glbimg.com/v1/AUTH_58d78b787ec34892b5aaa0c7a146155f/clubes_2025/silhuetas/SPT/FORMATO.png,SPT,0.0,28,False,0.0,renzo,Renzo,3,Renzo Azevedo Pimentel de Moura,Renzo,111465,292,6,3.0,0.0,0,,,,,,,,,,,,,,,,,,,,,Zagueiro,0,0.0,Não Jogou,False
483,https://s3.glbimg.com/v1/AUTH_58d78b787ec34892b5aaa0c7a146155f/clubes_2025/silhuetas/INT/FORMATO.png,INT,-0.48,28,True,1.2,victor-gabriel,V. Gabriel,3,Victor Gabriel da Conceição Ribeiro,Victor Gabriel,111466,285,7,9.15,5.1,12,,,,1.0,21.0,17.0,1.0,2.0,4.0,,2.0,,,3.0,,,,,,,Zagueiro,213,36.05,Regular,False
484,https://s3.glbimg.com/v1/AUTH_58d78b787ec34892b5aaa0c7a146155f/clubes_2025/silhuetas/CAM/FORMATO.png,CAM,0.0,28,False,0.0,gabriel-atila,G. Átila,1,Gabriel Átila Cardoso da Silva,Gabriel Átila,111582,282,6,1.0,0.0,0,,,,,,,,,,,,,,,,,,,,,Goleiro,0,0.0,Não Jogou,False
485,https://s3.glbimg.com/v1/AUTH_58d78b787ec34892b5aaa0c7a146155f/clubes_2025/silhuetas/PAL/FORMATO.png,PAL,1.47,28,True,12.0,micael,Micael,3,Micael dos Santos Silva,Micael,111594,275,6,6.42,3.3,11,,,1.0,3.0,13.0,18.0,1.0,,2.0,1.0,,,,3.0,,,,,,,Zagueiro,12,96.74,Muito Bom,True
486,https://s3.glbimg.com/v1/AUTH_58d78b787ec34892b5aaa0c7a146155f/clubes_2025/silhuetas/VAS/FORMATO.png,VAS,0.0,28,False,0.0,adson,Adson,4,Adson Ferreira Soares,Adson,111682,267,5,3.01,0.85,9,,,,,3.0,1.0,2.0,,2.0,,,,,,,,,,,,Meia,0,0.0,Não Jogou,False
487,https://s3.glbimg.com/v1/AUTH_58d78b787ec34892b5aaa0c7a146155f/clubes_2025/silhuetas/INT/FORMATO.png,INT,-1.18,28,True,-0.4,anthoni,Anthoni,1,Anthoni Spier Souza,Anthoni,111683,285,7,3.72,1.7,17,30.0,26.0,,,,,,,2.0,,,,,3.0,,,,,,,Goleiro,312,6.97,Ruim,False
488,https://s3.glbimg.com/v1/AUTH_58d78b787ec34892b5aaa0c7a146155f/clubes_2025/silhuetas/FLA/FORMATO.png,FLA,0.0,28,False,0.0,matheus-cunha,M. Cunha,1,Matheus Cunha Queiroz,Matheus Cunha,111690,262,6,5.0,0.0,0,,,,,,,,,,,,,,,,,,,,,Goleiro,0,0.0,Não Jogou,False
489,https://s3.glbimg.com/v1/AUTH_58d78b787ec34892b5aaa0c7a146155f/clubes_2025/silhuetas/CRU/FORMATO.png,CRU,0.0,28,False,0.0,ryan-guilherme,R. Guilherme,4,Ryan Guilherme da Silva Pae,Ryan Guilherme,111757,283,6,4.43,4.5,1,,,,,3.0,,,,,,,,,,,,,,,,Meia,0,0.0,Não Jogou,False
490,https://s3.glbimg.com/v1/AUTH_58d78b787ec34892b5aaa0c7a146155f/clubes_2025/silhuetas/RBB/FORMATO.png,RBB,0.0,28,False,0.0,fabinho,Fabinho,4,Fábio Silva de Freitas,Fabinho,111760,280,6,2.94,1.67,22,,,1.0,3.0,19.0,21.0,2.0,5.0,12.0,,,,,,,,,,,,Meia,0,0.0,Não Jogou,False
491,https://s3.glbimg.com/v1/AUTH_58d78b787ec34892b5aaa0c7a146155f/clubes_2025/silhuetas/BAH/FORMATO.png,BAH,-0.47,28,True,0.5,kayky,Kayky,5,Kayky da Silva Chagas,Kayky,111829,265,6,3.29,2.15,21,,,1.0,2.0,15.0,8.0,5.0,2.0,9.0,,1.0,1.0,2.0,,,,,,,,Atacante,249,25.07,Regular,False
492,https://s3.glbimg.com/v1/AUTH_58d78b787ec34892b5aaa0c7a146155f/clubes_2025/silhuetas/BOT/FORMATO.png,BOT,0.03,28,True,1.4,matheus-martins,M. Martins,5,Matheus Martins Silva dos Santos,Matheus Martins,111831,263,6,5.47,2.81,12,,,,2.0,7.0,8.0,8.0,3.0,15.0,,1.0,,,,,,,,,,Atacante,211,37.54,Regular,False
493,https://s3.glbimg.com/v1/AUTH_58d78b787ec34892b5aaa0c7a146155f/clubes_2025/silhuetas/PAL/FORMATO.png,PAL,0.0,28,False,0.0,jefte,Jefté,2,Jefté Vital da Silva Dias,Jefté,111832,275,6,5.92,3.05,4,,,1.0,,1.0,2.0,,1.0,1.0,,,,,1.0,,,,,,,Lateral,0,0.0,Não Jogou,False
494,https://s3.glbimg.com/v1/AUTH_58d78b787ec34892b5aaa0c7a146155f/clubes_2025/silhuetas/VIT/FORMATO.png,VIT,0.05,28,True,1.5,renzo-lopez,R. López,5,Renzo López Patrón,Renzo López,111951,287,7,4.91,2.05,13,,,,3.0,7.0,9.0,4.0,3.0,8.0,1.0,1.0,3.0,,,,,,,,,Atacante,197,40.06,Regular,False
495,https://s3.glbimg.com/v1/AUTH_58d78b787ec34892b5aaa0c7a146155f/clubes_2025/silhuetas/GRE/FORMATO.png,GRE,0.26,28,True,6.3,gabriel-grando,G. Grando,1,Gabriel Hamester Grando,Gabriel Grando,112616,284,7,8.07,5.95,4,16.0,3.0,,,,,,,2.0,,,,,1.0,,1.0,,,,,Goleiro,62,81.75,Bom,False
496,https://s3.glbimg.com/v1/AUTH_58d78b787ec34892b5aaa0c7a146155f/clubes_2025/silhuetas/CRU/FORMATO.png,CRU,-0.58,28,True,3.2,kaiki-bruno,K. Bruno,2,Kaiki Bruno da Silva,Kaiki Bruno,112709,283,3,10.64,7.64,26,,,3.0,9.0,74.0,49.0,7.0,14.0,27.0,,1.0,,,11.0,,,,,,,Lateral,132,60.68,Regular,False
497,https://s3.glbimg.com/v1/AUTH_58d78b787ec34892b5aaa0c7a146155f/clubes_2025/silhuetas/PAL/FORMATO.png,PAL,-0.99,28,True,0.0,ramon-sosa,R. Sosa,5,Ramón Sosa Acosta,Ramón Sosa,112863,275,6,6.11,2.9,14,,,2.0,,,4.0,1.0,9.0,7.0,1.0,2.0,2.0,1.0,,,,,,,,Atacante,273,15.73,Regular,False
498,https://s3.glbimg.com/v1/AUTH_58d78b787ec34892b5aaa0c7a146155f/clubes_2025/silhuetas/PAL/FORMATO.png,PAL,-0.41,28,True,1.5,anibal-moreno,A. Moreno,4,Aníbal Ismael Moreno,Aníbal Moreno,112869,275,7,4.91,2.92,20,,,1.0,5.0,35.0,15.0,2.0,6.0,6.0,,,,,,,,,,,,Meia,197,40.06,Regular,False
499,https://s3.glbimg.com/v1/AUTH_58d78b787ec34892b5aaa0c7a146155f/clubes_2025/silhuetas/RBB/FORMATO.png,RBB,-0.12,28,True,0.0,lucas-barbosa,L. Barbosa,5,Lucas Henrique Barbosa,Lucas Barbosa,112886,280,3,7.88,5.02,25,,,2.0,6.0,50.0,43.0,11.0,16.0,30.0,2.0,2.0,6.0,,,,1.0,,,,,Atacante,273,15.73,Regular,False
500,https://s3.glbimg.com/v1/AUTH_58d78b787ec34892b5aaa0c7a146155f/clubes_2025/silhuetas/JUV/FORMATO.png,JUV,0.0,28,False,0.0,sforza,Sforza,4,Juan Sebastián Sforza,Sforza,112906,286,6,3.91,1.22,5,,,,,4.0,4.0,,1.0,1.0,,,,,,,,,,,,Meia,0,0.0,Não Jogou,False
501,https://s3.glbimg.com/v1/AUTH_58d78b787ec34892b5aaa0c7a146155f/clubes_2025/silhuetas/FLU/FORMATO.png,FLU,0.18,28,True,6.5,freytes,Freytes,3,Juan Pablo Freytes,Freytes,113034,266,7,5.14,3.09,22,,,,4.0,15.0,12.0,3.0,9.0,13.0,1.0,,1.0,1.0,7.0,,1.0,,,,,Zagueiro,58,82.79,Bom,False
502,https://s3.glbimg.com/v1/AUTH_58d78b787ec34892b5aaa0c7a146155f/clubes_2025/silhuetas/FOR/FORMATO.png,FOR,-0.55,28,True,4.7,mancuso,Mancuso,2,Eros Nazareno Mancuso,Mancuso,113078,356,7,8.26,5.05,17,,,2.0,3.0,24.0,16.0,6.0,7.0,14.0,,1.0,2.0,,4.0,,,,,,,Lateral,87,73.44,Regular,False
503,https://s3.glbimg.com/v1/AUTH_58d78b787ec34892b5aaa0c7a146155f/clubes_2025/silhuetas/PAL/FORMATO.png,PAL,0.26,28,True,10.2,flaco-lopez,F. López,5,José Manuel Alberto López,Flaco López,113103,275,7,11.15,6.86,24,,,1.0,4.0,25.0,37.0,11.0,29.0,39.0,,10.0,7.0,2.0,,,,,,,,Atacante,19,94.51,Muito Bom,True
504,https://s3.glbimg.com/v1/AUTH_58d78b787ec34892b5aaa0c7a146155f/clubes_2025/silhuetas/RBB/FORMATO.png,RBB,0.0,28,False,0.0,nathan-mendes,N. Mendes,2,Nathan Gabriel de Souza Mendes,Nathan Mendes,113157,280,7,4.96,2.38,15,,,1.0,3.0,11.0,8.0,,1.0,16.0,,,1.0,1.0,2.0,,,,,,,Lateral,0,0.0,Não Jogou,False
505,https://s3.glbimg.com/v1/AUTH_58d78b787ec34892b5aaa0c7a146155f/clubes_2025/silhuetas/CRU/FORMATO.png,CRU,0.0,28,False,0.0,marquinhos,Marquinhos,5,Marcus Vinícius Oliveira Alencar,Marquinhos,113158,283,6,3.51,1.25,17,,,,1.0,7.0,4.0,2.0,8.0,8.0,,,,,,,,,,,,Atacante,0,0.0,Não Jogou,False
506,https://s3.glbimg.com/v1/AUTH_58d78b787ec34892b5aaa0c7a146155f/clubes_2025/silhuetas/SAO/FORMATO.png,SAO,0.0,28,False,0.0,pablo-maia,P. Maia,4,Pablo Gonçalves Maia Fortunato,Pablo Maia,113359,276,6,4.64,1.99,16,,,,3.0,14.0,20.0,,3.0,15.0,1.0,1.0,,,,,,,,1.0,,Meia,0,0.0,Não Jogou,False
507,https://s3.glbimg.com/v1/AUTH_58d78b787ec34892b5aaa0c7a146155f/clubes_2025/silhuetas/GRE/FORMATO.png,GRE,0.09,28,True,2.0,cristian-olivera,C. Olivera,5,Cristian Gonzalo Olivera Ibarra,Cristian Olivera,113397,284,6,8.8,4.64,17,,,,2.0,23.0,19.0,8.0,9.0,23.0,,3.0,3.0,,,,,,,,,Atacante,175,47.03,Regular,False
508,https://s3.glbimg.com/v1/AUTH_58d78b787ec34892b5aaa0c7a146155f/clubes_2025/silhuetas/SAN/FORMATO.png,SAN,0.0,28,False,0.0,diogenes,Diógenes,1,Diógenes Vinícius da Silva,Diógenes,113690,277,6,3.3,3.9,1,3.0,,,,,,,,,,,,,,,,,,,,Goleiro,0,0.0,Não Jogou,False
509,https://s3.glbimg.com/v1/AUTH_58d78b787ec34892b5aaa0c7a146155f/clubes_2025/silhuetas/CRU/FORMATO.png,CRU,0.0,28,False,0.0,gamarra,Gamarra,3,Mateo Gamarra González,Gamarra,114334,283,6,4.83,2.35,2,,,,,4.0,1.0,,,,,,,,,,,,,1.0,,Zagueiro,0,0.0,Não Jogou,False
510,https://s3.glbimg.com/v1/AUTH_58d78b787ec34892b5aaa0c7a146155f/clubes_2025/silhuetas/SAN/FORMATO.png,SAN,0.0,28,False,0.0,brahimi,Brahimi,5,Billal Brahimi - Bilal,Brahimi,114400,277,6,4.99,1.2,1,,,,,,,1.0,,,,,,,,,,,,,,Atacante,0,0.0,Não Jogou,False
511,https://s3.glbimg.com/v1/AUTH_58d78b787ec34892b5aaa0c7a146155f/clubes_2025/silhuetas/CRU/FORMATO.png,CRU,0.0,28,False,0.0,sinisterra,Sinisterra,5,Luis Fernando Sinisterra Lucumí,Sinisterra,114405,283,5,7.75,3.65,4,,,,,3.0,1.0,2.0,,,,1.0,,,,,,,,,,Atacante,0,0.0,Não Jogou,False
512,https://s3.glbimg.com/v1/AUTH_58d78b787ec34892b5aaa0c7a146155f/clubes_2025/silhuetas/FLA/FORMATO.png,FLA,0.0,28,False,0.0,cleiton,Cleiton,3,Cleiton Santana dos Santos,Cleiton,114790,262,6,5.96,5.85,2,,,,,4.0,1.0,,,2.0,,,,,1.0,,,,,,,Zagueiro,0,0.0,Não Jogou,False
513,https://s3.glbimg.com/v1/AUTH_58d78b787ec34892b5aaa0c7a146155f/clubes_2025/silhuetas/PAL/FORMATO.png,PAL,2.27,28,True,25.8,vitor-roque,V. Roque,5,Vitor Hugo Roque Ferreira,Vitor Roque,114802,275,7,15.48,8.05,25,,,3.0,3.0,26.0,24.0,18.0,13.0,62.0,,12.0,15.0,,,,,,,,,Atacante,1,100.0,Excelente,True
514,https://s3.glbimg.com/v1/AUTH_58d78b787ec34892b5aaa0c7a146155f/clubes_2025/silhuetas/VAS/FORMATO.png,VAS,-0.8,28,True,-0.3,matheus-franca,M. França,5,Matheus França de Oliveira,Matheus França,115100,267,6,5.86,1.18,5,,,,,2.0,1.0,2.0,1.0,,,,,,,,,,,,,Atacante,301,9.5,Ruim,False
515,https://s3.glbimg.com/v1/AUTH_58d78b787ec34892b5aaa0c7a146155f/clubes_2025/silhuetas/VAS/FORMATO.png,VAS,0.0,28,False,0.0,lucas-freitas,L. Freitas,3,Lucas de Freitas Molarinho Chagas,Lucas Freitas,115141,267,6,3.75,2.24,16,,,,2.0,11.0,13.0,,3.0,10.0,,1.0,,1.0,2.0,,,,,1.0,,Zagueiro,0,0.0,Não Jogou,False
516,https://s3.glbimg.com/v1/AUTH_58d78b787ec34892b5aaa0c7a146155f/clubes_2025/silhuetas/RBB/FORMATO.png,RBB,-0.48,28,True,7.8,jhon-jhon,J. Jhon,4,Jhonatan dos Santos Rosa,Jhon Jhon,115248,280,7,8.79,5.32,25,,,4.0,8.0,20.0,26.0,9.0,10.0,43.0,1.0,7.0,2.0,,,,,,,,,Meia,38,88.72,Bom,False
517,https://s3.glbimg.com/v1/AUTH_58d78b787ec34892b5aaa0c7a146155f/clubes_2025/silhuetas/CEA/FORMATO.png,CEA,0.0,28,False,0.0,marcos-victor,M. Victor,3,Marcos Victor Ferreira da Silva,Marcos Victor,115537,354,6,5.87,3.9,7,,,,,7.0,3.0,,1.0,4.0,,,1.0,,3.0,,,,,,,Zagueiro,0,0.0,Não Jogou,False
518,https://s3.glbimg.com/v1/AUTH_58d78b787ec34892b5aaa0c7a146155f/clubes_2025/silhuetas/CEA/FORMATO.png,CEA,0.0,28,False,0.0,rodriguinho,Rodriguinho,4,Rodrigo Henrique Santos de Souza,Rodriguinho,115563,354,6,1.58,-0.65,4,,,,,,3.0,,1.0,1.0,,,,,,,1.0,,,,,Meia,0,0.0,Não Jogou,False
519,https://s3.glbimg.com/v1/AUTH_58d78b787ec34892b5aaa0c7a146155f/clubes_2025/silhuetas/JUV/FORMATO.png,JUV,0.0,28,False,0.0,emerson-galego,E. Galego,5,Emerson Mendes de Carvalho,Emerson Galego,115586,286,6,3.01,1.25,2,,,,,1.0,,,,2.0,,,,,,,,,,,,Atacante,0,0.0,Não Jogou,False
520,https://s3.glbimg.com/v1/AUTH_58d78b787ec34892b5aaa0c7a146155f/clubes_2025/silhuetas/JUV/FORMATO.png,JUV,-0.35,28,True,-0.1,marcos-paulo,M. Paulo,2,Marcos Paulo Lima Batista Silva,Marcos Paulo,115594,286,6,3.13,1.88,11,,,,5.0,14.0,15.0,2.0,1.0,4.0,,,,,1.0,,,,,1.0,,Lateral,298,11.72,Ruim,False
521,https://s3.glbimg.com/v1/AUTH_58d78b787ec34892b5aaa0c7a146155f/clubes_2025/silhuetas/CAM/FORMATO.png,CAM,0.0,28,False,0.0,gabriel-delfim,G. Delfim,1,Gabriel Delfim Ferreira,Gabriel Delfim,115674,282,6,2.55,1.9,1,3.0,2.0,,,,,,,,,,,,,,,,,,,Goleiro,0,0.0,Não Jogou,False
522,https://s3.glbimg.com/v1/AUTH_58d78b787ec34892b5aaa0c7a146155f/clubes_2025/silhuetas/FLA/FORMATO.png,FLA,0.5,28,True,3.2,evertton-araujo,E. Araújo,4,Everton Gustavo Fernandes Araújo,Evertton Araújo,115914,262,6,4.75,2.7,12,,,,2.0,14.0,14.0,4.0,1.0,8.0,,1.0,,,,,,,,,,Meia,132,60.68,Regular,False
523,https://s3.glbimg.com/v1/AUTH_58d78b787ec34892b5aaa0c7a146155f/clubes_2025/silhuetas/SAN/FORMATO.png,SAN,0.18,28,True,2.3,victor-hugo,V. Hugo,4,Victor Hugo Gomes Silva,Victor Hugo,116034,277,6,4.06,1.68,4,,,,,3.0,1.0,1.0,1.0,1.0,,,,,,,,,,,,Meia,165,51.04,Regular,False
524,https://s3.glbimg.com/v1/AUTH_58d78b787ec34892b5aaa0c7a146155f/clubes_2025/silhuetas/BOT/FORMATO.png,BOT,-1.19,28,True,1.9,cuiabano,Cuiabano,2,Luís Eduardo Soares da Silva,Cuiabano,116065,263,7,9.51,5.94,18,,,2.0,3.0,19.0,16.0,4.0,7.0,14.0,1.0,2.0,1.0,,8.0,,,,,,,Lateral,185,44.96,Regular,False
525,https://s3.glbimg.com/v1/AUTH_58d78b787ec34892b5aaa0c7a146155f/clubes_2025/silhuetas/GRE/FORMATO.png,GRE,0.0,28,False,0.0,thiago-beltrame,T. Beltrame,1,Thiago Beltrame Stallbaum,Thiago Beltrame,116067,284,6,1.0,0.0,0,,,,,,,,,,,,,,,,,,,,,Goleiro,0,0.0,Não Jogou,False
526,https://s3.glbimg.com/v1/AUTH_58d78b787ec34892b5aaa0c7a146155f/clubes_2025/silhuetas/FLU/FORMATO.png,FLU,0.35,28,True,6.0,hercules,Hércules,4,Hércules Pereira do Nascimento,Hércules,116447,266,7,6.7,3.29,22,,,,1.0,25.0,25.0,4.0,8.0,10.0,1.0,3.0,,,,,,,,,,Meia,65,81.01,Bom,False
527,https://s3.glbimg.com/v1/AUTH_58d78b787ec34892b5aaa0c7a146155f/clubes_2025/silhuetas/VIT/FORMATO.png,VIT,0.0,28,False,0.0,jamerson,Jamerson,2,Jamerson Santos de Jesus,Jamerson,116461,287,5,7.87,5.15,12,,,2.0,,20.0,8.0,5.0,6.0,7.0,,,1.0,,2.0,,,,,,,Lateral,0,0.0,Não Jogou,False
528,https://s3.glbimg.com/v1/AUTH_58d78b787ec34892b5aaa0c7a146155f/clubes_2025/silhuetas/FOR/FORMATO.png,FOR,0.0,28,False,0.0,lucas-gazal,L. Gazal,3,Lucas Xavier Gazal,Lucas Gazal,116589,356,7,4.66,3.55,2,,,,1.0,1.0,3.0,1.0,1.0,1.0,,,,,1.0,,,,,,,Zagueiro,0,0.0,Não Jogou,False
529,https://s3.glbimg.com/v1/AUTH_58d78b787ec34892b5aaa0c7a146155f/clubes_2025/silhuetas/VAS/FORMATO.png,VAS,-1.08,28,True,0.1,andres-gomez,A. Gómez,5,Carlos Andrés Gómez Hinestroza,Andrés Gómez,116706,267,2,7.01,3.12,7,,,3.0,1.0,2.0,10.0,3.0,3.0,4.0,,,2.0,,,,,,,,,Atacante,270,19.88,Regular,False
530,https://s3.glbimg.com/v1/AUTH_58d78b787ec34892b5aaa0c7a146155f/clubes_2025/silhuetas/MIR/FORMATO.png,MIR,0.0,28,False,0.0,gabriel-knesowitsch,G. Knesowitsch,3,Gabriel Knesowitsch,Gabriel Knesowitsch,117061,2305,6,5.95,4.72,4,,,,,3.0,1.0,2.0,1.0,3.0,,,,,2.0,,,,,,,Zagueiro,0,0.0,Não Jogou,False
531,https://s3.glbimg.com/v1/AUTH_58d78b787ec34892b5aaa0c7a146155f/clubes_2025/silhuetas/RBB/FORMATO.png,RBB,-0.78,28,True,-0.4,thiago-borbas,T. Borbas,5,Thiago Nicolás Borbas Silva,Thiago Borbas,117314,280,7,2.37,1.86,15,,,1.0,4.0,8.0,14.0,3.0,5.0,7.0,,1.0,,,,,,,,,,Atacante,312,6.97,Ruim,False
532,https://s3.glbimg.com/v1/AUTH_58d78b787ec34892b5aaa0c7a146155f/clubes_2025/silhuetas/VAS/FORMATO.png,VAS,1.24,28,True,5.8,robert-renan,R. Renan,3,Robert Renan Alves Barbosa,Robert Renan,117330,267,7,6.61,2.75,6,,,,1.0,5.0,7.0,,2.0,1.0,,,,,2.0,,,,,,,Zagueiro,67,80.42,Bom,False
533,https://s3.glbimg.com/v1/AUTH_58d78b787ec34892b5aaa0c7a146155f/clubes_2025/silhuetas/JUV/FORMATO.png,JUV,0.0,28,False,0.0,cipriano,Cipriano,3,João Luiz da Silva Cipriano,Cipriano,117336,286,6,1.82,-2.3,2,,,,1.0,,2.0,,,,,,,,,,1.0,,,,,Zagueiro,0,0.0,Não Jogou,False
534,https://s3.glbimg.com/v1/AUTH_58d78b787ec34892b5aaa0c7a146155f/clubes_2025/silhuetas/MIR/FORMATO.png,MIR,0.0,28,False,0.0,renato-marques,R. Marques,5,Renato Marques de Oliveira Júnior,Renato Marques,117403,2305,6,3.0,0.0,0,,,,,,,,,,,,,,,,,,,,,Atacante,0,0.0,Não Jogou,False
535,https://s3.glbimg.com/v1/AUTH_58d78b787ec34892b5aaa0c7a146155f/clubes_2025/silhuetas/CRU/FORMATO.png,CRU,0.0,28,False,0.0,otavio,Otávio,1,Otávio Eleodoro Rezende Costa,Otávio,117404,283,6,1.0,0.0,0,,,,,,,,,,,,,,,,,,,,,Goleiro,0,0.0,Não Jogou,False
536,https://s3.glbimg.com/v1/AUTH_58d78b787ec34892b5aaa0c7a146155f/clubes_2025/silhuetas/COR/FORMATO.png,COR,-0.42,28,True,-0.8,garro,Garro,4,Rodrigo Garro,Garro,117632,264,7,12.65,3.46,12,,,1.0,4.0,7.0,14.0,6.0,5.0,34.0,2.0,,,,,,,,,,,Meia,323,4.15,Ruim,False
537,https://s3.glbimg.com/v1/AUTH_58d78b787ec34892b5aaa0c7a146155f/clubes_2025/silhuetas/SAO/FORMATO.png,SAO,0.0,28,False,0.0,young,Young,1,Young Navarro Moraes,Young,117818,276,6,3.03,2.4,2,6.0,3.0,,,,,,,,,,,,,,,,,,,Goleiro,0,0.0,Não Jogou,False
538,https://s3.glbimg.com/v1/AUTH_58d78b787ec34892b5aaa0c7a146155f/clubes_2025/silhuetas/COR/FORMATO.png,COR,-0.24,28,True,1.9,breno-bidon,B. Bidon,4,Breno de Souza Bidon,Breno Bidon,117910,264,7,7.54,3.96,25,,,1.0,7.0,40.0,55.0,4.0,9.0,69.0,1.0,1.0,1.0,1.0,,,,,,1.0,,Meia,185,44.96,Regular,False
539,https://s3.glbimg.com/v1/AUTH_58d78b787ec34892b5aaa0c7a146155f/clubes_2025/silhuetas/FLU/FORMATO.png,FLU,0.0,28,False,0.0,lavega,Lavega,5,Joaquín Lavega Colzada,Lavega,117930,266,6,3.98,1.55,2,,,,,,,1.0,,4.0,,,1.0,,,,,,,,,Atacante,0,0.0,Não Jogou,False
540,https://s3.glbimg.com/v1/AUTH_58d78b787ec34892b5aaa0c7a146155f/clubes_2025/silhuetas/FLA/FORMATO.png,FLA,0.0,28,False,0.0,iago,Iago,3,Iago Teodoro da Silva Nogueira,Iago,118090,262,6,2.0,0.0,0,,,,,,,,,,,,,,,,,,,,,Zagueiro,0,0.0,Não Jogou,False
541,https://s3.glbimg.com/v1/AUTH_58d78b787ec34892b5aaa0c7a146155f/clubes_2025/silhuetas/SAO/FORMATO.png,SAO,0.1,28,True,3.5,rodriguinho,Rodriguinho,4,Rodrigo Huendra Almeida Mendonça,Rodriguinho,118563,276,7,3.04,2.16,18,,,1.0,5.0,15.0,16.0,5.0,13.0,4.0,1.0,,3.0,,,,,,,,,Meia,123,63.06,Regular,False
542,https://s3.glbimg.com/v1/AUTH_58d78b787ec34892b5aaa0c7a146155f/clubes_2025/silhuetas/SPT/FORMATO.png,SPT,0.0,28,False,0.0,kevyson,Kevyson,2,Kevyson Costa e Silva,Kevyson,118701,292,6,2.1,1.12,8,,,,2.0,4.0,6.0,,1.0,2.0,,,,,1.0,,,,,,,Lateral,0,0.0,Não Jogou,False
543,https://s3.glbimg.com/v1/AUTH_58d78b787ec34892b5aaa0c7a146155f/clubes_2025/silhuetas/VAS/FORMATO.png,VAS,-0.1,28,True,-0.3,mateus-carvalho,M. Carvalho,4,Mateus Carvalho dos Santos,Mateus Carvalho,118752,267,7,3.11,0.87,14,,,,1.0,9.0,16.0,,3.0,4.0,,,,,,,,,,,,Meia,301,9.5,Ruim,False
544,https://s3.glbimg.com/v1/AUTH_58d78b787ec34892b5aaa0c7a146155f/clubes_2025/silhuetas/CAM/FORMATO.png,CAM,0.0,28,False,0.0,alexsander,Alexsander,4,Alexsander Cristhian Gomes da Costa - Christian,Alexsander,118774,282,5,6.97,3.77,6,,,,3.0,16.0,13.0,1.0,1.0,7.0,,,,,,,,,,,,Meia,0,0.0,Não Jogou,False
545,https://s3.glbimg.com/v1/AUTH_58d78b787ec34892b5aaa0c7a146155f/clubes_2025/silhuetas/SAN/FORMATO.png,SAN,-0.61,28,True,2.4,lautaro-diaz,L. Díaz,5,Lautaro Ariel Díaz,Lautaro Díaz,118775,277,7,5.16,3.53,12,,,1.0,1.0,8.0,13.0,2.0,9.0,4.0,1.0,2.0,3.0,,,,,,,,,Atacante,161,52.08,Regular,False
546,https://s3.glbimg.com/v1/AUTH_58d78b787ec34892b5aaa0c7a146155f/clubes_2025/silhuetas/FOR/FORMATO.png,FOR,0.0,28,False,0.0,bruninho,Bruninho,4,Bruno César Pereira Silva,Bruninho,121668,356,6,5.37,9.3,1,,,,,5.0,,,1.0,2.0,,,,,,,,,,,,Meia,0,0.0,Não Jogou,False
547,https://s3.glbimg.com/v1/AUTH_58d78b787ec34892b5aaa0c7a146155f/clubes_2025/silhuetas/VAS/FORMATO.png,VAS,0.0,28,False,0.0,paulo-ricardo,P. Ricardo,2,Paulo Ricardo de Souza Babilônia,Paulo Ricardo,121766,267,5,2.0,0.0,0,,,,,,,,,,,,,,,,,,,,,Lateral,0,0.0,Não Jogou,False
548,https://s3.glbimg.com/v1/AUTH_58d78b787ec34892b5aaa0c7a146155f/clubes_2025/silhuetas/GRE/FORMATO.png,GRE,0.0,28,False,0.0,andre,André,5,André Henrique da Silva Martins,André,121792,284,6,4.83,4.31,16,,,2.0,3.0,12.0,7.0,6.0,9.0,11.0,1.0,3.0,1.0,,,,,,,1.0,,Atacante,0,0.0,Não Jogou,False
549,https://s3.glbimg.com/v1/AUTH_58d78b787ec34892b5aaa0c7a146155f/clubes_2025/silhuetas/COR/FORMATO.png,COR,0.0,28,False,0.0,kaue,Kauê,1,Kauê Vinicius de Souza Camargo,Kauê,121823,264,6,1.0,0.0,0,,,,,,,,,,,,,,,,,,,,,Goleiro,0,0.0,Não Jogou,False
550,https://s3.glbimg.com/v1/AUTH_58d78b787ec34892b5aaa0c7a146155f/clubes_2025/silhuetas/COR/FORMATO.png,COR,0.26,28,True,1.5,kayke,Kayke,5,Kayke Ferrari Guimarães,Kayke,121824,264,6,1.85,1.25,6,,,,,4.0,3.0,,2.0,2.0,,,2.0,,,,,,,,,Atacante,197,40.06,Regular,False
551,https://s3.glbimg.com/v1/AUTH_58d78b787ec34892b5aaa0c7a146155f/clubes_2025/silhuetas/JUV/FORMATO.png,JUV,0.0,28,False,0.0,hudson,Hudson,4,Hudson Alexandre Batista da Silva,Hudson,121866,286,6,0.77,-0.77,3,,,,2.0,3.0,6.0,,,,,,,,,,1.0,,,,,Meia,0,0.0,Não Jogou,False
552,https://s3.glbimg.com/v1/AUTH_58d78b787ec34892b5aaa0c7a146155f/clubes_2025/silhuetas/JUV/FORMATO.png,JUV,-0.47,28,True,0.0,edison-negueba,E. Negueba,5,Edison Custódio dos Santos,Edison Negueba,122166,286,6,3.42,1.5,2,,,,,2.0,,,,,,,,,,,,,,,,Atacante,273,15.73,Regular,False
553,https://s3.glbimg.com/v1/AUTH_58d78b787ec34892b5aaa0c7a146155f/clubes_2025/silhuetas/BAH/FORMATO.png,BAH,0.0,28,False,0.0,ryan,Ryan,2,Ryan Carlos Santos de Sousa,Ryan,122300,265,6,2.0,0.0,0,,,,,,,,,,,,,,,,,,,,,Lateral,0,0.0,Não Jogou,False
554,https://s3.glbimg.com/v1/AUTH_58d78b787ec34892b5aaa0c7a146155f/clubes_2025/silhuetas/MIR/FORMATO.png,MIR,0.93,28,True,7.2,cristian,Cristian,5,Cristian Renato Gonçalves Riquelme,Cristian,122302,2305,7,5.59,3.3,22,,,2.0,2.0,8.0,17.0,12.0,9.0,8.0,,4.0,,,,,,,,,,Atacante,47,86.2,Bom,False
555,https://s3.glbimg.com/v1/AUTH_58d78b787ec34892b5aaa0c7a146155f/clubes_2025/silhuetas/FLA/FORMATO.png,FLA,0.0,28,False,0.0,dyogo-alves,D. Alves,1,Francisco Dyogo Bento Alves,Dyogo Alves,122318,262,6,3.0,0.0,0,,,,,,,,,,,,,,,,,,,,,Goleiro,0,0.0,Não Jogou,False
556,https://s3.glbimg.com/v1/AUTH_58d78b787ec34892b5aaa0c7a146155f/clubes_2025/silhuetas/FLA/FORMATO.png,FLA,0.0,28,False,0.0,daniel-sales,D. Sales,2,Daniel dos Santos Sales,Daniel Sales,122320,262,6,2.0,0.0,0,,,,,,,,,,,,,,,,,,,,,Lateral,0,0.0,Não Jogou,False
557,https://s3.glbimg.com/v1/AUTH_58d78b787ec34892b5aaa0c7a146155f/clubes_2025/silhuetas/RBB/FORMATO.png,RBB,0.0,28,False,0.0,gustavinho,Gustavinho,4,Gustavo Ribeiro Neves,Gustavinho,122394,280,6,2.81,1.0,10,,,,,4.0,5.0,1.0,1.0,1.0,1.0,,,,,,,,,,,Meia,0,0.0,Não Jogou,False
558,https://s3.glbimg.com/v1/AUTH_58d78b787ec34892b5aaa0c7a146155f/clubes_2025/silhuetas/COR/FORMATO.png,COR,0.0,28,False,0.0,ryan,Ryan,4,Ryan Gustavo de Lima,Ryan,122396,264,6,3.38,1.7,14,,,,1.0,14.0,11.0,,,14.0,,,,,,,,,,,,Meia,0,0.0,Não Jogou,False
559,https://s3.glbimg.com/v1/AUTH_58d78b787ec34892b5aaa0c7a146155f/clubes_2025/silhuetas/SAN/FORMATO.png,SAN,0.0,28,False,0.0,luisao,Luisão,3,Luis Fellipe Campos Dória,Luisão,122406,277,6,4.78,2.45,6,,,,2.0,6.0,3.0,,2.0,4.0,,,,,1.0,,,,,,,Zagueiro,0,0.0,Não Jogou,False
560,https://s3.glbimg.com/v1/AUTH_58d78b787ec34892b5aaa0c7a146155f/clubes_2025/silhuetas/CEA/FORMATO.png,CEA,0.0,28,False,0.0,lucca,Lucca,5,Lucca Holanda Sampaio Tavares,Lucca,122420,354,6,3.13,1.4,4,,,,,1.0,3.0,1.0,1.0,6.0,,,,,,,,,,,,Atacante,0,0.0,Não Jogou,False
561,https://s3.glbimg.com/v1/AUTH_58d78b787ec34892b5aaa0c7a146155f/clubes_2025/silhuetas/RBB/FORMATO.png,RBB,0.0,28,False,0.0,vinicius-lago,V. Lago,2,Vinicius dos Santos Lago,Vinícius Lago,122458,280,6,1.0,0.0,0,,,,,,,,,,,,,,,,,,,,,Lateral,0,0.0,Não Jogou,False
562,https://s3.glbimg.com/v1/AUTH_58d78b787ec34892b5aaa0c7a146155f/clubes_2025/silhuetas/VAS/FORMATO.png,VAS,0.87,28,True,5.2,barros,Barros,4,Cauan Lucas Barros da Luz,Barros,122485,267,7,6.03,3.46,7,,,,3.0,14.0,10.0,2.0,1.0,12.0,,,,,,,,,,,,Meia,78,77.0,Bom,False
563,https://s3.glbimg.com/v1/AUTH_58d78b787ec34892b5aaa0c7a146155f/clubes_2025/silhuetas/VAS/FORMATO.png,VAS,-1.07,28,True,9.7,rayan,Rayan,5,Rayan Vitor Simplício Rocha,Rayan,122486,267,7,10.24,7.45,24,,,,3.0,28.0,18.0,14.0,23.0,36.0,4.0,10.0,,,,,,,,,,Atacante,23,93.47,Bom,True
564,https://s3.glbimg.com/v1/AUTH_58d78b787ec34892b5aaa0c7a146155f/clubes_2025/silhuetas/VAS/FORMATO.png,VAS,0.0,28,False,0.0,gb,GB,5,Gabriel Souza da Silva,GB,122487,267,6,3.33,2.3,4,,,,,1.0,1.0,,,,,1.0,,,,,,,,,,Atacante,0,0.0,Não Jogou,False
565,https://s3.glbimg.com/v1/AUTH_58d78b787ec34892b5aaa0c7a146155f/clubes_2025/silhuetas/INT/FORMATO.png,INT,0.0,28,False,0.0,yan-henrique,Y. Henrique,2,Yan Henrique Rodrigues da Silva,Yan Henrique,122538,285,6,1.0,0.0,0,,,,,,,,,,,,,,,,,,,,,Lateral,0,0.0,Não Jogou,False
566,https://s3.glbimg.com/v1/AUTH_58d78b787ec34892b5aaa0c7a146155f/clubes_2025/silhuetas/VAS/FORMATO.png,VAS,0.0,28,False,0.0,leo-jaco,L. Jacó,5,Leonardo Gomes da Silva Jacó,Léo Jacó,122539,267,6,1.45,1.4,1,,,,,1.0,2.0,,,1.0,,,,,,,,,,,,Atacante,0,0.0,Não Jogou,False
567,https://s3.glbimg.com/v1/AUTH_58d78b787ec34892b5aaa0c7a146155f/clubes_2025/silhuetas/FLA/FORMATO.png,FLA,0.0,28,False,0.0,wallace-yan,W. Yan,5,Wallace Yan de Souza Barreto,Wallace Yan,122573,262,6,4.16,2.66,11,,,2.0,3.0,4.0,7.0,1.0,5.0,17.0,,1.0,2.0,,,,1.0,,,,,Atacante,0,0.0,Não Jogou,False
568,https://s3.glbimg.com/v1/AUTH_58d78b787ec34892b5aaa0c7a146155f/clubes_2025/silhuetas/CRU/FORMATO.png,CRU,0.0,28,False,0.0,japa,Japa,4,João Wellington Gadelha Melo de Oliveira,Japa,122660,283,6,3.0,0.0,0,,,,,,,,,,,,,,,,,,,,,Meia,0,0.0,Não Jogou,False
569,https://s3.glbimg.com/v1/AUTH_58d78b787ec34892b5aaa0c7a146155f/clubes_2025/silhuetas/SPT/FORMATO.png,SPT,0.0,28,False,0.0,lucas-cunha,L. Cunha,3,Lucas de Souza Cunha,Lucas Cunha,122755,292,6,3.6,1.42,6,,,,2.0,4.0,5.0,,,2.0,,,,,1.0,,,,,,,Zagueiro,0,0.0,Não Jogou,False
570,https://s3.glbimg.com/v1/AUTH_58d78b787ec34892b5aaa0c7a146155f/clubes_2025/silhuetas/SAN/FORMATO.png,SAN,-0.37,28,True,0.0,caballero,Caballero,5,Gustavo Rubén Caballero González,Caballero,122781,277,6,5.4,3.04,10,,,1.0,1.0,8.0,7.0,2.0,3.0,8.0,,1.0,2.0,,,,,,,,,Atacante,273,15.73,Regular,False
571,https://s3.glbimg.com/v1/AUTH_58d78b787ec34892b5aaa0c7a146155f/clubes_2025/silhuetas/JUV/FORMATO.png,JUV,0.17,28,True,0.5,abner,Abner,3,Abner Salles da Silva,Abner,122861,286,7,4.47,2.0,15,,,1.0,2.0,11.0,12.0,,2.0,5.0,,,1.0,,2.0,,,,,,,Zagueiro,249,25.07,Regular,False
572,https://s3.glbimg.com/v1/AUTH_58d78b787ec34892b5aaa0c7a146155f/clubes_2025/silhuetas/RBB/FORMATO.png,RBB,-0.29,28,True,2.7,guzman-rodriguez,G. Rodríguez,3,Guzmán Rodríguez Ferrari,Guzmán Rodríguez,122897,280,2,5.6,2.74,23,,,,5.0,15.0,20.0,2.0,6.0,12.0,,1.0,1.0,,6.0,,,,,,,Zagueiro,150,55.19,Regular,False
573,https://s3.glbimg.com/v1/AUTH_58d78b787ec34892b5aaa0c7a146155f/clubes_2025/silhuetas/PAL/FORMATO.png,PAL,0.0,28,False,0.0,wanderson-aranha,W. Aranha,1,Wanderson Carlos Ferreira dos Santos,Wanderson Aranha,122922,275,6,1.0,0.0,0,,,,,,,,,,,,,,,,,,,,,Goleiro,0,0.0,Não Jogou,False
574,https://s3.glbimg.com/v1/AUTH_58d78b787ec34892b5aaa0c7a146155f/clubes_2025/silhuetas/CAM/FORMATO.png,CAM,0.0,28,False,0.0,david-kaua,D. Kauã,4,David Kauã Ramos,David Kauã,122989,282,6,1.0,0.0,0,,,,,,,,,,,,,,,,,,,,,Meia,0,0.0,Não Jogou,False
575,https://s3.glbimg.com/v1/AUTH_58d78b787ec34892b5aaa0c7a146155f/clubes_2025/silhuetas/CAM/FORMATO.png,CAM,0.0,28,False,0.0,patrick,Patrick,4,Patrick Roberto da Silva Campos,Patrick,122990,282,5,3.24,2.6,3,,,,,4.0,3.0,1.0,,3.0,,,,,,,,,,,,Meia,0,0.0,Não Jogou,False
576,https://s3.glbimg.com/v1/AUTH_58d78b787ec34892b5aaa0c7a146155f/clubes_2025/silhuetas/BAH/FORMATO.png,BAH,0.0,28,False,0.0,victor-nascimento,V. Nascimento,1,Victor dos Santos Nascimento,Victor Nascimento,122994,265,6,1.0,0.0,0,,,,,,,,,,,,,,,,,,,,,Goleiro,0,0.0,Não Jogou,False
577,https://s3.glbimg.com/v1/AUTH_58d78b787ec34892b5aaa0c7a146155f/clubes_2025/silhuetas/BAH/FORMATO.png,BAH,0.0,28,False,0.0,joao-andrade,J. Andrade,5,João Vitor Coni de Andrade,João Andrade,123001,265,6,1.0,0.0,0,,,,,,,,,,,,,,,,,,,,,Atacante,0,0.0,Não Jogou,False
578,https://s3.glbimg.com/v1/AUTH_58d78b787ec34892b5aaa0c7a146155f/clubes_2025/silhuetas/BAH/FORMATO.png,BAH,1.25,28,True,10.0,tiago,Tiago,5,Tiago Souza de Jesus Carvalho,Tiago,123004,265,6,4.45,2.74,13,,,1.0,1.0,9.0,11.0,,4.0,19.0,,1.0,2.0,1.0,,,,,,,,Atacante,22,93.77,Muito Bom,True
579,https://s3.glbimg.com/v1/AUTH_58d78b787ec34892b5aaa0c7a146155f/clubes_2025/silhuetas/BAH/FORMATO.png,BAH,0.0,28,False,0.0,sidney,Sidney,4,Sidney de Carvalho Duarte,Sidney,123005,265,6,1.0,0.0,0,,,,,,,,,,,,,,,,,,,,,Meia,0,0.0,Não Jogou,False
580,https://s3.glbimg.com/v1/AUTH_58d78b787ec34892b5aaa0c7a146155f/clubes_2025/silhuetas/BAH/FORMATO.png,BAH,0.0,28,False,0.0,vitinho,Vitinho,4,Pedro Victor da Silva Santos,Vitinho,123007,265,6,1.0,0.0,0,,,,,,,,,,,,,,,,,,,,,Meia,0,0.0,Não Jogou,False
581,https://s3.glbimg.com/v1/AUTH_58d78b787ec34892b5aaa0c7a146155f/clubes_2025/silhuetas/CAM/FORMATO.png,CAM,0.0,28,False,0.0,cadu,Cadu,5,Carlos Eduardo Amaral Pereira de Castro,Cadu,123359,282,6,3.0,0.0,0,,,,,,,,,,,,,,,,,,,,,Atacante,0,0.0,Não Jogou,False
582,https://s3.glbimg.com/v1/AUTH_58d78b787ec34892b5aaa0c7a146155f/clubes_2025/silhuetas/BAH/FORMATO.png,BAH,-0.29,28,True,0.3,cauly,Cauly,4,Cauly Oliveira Souza,Cauly,123360,265,6,5.35,1.98,20,,,3.0,2.0,5.0,11.0,4.0,8.0,6.0,,1.0,,,,,,,,,,Meia,260,23.0,Regular,False
583,https://s3.glbimg.com/v1/AUTH_58d78b787ec34892b5aaa0c7a146155f/clubes_2025/silhuetas/BAH/FORMATO.png,BAH,0.0,28,False,0.0,roger,Roger,4,Roger Gabriel Farias de Jesus,Roger,123494,265,6,1.0,0.0,0,,,,,,,,,,,,,,,,,,,,,Meia,0,0.0,Não Jogou,False
584,https://s3.glbimg.com/v1/AUTH_58d78b787ec34892b5aaa0c7a146155f/clubes_2025/silhuetas/CRU/FORMATO.png,CRU,0.0,28,False,0.0,janderson,Janderson,3,José Janderson da Silva Marques,Janderson,123649,283,6,2.82,5.0,1,,,,,,,,,,,,,,1.0,,,,,,,Zagueiro,0,0.0,Não Jogou,False
585,https://s3.glbimg.com/v1/AUTH_58d78b787ec34892b5aaa0c7a146155f/clubes_2025/silhuetas/BAH/FORMATO.png,BAH,0.0,28,False,0.0,ze-guilherme,Z. Guilherme,2,José Guilherme de Lima Costa,Zé Guilherme,123717,265,6,4.67,3.67,3,,,,,1.0,1.0,,1.0,2.0,1.0,,,,1.0,,,,,,,Lateral,0,0.0,Não Jogou,False
586,https://s3.glbimg.com/v1/AUTH_58d78b787ec34892b5aaa0c7a146155f/clubes_2025/silhuetas/FOR/FORMATO.png,FOR,0.0,28,False,0.0,herrera,Herrera,5,José María Herrera Ares,Herrera,123738,356,6,4.91,2.76,8,,,,1.0,8.0,8.0,4.0,9.0,3.0,,,,,,,,,,,,Atacante,0,0.0,Não Jogou,False
587,https://s3.glbimg.com/v1/AUTH_58d78b787ec34892b5aaa0c7a146155f/clubes_2025/silhuetas/INT/FORMATO.png,INT,0.63,28,True,4.7,alan-rodriguez,A. Rodríguez,4,Alan Jesús Rodríguez Guaglianoni,Alan Rodríguez,123744,285,5,5.99,2.92,8,,,,1.0,11.0,5.0,1.0,2.0,7.0,1.0,,,,,,,,,,,Meia,87,73.44,Regular,False
588,https://s3.glbimg.com/v1/AUTH_58d78b787ec34892b5aaa0c7a146155f/clubes_2025/silhuetas/FLU/FORMATO.png,FLU,0.0,28,False,0.0,lezcano,Lezcano,4,Rubén Darío Lezcano Portillo,Lezcano,123788,266,6,4.31,0.87,4,,,,,1.0,,,,4.0,,,,,,,,,,,,Meia,0,0.0,Não Jogou,False
589,https://s3.glbimg.com/v1/AUTH_58d78b787ec34892b5aaa0c7a146155f/clubes_2025/silhuetas/GRE/FORMATO.png,GRE,0.0,28,False,0.0,enzo,Enzo,2,Enzo Henrique dos Santos,Enzo,124077,284,6,5.0,0.0,0,,,,,,,,,,,,,,,,,,,,,Lateral,0,0.0,Não Jogou,False
590,https://s3.glbimg.com/v1/AUTH_58d78b787ec34892b5aaa0c7a146155f/clubes_2025/silhuetas/RBB/FORMATO.png,RBB,-0.4,28,True,0.8,henry-mosquera,H. Mosquera,5,Henry David Mosquera Sánchez,Henry Mosquera,124239,280,2,3.44,1.76,16,,,,,10.0,13.0,9.0,3.0,8.0,,,2.0,,,,,,,,,Atacante,237,29.38,Regular,False
591,https://s3.glbimg.com/v1/AUTH_58d78b787ec34892b5aaa0c7a146155f/clubes_2025/silhuetas/CAM/FORMATO.png,CAM,0.0,28,False,0.0,isaac,Isaac,5,Isaac Aguiar Tomich,Isaac,124247,282,6,1.1,0.5,1,,,,,,,,,1.0,,,,,,,,,,,,Atacante,0,0.0,Não Jogou,False
592,https://s3.glbimg.com/v1/AUTH_58d78b787ec34892b5aaa0c7a146155f/clubes_2025/silhuetas/INT/FORMATO.png,INT,0.0,28,False,0.0,kauan,Kauan,1,Kauan Jesus Santos Oliveira,Kauan,124264,285,6,1.0,0.0,0,,,,,,,,,,,,,,,,,,,,,Goleiro,0,0.0,Não Jogou,False
593,https://s3.glbimg.com/v1/AUTH_58d78b787ec34892b5aaa0c7a146155f/clubes_2025/silhuetas/INT/FORMATO.png,INT,0.0,28,False,0.0,allex,Allex,4,Allex Rodrigues Pereira da Silva,Allex,124270,285,6,1.0,0.0,0,,,,,,,,,,,,,,,,,,,,,Meia,0,0.0,Não Jogou,False
594,https://s3.glbimg.com/v1/AUTH_58d78b787ec34892b5aaa0c7a146155f/clubes_2025/silhuetas/INT/FORMATO.png,INT,0.0,28,False,0.0,gustavo-prado,G. Prado,4,Gustavo Prado Alves,Gustavo Prado,124271,285,6,4.3,2.61,13,,,,2.0,7.0,5.0,6.0,8.0,11.0,,1.0,1.0,,,,,,,,,Meia,0,0.0,Não Jogou,False
595,https://s3.glbimg.com/v1/AUTH_58d78b787ec34892b5aaa0c7a146155f/clubes_2025/silhuetas/INT/FORMATO.png,INT,-0.13,28,True,-0.4,ricardo-mathias,R. Mathias,5,Ricardo Mathias da Silva,Ricardo Mathias,124280,285,6,4.78,2.56,15,,,,1.0,2.0,14.0,4.0,5.0,10.0,1.0,3.0,2.0,,,,,,,,,Atacante,312,6.97,Ruim,False
596,https://s3.glbimg.com/v1/AUTH_58d78b787ec34892b5aaa0c7a146155f/clubes_2025/silhuetas/CRU/FORMATO.png,CRU,0.12,28,True,2.4,leo-aragao,L. Aragão,1,Leonardo de Aragão Carvalho,Léo Aragão,124369,283,7,4.4,4.35,2,4.0,1.0,,1.0,,,,,1.0,,,,,1.0,,,,,,,Goleiro,161,52.08,Regular,False
597,https://s3.glbimg.com/v1/AUTH_58d78b787ec34892b5aaa0c7a146155f/clubes_2025/silhuetas/BOT/FORMATO.png,BOT,0.52,28,True,4.7,mateo-ponte,M. Ponte,2,Mateo Ponte Costa,Mateo Ponte,124481,263,6,6.71,3.05,16,,,,2.0,10.0,11.0,,6.0,3.0,,1.0,2.0,,5.0,,,,,,,Lateral,87,73.44,Regular,False
598,https://s3.glbimg.com/v1/AUTH_58d78b787ec34892b5aaa0c7a146155f/clubes_2025/silhuetas/PAL/FORMATO.png,PAL,0.0,28,True,1.6,giay,Giay,2,Agustín Giay,Giay,124526,275,7,8.65,5.16,22,,,,1.0,41.0,26.0,,3.0,27.0,,,1.0,,9.0,,,,,,,Lateral,195,42.28,Regular,False
599,https://s3.glbimg.com/v1/AUTH_58d78b787ec34892b5aaa0c7a146155f/clubes_2025/silhuetas/CAM/FORMATO.png,CAM,0.04,28,True,0.9,ivan-roman,I. Román,3,Ivan Ramiro Román Hurtado,Iván Román,124661,282,6,3.62,2.77,7,,,,3.0,9.0,7.0,1.0,1.0,8.0,,,,,1.0,,,,,,,Zagueiro,232,30.86,Regular,False
600,https://s3.glbimg.com/v1/AUTH_58d78b787ec34892b5aaa0c7a146155f/clubes_2025/silhuetas/SAO/FORMATO.png,SAO,0.0,28,False,0.0,felipe-negrucci,F. Negrucci,4,Felipe Negrucci Berdague,Felipe Negrucci,124674,276,6,2.22,0.95,2,,,,,1.0,3.0,,1.0,1.0,,,,,,,,,,,,Meia,0,0.0,Não Jogou,False
601,https://s3.glbimg.com/v1/AUTH_58d78b787ec34892b5aaa0c7a146155f/clubes_2025/silhuetas/SAO/FORMATO.png,SAO,0.0,28,False,0.0,leandro,Leandro,1,Leandro Mathias Silva Bueno,Leandro,124701,276,6,2.0,0.0,0,,,,,,,,,,,,,,,,,,,,,Goleiro,0,0.0,Não Jogou,False
602,https://s3.glbimg.com/v1/AUTH_58d78b787ec34892b5aaa0c7a146155f/clubes_2025/silhuetas/BOT/FORMATO.png,BOT,0.0,28,False,0.0,nathan-fernandes,N. Fernandes,5,Nathan Ribeiro Fernandes,Nathan Fernandes,124757,263,5,5.19,3.14,9,,,2.0,,3.0,3.0,3.0,1.0,5.0,,1.0,2.0,,,,,,,,,Atacante,0,0.0,Não Jogou,False
603,https://s3.glbimg.com/v1/AUTH_58d78b787ec34892b5aaa0c7a146155f/clubes_2025/silhuetas/CRU/FORMATO.png,CRU,-0.08,28,True,-0.1,jonathan-jesus,J. Jesus,3,Jonathan de Jesus Alves,Jonathan Jesus,124912,283,6,4.08,2.39,10,,,,,10.0,13.0,,,2.0,,,1.0,,3.0,,1.0,,,,,Zagueiro,298,11.72,Ruim,False
604,https://s3.glbimg.com/v1/AUTH_58d78b787ec34892b5aaa0c7a146155f/clubes_2025/silhuetas/GRE/FORMATO.png,GRE,0.0,28,False,0.0,viery,Viery,3,Viery Fernandes Santos Lopes,Viery,125467,284,6,2.86,2.35,2,,,,,,1.0,,,,,,,,1.0,,,,,,,Zagueiro,0,0.0,Não Jogou,False
605,https://s3.glbimg.com/v1/AUTH_58d78b787ec34892b5aaa0c7a146155f/clubes_2025/silhuetas/CAM/FORMATO.png,CAM,0.0,28,False,0.0,alisson,Alisson,4,Alisson Santana Lopes da Fonseca,Alisson,125469,282,6,4.0,0.0,0,,,,,,,,,,,,,,,,,,,,,Meia,0,0.0,Não Jogou,False
606,https://s3.glbimg.com/v1/AUTH_58d78b787ec34892b5aaa0c7a146155f/clubes_2025/silhuetas/COR/FORMATO.png,COR,-0.91,28,True,-0.3,joao-pedro,J. Pedro,3,João Pedro de Sousa Rodrigues,João Pedro,125488,264,7,4.66,3.15,8,,,1.0,4.0,8.0,12.0,,1.0,,,,,,3.0,,,,,,,Zagueiro,301,9.5,Ruim,False
607,https://s3.glbimg.com/v1/AUTH_58d78b787ec34892b5aaa0c7a146155f/clubes_2025/silhuetas/RBB/FORMATO.png,RBB,0.0,28,False,0.0,marcelinho,Marcelinho,4,Marcelo Braz da Silva,Marcelinho,126120,280,6,2.0,0.0,0,,,,,,,,,,,,,,,,,,,,,Meia,0,0.0,Não Jogou,False
608,https://s3.glbimg.com/v1/AUTH_58d78b787ec34892b5aaa0c7a146155f/clubes_2025/silhuetas/VAS/FORMATO.png,VAS,0.0,28,False,0.0,paulinho,Paulinho,4,Paulo Lucas Santos de Paula,Paulinho,126182,267,5,3.95,0.53,8,,,,1.0,4.0,11.0,,,5.0,,,,,,,,,,,,Meia,0,0.0,Não Jogou,False
609,https://s3.glbimg.com/v1/AUTH_58d78b787ec34892b5aaa0c7a146155f/clubes_2025/silhuetas/SPT/FORMATO.png,SPT,-1.66,28,True,2.3,derik-lacerda,D. Lacerda,5,Derik Gean Severino Lacerda,Derik Lacerda,126216,292,7,8.38,6.2,12,,,,7.0,11.0,22.0,13.0,12.0,18.0,2.0,4.0,6.0,,,,,,,,,Atacante,165,51.04,Regular,False
610,https://s3.glbimg.com/v1/AUTH_58d78b787ec34892b5aaa0c7a146155f/clubes_2025/silhuetas/SAN/FORMATO.png,SAN,2.65,28,True,16.9,barreal,Barreal,4,Álvaro Martín Barreal,Barreal,126471,277,7,12.0,6.23,23,,,1.0,2.0,38.0,21.0,8.0,13.0,16.0,2.0,7.0,4.0,,,,,,,,,Meia,4,99.11,Excelente,True
611,https://s3.glbimg.com/v1/AUTH_58d78b787ec34892b5aaa0c7a146155f/clubes_2025/silhuetas/RBB/FORMATO.png,RBB,-0.62,28,True,2.7,fernando-seabra,F. Seabra,6,Fernando Seabra,Fernando Seabra,126977,280,7,8.83,5.31,28,,,,,,,,,,,,,,,10.0,,,,,,Técnico,150,55.19,Regular,False
612,https://s3.glbimg.com/v1/AUTH_58d78b787ec34892b5aaa0c7a146155f/clubes_2025/silhuetas/COR/FORMATO.png,COR,0.0,28,False,0.0,bahia,Bahia,4,Luiz Gustavo Lemos Carvalho,Bahia,127242,264,6,2.65,2.9,2,,,,,3.0,,,1.0,1.0,,,,,,,,,,,,Meia,0,0.0,Não Jogou,False
613,https://s3.glbimg.com/v1/AUTH_58d78b787ec34892b5aaa0c7a146155f/clubes_2025/silhuetas/FLU/FORMATO.png,FLU,0.0,28,False,0.0,julio-fidelis,J. Fidélis,2,Julio Cesar Lima Fidelis,Julio Fidélis,127932,266,6,7.17,7.6,3,,,1.0,,5.0,2.0,,3.0,7.0,,,,,1.0,,,,,,,Lateral,0,0.0,Não Jogou,False
614,https://s3.glbimg.com/v1/AUTH_58d78b787ec34892b5aaa0c7a146155f/clubes_2025/silhuetas/FLA/FORMATO.png,FLA,0.0,28,False,0.0,rayan-lucas,R. Lucas,4,Rayan Lucas Marques de Souza,Rayan Lucas,128590,262,6,2.0,0.0,0,,,,,,,,,,,,,,,,,,,,,Meia,0,0.0,Não Jogou,False
615,https://s3.glbimg.com/v1/AUTH_58d78b787ec34892b5aaa0c7a146155f/clubes_2025/silhuetas/VIT/FORMATO.png,VIT,0.0,28,False,0.0,felipe-cardoso,F. Cardoso,4,Felipe Cardoso,Felipe Cardoso,129317,287,6,2.21,0.97,3,,,,,1.0,1.0,1.0,,1.0,,,,,,,,,,,,Meia,0,0.0,Não Jogou,False
616,https://s3.glbimg.com/v1/AUTH_58d78b787ec34892b5aaa0c7a146155f/clubes_2025/silhuetas/BAH/FORMATO.png,BAH,-0.01,28,True,0.5,ruan-pablo,R. Pablo,5,Ruan Pablo Barbosa Sousa,Ruan Pablo,129663,265,6,1.34,0.85,2,,,,,,,1.0,,1.0,,,,,,,,,,,,Atacante,249,25.07,Regular,False
617,https://s3.glbimg.com/v1/AUTH_58d78b787ec34892b5aaa0c7a146155f/clubes_2025/silhuetas/VAS/FORMATO.png,VAS,0.0,28,False,0.0,pablo,Pablo,1,Pablo de Paula Cardoso,Pablo,129665,267,6,1.0,0.0,0,,,,,,,,,,,,,,,,,,,,,Goleiro,0,0.0,Não Jogou,False
618,https://s3.glbimg.com/v1/AUTH_58d78b787ec34892b5aaa0c7a146155f/clubes_2025/silhuetas/VAS/FORMATO.png,VAS,0.0,28,False,0.0,jp,JP,4,João Pedro Murilo de Paula Morais,JP,129666,267,6,2.0,0.0,0,,,,,,,,,,,,,,,,,,,,,Meia,0,0.0,Não Jogou,False
619,https://s3.glbimg.com/v1/AUTH_58d78b787ec34892b5aaa0c7a146155f/clubes_2025/silhuetas/BOT/FORMATO.png,BOT,0.0,28,False,0.0,cristhian-loor,C. Loor,1,Cristhian Joel Loor Santamaría - Christian,Cristhian Loor,129930,263,6,2.0,0.0,0,,,,,,,,,,,,,,,,,,,,,Goleiro,0,0.0,Não Jogou,False
620,https://s3.glbimg.com/v1/AUTH_58d78b787ec34892b5aaa0c7a146155f/clubes_2025/silhuetas/GRE/FORMATO.png,GRE,0.16,28,True,3.5,noriega,Noriega,4,Erick Carlos Noriega Loret de Mola,Noriega,130048,284,7,4.93,2.2,7,,,,,9.0,5.0,,3.0,6.0,,,,,,,,,,2.0,,Meia,123,63.06,Regular,False
621,https://s3.glbimg.com/v1/AUTH_58d78b787ec34892b5aaa0c7a146155f/clubes_2025/silhuetas/FLA/FORMATO.png,FLA,0.0,28,False,0.0,leo-nannetti,L. Nannetti,1,Leonardo Nannetti Lopes,Léo Nannetti,130189,262,6,1.0,0.0,0,,,,,,,,,,,,,,,,,,,,,Goleiro,0,0.0,Não Jogou,False
622,https://s3.glbimg.com/v1/AUTH_58d78b787ec34892b5aaa0c7a146155f/clubes_2025/silhuetas/FLA/FORMATO.png,FLA,0.0,28,False,0.0,carbone,Carbone,2,João Victor Schlickmann Carbone,Carbone,130190,262,6,2.0,0.0,0,,,,,,,,,,,,,,,,,,,,,Lateral,0,0.0,Não Jogou,False
623,https://s3.glbimg.com/v1/AUTH_58d78b787ec34892b5aaa0c7a146155f/clubes_2025/silhuetas/VAS/FORMATO.png,VAS,0.0,28,False,0.0,euder,Euder,4,Euder Galdino da Silva,Euder,130252,267,6,1.0,0.0,0,,,,,,,,,,,,,,,,,,,,,Meia,0,0.0,Não Jogou,False
624,https://s3.glbimg.com/v1/AUTH_58d78b787ec34892b5aaa0c7a146155f/clubes_2025/silhuetas/VAS/FORMATO.png,VAS,0.0,28,False,0.0,leandrinho,Leandrinho,2,Leandro Viana da Silva Gama,Leandrinho,130254,267,6,2.0,0.0,0,,,,,,,,,,,,,,,,,,,,,Lateral,0,0.0,Não Jogou,False
625,https://s3.glbimg.com/v1/AUTH_58d78b787ec34892b5aaa0c7a146155f/clubes_2025/silhuetas/VAS/FORMATO.png,VAS,0.0,28,False,0.0,guilherme-estrella,G. Estrella,4,Guilherme Estrella de Paiva,Guilherme Estrella,130255,267,6,3.0,0.0,0,,,,,,,,,,,,,,,,,,,,,Meia,0,0.0,Não Jogou,False
626,https://s3.glbimg.com/v1/AUTH_58d78b787ec34892b5aaa0c7a146155f/clubes_2025/silhuetas/VAS/FORMATO.png,VAS,0.0,28,False,0.0,lukas-zuccarello,L. Zuccarello,4,Lukas Rocha Zuccarello,Lukas Zuccarello,130279,267,6,1.9,0.6,2,,,,,1.0,1.0,,,,,,,,,,,,,,,Meia,0,0.0,Não Jogou,False
627,https://s3.glbimg.com/v1/AUTH_58d78b787ec34892b5aaa0c7a146155f/clubes_2025/silhuetas/VAS/FORMATO.png,VAS,0.0,28,False,0.0,phillipe-gabriel,P. Gabriel,1,Phillipe Gabriel Pires de Oliveira,Phillipe Gabriel,130280,267,6,1.0,0.0,0,,,,,,,,,,,,,,,,,,,,,Goleiro,0,0.0,Não Jogou,False
628,https://s3.glbimg.com/v1/AUTH_58d78b787ec34892b5aaa0c7a146155f/clubes_2025/silhuetas/BOT/FORMATO.png,BOT,0.0,28,False,0.0,rhyan,Rhyan,1,Rhyan Luca Carvalho de Arruda,Rhyan,130305,263,6,1.0,0.0,0,,,,,,,,,,,,,,,,,,,,,Goleiro,0,0.0,Não Jogou,False
629,https://s3.glbimg.com/v1/AUTH_58d78b787ec34892b5aaa0c7a146155f/clubes_2025/silhuetas/JUV/FORMATO.png,JUV,0.0,28,False,0.0,rafael-pinna,R. Pinna,5,Rafael Oliveira Pinna,Rafael Pinna,130316,286,6,1.0,0.0,0,,,,,,,,,,,,,,,,,,,,,Atacante,0,0.0,Não Jogou,False
630,https://s3.glbimg.com/v1/AUTH_58d78b787ec34892b5aaa0c7a146155f/clubes_2025/silhuetas/VIT/FORMATO.png,VIT,0.0,28,False,0.0,maykon,Maykon,2,Maykon Kesley de Jesus Ramalho,Maykon,130319,287,6,4.92,3.66,8,,,,1.0,9.0,16.0,1.0,3.0,6.0,,,,,3.0,,,,,,,Lateral,0,0.0,Não Jogou,False
631,https://s3.glbimg.com/v1/AUTH_58d78b787ec34892b5aaa0c7a146155f/clubes_2025/silhuetas/FLA/FORMATO.png,FLA,0.0,28,False,0.0,guilherme-gomes,G. Gomes,4,Guilherme Henrique Bernardineli Gomes,Guilherme Gomes,130382,262,6,2.0,0.0,0,,,,,,,,,,,,,,,,,,,,,Meia,0,0.0,Não Jogou,False
632,https://s3.glbimg.com/v1/AUTH_58d78b787ec34892b5aaa0c7a146155f/clubes_2025/silhuetas/MIR/FORMATO.png,MIR,0.0,28,False,0.0,maceio,Maceió,5,Everton Leandro de Oliveira Santos,Maceió,130386,2305,6,2.81,0.78,6,,,,1.0,1.0,2.0,1.0,4.0,3.0,,,1.0,,,,,,,1.0,,Atacante,0,0.0,Não Jogou,False
633,https://s3.glbimg.com/v1/AUTH_58d78b787ec34892b5aaa0c7a146155f/clubes_2025/silhuetas/BAH/FORMATO.png,BAH,0.0,28,False,0.0,luiz-gustavo,L. Gustavo,3,Luiz Gustavo Marinho Ribeiro dos Santos,Luiz Gustavo,130393,265,6,1.8,1.56,5,,,,3.0,4.0,4.0,,,2.0,,,,,1.0,,,,,,,Zagueiro,0,0.0,Não Jogou,False
634,https://s3.glbimg.com/v1/AUTH_58d78b787ec34892b5aaa0c7a146155f/clubes_2025/silhuetas/JUV/FORMATO.png,JUV,0.0,28,False,0.0,marlon,Marlon,5,Marlon Santos Teodoro,Marlon,130507,286,6,1.11,0.5,1,,,,,,1.0,,1.0,,,,,,,,,,,,,Atacante,0,0.0,Não Jogou,False
635,https://s3.glbimg.com/v1/AUTH_58d78b787ec34892b5aaa0c7a146155f/clubes_2025/silhuetas/PAL/FORMATO.png,PAL,0.0,28,False,0.0,riquelme-fillipi,R. Fillipi,5,Riquelme Fillipi Marinho de Souza,Riquelme Fillipi,130608,275,6,0.92,0.0,1,,,,,,,,,,,,,,,,,,,,,Atacante,0,0.0,Não Jogou,False
636,https://s3.glbimg.com/v1/AUTH_58d78b787ec34892b5aaa0c7a146155f/clubes_2025/silhuetas/PAL/FORMATO.png,PAL,0.0,28,False,0.0,luighi,Luighi,5,Luighi Hanri Sousa Santos,Luighi,130612,275,6,2.95,1.05,6,,,,,4.0,5.0,,,4.0,,,2.0,,,,,,,,,Atacante,0,0.0,Não Jogou,False
637,https://s3.glbimg.com/v1/AUTH_58d78b787ec34892b5aaa0c7a146155f/clubes_2025/silhuetas/VIT/FORMATO.png,VIT,0.0,28,False,0.0,edenilson,Edenílson,4,Edenílson Santos Nascimento Filho,Edenílson,130620,287,6,1.0,0.0,0,,,,,,,,,,,,,,,,,,,,,Meia,0,0.0,Não Jogou,False
638,https://s3.glbimg.com/v1/AUTH_58d78b787ec34892b5aaa0c7a146155f/clubes_2025/silhuetas/FLU/FORMATO.png,FLU,0.0,28,False,0.0,bernal,Bernal,4,Facundo Bernal Cruz,Bernal,130650,266,6,3.77,2.36,14,,,,5.0,21.0,14.0,4.0,5.0,10.0,,,,,,,,,,,1.0,Meia,0,0.0,Não Jogou,False
639,https://s3.glbimg.com/v1/AUTH_58d78b787ec34892b5aaa0c7a146155f/clubes_2025/silhuetas/RBB/FORMATO.png,RBB,0.0,28,False,0.0,boateng,Boateng,3,Stanley Boateng Osei,Boateng,130711,280,6,1.0,0.0,0,,,,,,,,,,,,,,,,,,,,,Zagueiro,0,0.0,Não Jogou,False
640,https://s3.glbimg.com/v1/AUTH_58d78b787ec34892b5aaa0c7a146155f/clubes_2025/silhuetas/SAN/FORMATO.png,SAN,0.0,28,False,0.0,souza,Souza,2,João Victor de Souza Menezes,Souza,130811,277,6,7.32,4.36,14,,,2.0,2.0,25.0,14.0,2.0,5.0,9.0,,,1.0,,2.0,,,,,1.0,,Lateral,0,0.0,Não Jogou,False
641,https://s3.glbimg.com/v1/AUTH_58d78b787ec34892b5aaa0c7a146155f/clubes_2025/silhuetas/VIT/FORMATO.png,VIT,0.0,28,False,0.0,andrei,Andrei,3,Andrei Gabriel dos Santos Ferreira,Andrei,130869,287,6,1.0,0.0,0,,,,,,,,,,,,,,,,,,,,,Zagueiro,0,0.0,Não Jogou,False
642,https://s3.glbimg.com/v1/AUTH_58d78b787ec34892b5aaa0c7a146155f/clubes_2025/silhuetas/GRE/FORMATO.png,GRE,0.0,28,False,0.0,riquelme,Riquelme,4,Riquelme Freitas dos Santos,Riquelme,130889,284,6,2.62,1.86,9,,,,,6.0,2.0,1.0,2.0,11.0,,,,,,,,,,,,Meia,0,0.0,Não Jogou,False
643,https://s3.glbimg.com/v1/AUTH_58d78b787ec34892b5aaa0c7a146155f/clubes_2025/silhuetas/SAO/FORMATO.png,SAO,0.0,28,False,0.0,felipe-preis,F. Preis,1,Felipe Gabriel Preis,Felipe Preis,131116,276,6,1.0,0.0,0,,,,,,,,,,,,,,,,,,,,,Goleiro,0,0.0,Não Jogou,False
644,https://s3.glbimg.com/v1/AUTH_58d78b787ec34892b5aaa0c7a146155f/clubes_2025/silhuetas/GRE/FORMATO.png,GRE,0.0,28,False,0.0,jardiel,Jardiel,5,Jardiel Maciel Libertino da Silva,Jardiel,131455,284,6,0.84,0.17,3,,,,,,,,,1.0,,,,,,,,,,,,Atacante,0,0.0,Não Jogou,False
645,https://s3.glbimg.com/v1/AUTH_58d78b787ec34892b5aaa0c7a146155f/clubes_2025/silhuetas/SAN/FORMATO.png,SAN,0.0,28,False,0.0,hyan,Hyan,4,Hyan Carvalho Machado Silva,Hyan,131515,277,6,1.19,0.7,2,,,,,1.0,2.0,,,1.0,,,,,,,,,,,,Meia,0,0.0,Não Jogou,False
646,https://s3.glbimg.com/v1/AUTH_58d78b787ec34892b5aaa0c7a146155f/clubes_2025/silhuetas/SAN/FORMATO.png,SAN,0.0,28,False,0.0,jp-chermont,J. Chermont,2,João Pedro Chermont Crema,JP Chermont,131516,277,6,6.05,4.28,5,,,,3.0,14.0,9.0,,1.0,1.0,,,2.0,,1.0,,,,,,,Lateral,0,0.0,Não Jogou,False
647,https://s3.glbimg.com/v1/AUTH_58d78b787ec34892b5aaa0c7a146155f/clubes_2025/silhuetas/SAO/FORMATO.png,SAO,0.0,28,False,0.0,andre-silva,A. Silva,5,André Oliveira e Silva,André Silva,131617,276,5,6.73,4.32,19,,,2.0,5.0,11.0,20.0,5.0,10.0,20.0,1.0,5.0,5.0,,,,,,,,,Atacante,0,0.0,Não Jogou,False
648,https://s3.glbimg.com/v1/AUTH_58d78b787ec34892b5aaa0c7a146155f/clubes_2025/silhuetas/COR/FORMATO.png,COR,-0.24,28,True,-0.4,felipe-longo,F. Longo,1,Felipe Longo Fernandes da Silva,Felipe Longo,131753,264,6,0.76,-0.4,1,2.0,3.0,,,,,,,,,,,,,,,,,,,Goleiro,312,6.97,Ruim,False
649,https://s3.glbimg.com/v1/AUTH_58d78b787ec34892b5aaa0c7a146155f/clubes_2025/silhuetas/SAO/FORMATO.png,SAO,0.0,28,False,0.0,isac,Isac,3,Isac Silvestre da Silva,Isac,131762,276,6,1.0,0.0,0,,,,,,,,,,,,,,,,,,,,,Zagueiro,0,0.0,Não Jogou,False
650,https://s3.glbimg.com/v1/AUTH_58d78b787ec34892b5aaa0c7a146155f/clubes_2025/silhuetas/RBB/FORMATO.png,RBB,0.0,28,False,0.0,kevyn,Kevyn,3,Kevyn Henrique Monteiro de Souza,Kevyn,131765,280,6,1.0,0.0,0,,,,,,,,,,,,,,,,,,,,,Zagueiro,0,0.0,Não Jogou,False
651,https://s3.glbimg.com/v1/AUTH_58d78b787ec34892b5aaa0c7a146155f/clubes_2025/silhuetas/FLU/FORMATO.png,FLU,-0.61,28,True,2.7,serna,Serna,5,Kevin Steven Serna Jaramillo,Serna,132071,266,7,6.64,4.23,22,,,3.0,3.0,20.0,12.0,5.0,5.0,23.0,,4.0,3.0,1.0,,,,,,,,Atacante,150,55.19,Regular,False
652,https://s3.glbimg.com/v1/AUTH_58d78b787ec34892b5aaa0c7a146155f/clubes_2025/silhuetas/CRU/FORMATO.png,CRU,-1.02,28,True,0.0,arroyo,Arroyo,5,Keny Alexander Arroyo Alvarado,Arroyo,132264,283,2,4.85,1.75,4,,,,1.0,1.0,1.0,2.0,3.0,4.0,,,,,,,,,,,,Atacante,273,15.73,Regular,False
653,https://s3.glbimg.com/v1/AUTH_58d78b787ec34892b5aaa0c7a146155f/clubes_2025/silhuetas/MIR/FORMATO.png,MIR,-0.47,28,True,0.1,jemmes,Jemmes,3,Jemmes Bruno Ribeiro da Silva,Jemmes,132553,2305,7,5.3,4.57,26,,,,2.0,50.0,27.0,1.0,8.0,7.0,,1.0,1.0,,7.0,,,,,,,Zagueiro,270,19.88,Regular,False
654,https://s3.glbimg.com/v1/AUTH_58d78b787ec34892b5aaa0c7a146155f/clubes_2025/silhuetas/VIT/FORMATO.png,VIT,0.0,28,False,0.0,davi-barbosa,D. Barbosa,1,Davi Barbosa da Silva Novaes,Davi Barbosa,132560,287,6,1.0,0.0,0,,,,,,,,,,,,,,,,,,,,,Goleiro,0,0.0,Não Jogou,False
655,https://s3.glbimg.com/v1/AUTH_58d78b787ec34892b5aaa0c7a146155f/clubes_2025/silhuetas/RBB/FORMATO.png,RBB,0.0,28,False,0.0,vinicinho,Vinicinho,5,Vinicius Mendonça Pereira,Vinicinho,132580,280,6,5.82,3.01,21,,,2.0,2.0,20.0,16.0,6.0,6.0,35.0,,,4.0,1.0,,,,,,,,Atacante,0,0.0,Não Jogou,False
656,https://s3.glbimg.com/v1/AUTH_58d78b787ec34892b5aaa0c7a146155f/clubes_2025/silhuetas/COR/FORMATO.png,COR,-0.19,28,True,0.1,gui-negao,G. Negão,5,Guilherme William Silva Inácio,Gui Negão,133543,264,6,3.73,3.46,13,,,1.0,3.0,10.0,26.0,,2.0,21.0,,3.0,3.0,,,,,,,,,Atacante,270,19.88,Regular,False
657,https://s3.glbimg.com/v1/AUTH_58d78b787ec34892b5aaa0c7a146155f/clubes_2025/silhuetas/SAO/FORMATO.png,SAO,0.0,28,False,0.0,igao,Igão,3,Igor Odoni Gomes,Igão,133623,276,6,2.0,0.0,0,,,,,,,,,,,,,,,,,,,,,Zagueiro,0,0.0,Não Jogou,False
658,https://s3.glbimg.com/v1/AUTH_58d78b787ec34892b5aaa0c7a146155f/clubes_2025/silhuetas/GRE/FORMATO.png,GRE,-0.18,28,True,0.0,alysson,Alysson,5,Alysson Edward Franco da Rocha dos Santos,Alysson,133669,284,6,5.37,4.29,20,,,1.0,2.0,31.0,15.0,5.0,7.0,37.0,1.0,1.0,3.0,,,,,,,,,Atacante,273,15.73,Regular,False
659,https://s3.glbimg.com/v1/AUTH_58d78b787ec34892b5aaa0c7a146155f/clubes_2025/silhuetas/RBB/FORMATO.png,RBB,0.0,28,False,0.0,gustavo-reis,G. Reis,1,Gustavo Reis de Alcântara,Gustavo Reis,133671,280,6,1.0,0.0,0,,,,,,,,,,,,,,,,,,,,,Goleiro,0,0.0,Não Jogou,False
660,https://s3.glbimg.com/v1/AUTH_58d78b787ec34892b5aaa0c7a146155f/clubes_2025/silhuetas/SAN/FORMATO.png,SAN,0.0,28,False,0.0,mateus-xavier,M. Xavier,4,Mateus Xavier de Sousa,Mateus Xavier,133673,277,6,1.0,0.5,3,,,,,1.0,,,,,,,,,,,,,,,,Meia,0,0.0,Não Jogou,False
661,https://s3.glbimg.com/v1/AUTH_58d78b787ec34892b5aaa0c7a146155f/clubes_2025/silhuetas/PAL/FORMATO.png,PAL,0.0,28,False,0.0,benedetti,Benedetti,3,Luiz Gustavo Roncholeta Benedetti,Benedetti,133679,275,6,2.61,1.6,2,,,,,2.0,2.0,,1.0,,,,,,,,,,,,,Zagueiro,0,0.0,Não Jogou,False
662,https://s3.glbimg.com/v1/AUTH_58d78b787ec34892b5aaa0c7a146155f/clubes_2025/silhuetas/FLU/FORMATO.png,FLU,0.0,28,False,0.0,wallace-davi,W. Davi,4,Wallace Davi Nunes da Silva Dias,Wallace Davi,133696,266,6,2.0,0.0,0,,,,,,,,,,,,,,,,,,,,,Meia,0,0.0,Não Jogou,False
663,https://s3.glbimg.com/v1/AUTH_58d78b787ec34892b5aaa0c7a146155f/clubes_2025/silhuetas/INT/FORMATO.png,INT,0.0,28,False,0.0,yago-noal,Y. Noal,4,Yago Eduardo Noal Lopes,Yago Noal,134246,285,6,1.14,0.6,2,,,,,1.0,1.0,,,,,,,,,,,,,,,Meia,0,0.0,Não Jogou,False
664,https://s3.glbimg.com/v1/AUTH_58d78b787ec34892b5aaa0c7a146155f/clubes_2025/silhuetas/PAL/FORMATO.png,PAL,0.0,28,False,0.0,larson,Larson,4,Larson Torna Ferreira dos Santos,Larson,136156,275,6,1.0,0.0,0,,,,,,,,,,,,,,,,,,,,,Meia,0,0.0,Não Jogou,False
665,https://s3.glbimg.com/v1/AUTH_58d78b787ec34892b5aaa0c7a146155f/clubes_2025/silhuetas/INT/FORMATO.png,INT,0.0,28,False,0.0,luis-otavio,L. Otávio,4,Luis Otávio Costa de Aquino,Luis Otávio,136306,285,6,3.53,2.04,14,,,,,14.0,5.0,2.0,1.0,12.0,,,1.0,,,,,,,,,Meia,0,0.0,Não Jogou,False
666,https://s3.glbimg.com/v1/AUTH_58d78b787ec34892b5aaa0c7a146155f/clubes_2025/silhuetas/BAH/FORMATO.png,BAH,0.22,28,True,0.9,sanabria,Sanabria,5,Mateo Naín Sanabria Doracio,Sanabria,136955,265,7,4.86,1.85,6,,,,,3.0,5.0,1.0,2.0,17.0,,,2.0,,,,1.0,,,,,Atacante,232,30.86,Regular,False
667,https://s3.glbimg.com/v1/AUTH_58d78b787ec34892b5aaa0c7a146155f/clubes_2025/silhuetas/SPT/FORMATO.png,SPT,0.0,28,False,0.0,micael,Micael,5,Micael de Barros Viturino,Micael,137375,292,6,1.0,0.0,0,,,,,,,,,,,,,,,,,,,,,Atacante,0,0.0,Não Jogou,False
668,https://s3.glbimg.com/v1/AUTH_58d78b787ec34892b5aaa0c7a146155f/clubes_2025/silhuetas/CRU/FORMATO.png,CRU,0.0,28,False,0.0,kaique-kenji,K. Kenji,5,Kaique Kenji Takamura Correa,Kaique Kenji,137542,283,6,1.09,0.5,2,,,,,,,,,2.0,,,,,,,,,,,,Atacante,0,0.0,Não Jogou,False
669,https://s3.glbimg.com/v1/AUTH_58d78b787ec34892b5aaa0c7a146155f/clubes_2025/silhuetas/INT/FORMATO.png,INT,-0.31,28,True,-0.3,clayton-sampaio,C. Sampaio,3,Clayton Sampaio Pereira,Clayton Sampaio,137618,285,6,3.74,2.47,7,,,,2.0,7.0,8.0,2.0,1.0,,1.0,,,,1.0,,,,,,,Zagueiro,301,9.5,Ruim,False
670,https://s3.glbimg.com/v1/AUTH_58d78b787ec34892b5aaa0c7a146155f/clubes_2025/silhuetas/RBB/FORMATO.png,RBB,0.0,28,False,0.0,palacios,Palacios,3,Sergio Stevan Palacios Zapata,Palacios,138021,280,6,1.7,1.3,2,,,,2.0,,3.0,,,1.0,,,,,1.0,,,,,,,Zagueiro,0,0.0,Não Jogou,False
671,https://s3.glbimg.com/v1/AUTH_58d78b787ec34892b5aaa0c7a146155f/clubes_2025/silhuetas/PAL/FORMATO.png,PAL,0.0,28,False,0.0,figueiredo,Figueiredo,4,Vitor dos Santos Figueiredo,Figueiredo,139001,275,5,2.0,0.0,0,,,,,,,,,,,,,,,,,,,,,Meia,0,0.0,Não Jogou,False
672,https://s3.glbimg.com/v1/AUTH_58d78b787ec34892b5aaa0c7a146155f/clubes_2025/silhuetas/FLA/FORMATO.png,FLA,1.07,28,True,9.05,filipe-luis,F. Luís,6,Filipe Luís Kasmirski,Filipe Luís,139076,262,7,13.19,7.15,27,,,,,,,,,,,,,,,17.0,,,,,,Técnico,29,91.69,Bom,True
673,https://s3.glbimg.com/v1/AUTH_58d78b787ec34892b5aaa0c7a146155f/clubes_2025/silhuetas/INT/FORMATO.png,INT,0.0,28,False,0.0,pedro-kaua,P. Kauã,3,Pedro Kauã Rodrigues Machado,Pedro Kauã,139200,285,6,1.0,0.0,0,,,,,,,,,,,,,,,,,,,,,Zagueiro,0,0.0,Não Jogou,False
674,https://s3.glbimg.com/v1/AUTH_58d78b787ec34892b5aaa0c7a146155f/clubes_2025/silhuetas/CRU/FORMATO.png,CRU,0.0,28,False,0.0,kaua-prates,K. Prates,2,Kauã Prates de Almeida,Kauã Prates,139345,283,7,3.43,3.17,4,,,,1.0,3.0,4.0,,,1.0,,,1.0,,2.0,,,,,,,Lateral,0,0.0,Não Jogou,False
675,https://s3.glbimg.com/v1/AUTH_58d78b787ec34892b5aaa0c7a146155f/clubes_2025/silhuetas/CAM/FORMATO.png,CAM,0.0,28,False,0.0,caio-maia,C. Maia,5,Caio da Silva Maia,Caio Maia,139455,282,5,2.0,0.0,0,,,,,,,,,,,,,,,,,,,,,Atacante,0,0.0,Não Jogou,False
676,https://s3.glbimg.com/v1/AUTH_58d78b787ec34892b5aaa0c7a146155f/clubes_2025/silhuetas/CAM/FORMATO.png,CAM,0.0,28,False,0.0,joao-marcelo,J. Marcelo,5,João Marcelo Soares de Freitas,João Marcelo,140364,282,6,3.46,1.51,7,,,1.0,,1.0,3.0,3.0,2.0,,,,2.0,,,,,,,,,Atacante,0,0.0,Não Jogou,False
677,https://s3.glbimg.com/v1/AUTH_58d78b787ec34892b5aaa0c7a146155f/clubes_2025/silhuetas/FLU/FORMATO.png,FLU,-0.65,28,True,0.5,riquelme-felipe,R. Felipe,5,Riquelme Felipe Silva de Almeida,Riquelme Felipe,140484,266,6,3.43,1.0,5,,,,,2.0,1.0,,1.0,3.0,,,,,,,,,,,,Atacante,249,25.07,Regular,False
678,https://s3.glbimg.com/v1/AUTH_58d78b787ec34892b5aaa0c7a146155f/clubes_2025/silhuetas/FLA/FORMATO.png,FLA,0.0,28,False,0.0,joao-victor,J. Victor,3,João Victor de Souza Cunha,João Victor,140492,262,6,2.0,0.0,0,,,,,,,,,,,,,,,,,,,,,Zagueiro,0,0.0,Não Jogou,False
679,https://s3.glbimg.com/v1/AUTH_58d78b787ec34892b5aaa0c7a146155f/clubes_2025/silhuetas/FLA/FORMATO.png,FLA,0.0,28,False,0.0,joao-alves,J. Alves,4,João Victor Alves Ferreira,João Alves,140494,262,6,1.0,0.0,0,,,,,,,,,,,,,,,,,,,,,Meia,0,0.0,Não Jogou,False
680,https://s3.glbimg.com/v1/AUTH_58d78b787ec34892b5aaa0c7a146155f/clubes_2025/silhuetas/SAO/FORMATO.png,SAO,0.0,28,False,0.0,ryan-francisco,R. Francisco,5,Ryan Francisco Rodrigues dos Santos Silva,Ryan Francisco,140542,276,5,3.62,2.69,7,,,,,,4.0,,2.0,5.0,,2.0,1.0,,,,,,,,,Atacante,0,0.0,Não Jogou,False
681,https://s3.glbimg.com/v1/AUTH_58d78b787ec34892b5aaa0c7a146155f/clubes_2025/silhuetas/BAH/FORMATO.png,BAH,0.0,28,False,0.0,david-martins,D. Martins,4,David Martins Almeida de Lira,David Martins,140726,265,6,1.0,0.0,0,,,,,,,,,,,,,,,,,,,,,Meia,0,0.0,Não Jogou,False
682,https://s3.glbimg.com/v1/AUTH_58d78b787ec34892b5aaa0c7a146155f/clubes_2025/silhuetas/RBB/FORMATO.png,RBB,0.0,28,False,0.0,davi-gomes,D. Gomes,5,Davi Gomes de Alvarenga,Davi Gomes,140906,280,6,2.93,3.3,4,,,,,1.0,2.0,1.0,2.0,3.0,,1.0,,,,,,,,,,Atacante,0,0.0,Não Jogou,False
683,https://s3.glbimg.com/v1/AUTH_58d78b787ec34892b5aaa0c7a146155f/clubes_2025/silhuetas/MIR/FORMATO.png,MIR,0.0,28,False,0.0,bruno-bertinato,B. Bertinato,1,Bruno Oliveira Bertinato,Bruno Bertinato,140908,2305,6,2.0,0.0,0,,,,,,,,,,,,,,,,,,,,,Goleiro,0,0.0,Não Jogou,False
684,https://s3.glbimg.com/v1/AUTH_58d78b787ec34892b5aaa0c7a146155f/clubes_2025/silhuetas/FLU/FORMATO.png,FLU,0.0,28,False,0.0,kaio-borges,K. Borges,2,Kaio Borges Correa,Kaio Borges,141039,266,6,1.0,0.0,0,,,,,,,,,,,,,,,,,,,,,Lateral,0,0.0,Não Jogou,False
685,https://s3.glbimg.com/v1/AUTH_58d78b787ec34892b5aaa0c7a146155f/clubes_2025/silhuetas/FLU/FORMATO.png,FLU,0.0,28,False,0.0,davi-schuindt,D. Schuindt,3,Davi Duarte Schuindt,Davi Schuindt,141040,266,6,1.24,0.7,2,,,,,,1.0,1.0,,1.0,,,,,,,,,,,,Zagueiro,0,0.0,Não Jogou,False
686,https://s3.glbimg.com/v1/AUTH_58d78b787ec34892b5aaa0c7a146155f/clubes_2025/silhuetas/BOT/FORMATO.png,BOT,0.0,28,False,0.0,kaua-branco,K. Branco,3,Kauã Oliveira Branco,Kauã Branco,141084,263,6,1.0,0.0,0,,,,,,,,,,,,,,,,,,,,,Zagueiro,0,0.0,Não Jogou,False
687,https://s3.glbimg.com/v1/AUTH_58d78b787ec34892b5aaa0c7a146155f/clubes_2025/silhuetas/CAM/FORMATO.png,CAM,0.0,28,False,0.0,robert,Robert,1,Robert Pinto Alves Assunção,Robert,141125,282,6,1.0,0.0,0,,,,,,,,,,,,,,,,,,,,,Goleiro,0,0.0,Não Jogou,False
688,https://s3.glbimg.com/v1/AUTH_58d78b787ec34892b5aaa0c7a146155f/clubes_2025/silhuetas/CAM/FORMATO.png,CAM,0.0,28,False,0.0,vitao,Vitão,3,Vitor Fernandes Chaves Teixeira,Vitão,141131,282,6,1.0,0.0,0,,,,,,,,,,,,,,,,,,,,,Zagueiro,0,0.0,Não Jogou,False
689,https://s3.glbimg.com/v1/AUTH_58d78b787ec34892b5aaa0c7a146155f/clubes_2025/silhuetas/CAM/FORMATO.png,CAM,0.0,28,False,0.0,ze-phelipe,Z. Phelipe,4,José Phelipe dos Santos Dutra,Zé Phelipe,141138,282,6,1.0,0.0,0,,,,,,,,,,,,,,,,,,,,,Meia,0,0.0,Não Jogou,False
690,https://s3.glbimg.com/v1/AUTH_58d78b787ec34892b5aaa0c7a146155f/clubes_2025/silhuetas/CAM/FORMATO.png,CAM,0.0,28,False,0.0,mateus-iseppe,M. Iseppe,4,Mateus José Iseppe,Mateus Iseppe,141139,282,6,2.53,2.0,1,,,,,1.0,,,,1.0,,,,,,,,,,,,Meia,0,0.0,Não Jogou,False
691,https://s3.glbimg.com/v1/AUTH_58d78b787ec34892b5aaa0c7a146155f/clubes_2025/silhuetas/SPT/FORMATO.png,SPT,0.0,28,False,0.0,davi,Davi,1,Davi Medeiros Serrano Lira,Davi,141145,292,6,2.0,0.0,0,,,,,,,,,,,,,,,,,,,,,Goleiro,0,0.0,Não Jogou,False
692,https://s3.glbimg.com/v1/AUTH_58d78b787ec34892b5aaa0c7a146155f/clubes_2025/silhuetas/SPT/FORMATO.png,SPT,0.0,28,False,0.0,rafinha,Rafinha,3,Rafael Lima da Silva,Rafinha,141150,292,6,1.0,0.0,0,,,,,,,,,,,,,,,,,,,,,Zagueiro,0,0.0,Não Jogou,False
693,https://s3.glbimg.com/v1/AUTH_58d78b787ec34892b5aaa0c7a146155f/clubes_2025/silhuetas/SPT/FORMATO.png,SPT,0.0,28,False,0.0,felipinho,Felipinho,2,Felipe Gabriel dos Santos Silva,Felipinho,141151,292,6,3.0,0.0,0,,,,,,,,,,,,,,,,,,,,,Lateral,0,0.0,Não Jogou,False
694,https://s3.glbimg.com/v1/AUTH_58d78b787ec34892b5aaa0c7a146155f/clubes_2025/silhuetas/SPT/FORMATO.png,SPT,0.0,28,False,0.0,riquelme,Riquelme,3,Riquelme Felipe da Silva de Oliveira,Riquelme,141153,292,6,1.0,0.0,0,,,,,,,,,,,,,,,,,,,,,Zagueiro,0,0.0,Não Jogou,False
695,https://s3.glbimg.com/v1/AUTH_58d78b787ec34892b5aaa0c7a146155f/clubes_2025/silhuetas/SPT/FORMATO.png,SPT,0.0,28,False,0.0,felype-gabriel,F. Gabriel,3,Felype Gabriel Alencar Carvalho,Felype Gabriel,141154,292,6,1.0,0.0,0,,,,,,,,,,,,,,,,,,,,,Zagueiro,0,0.0,Não Jogou,False
696,https://s3.glbimg.com/v1/AUTH_58d78b787ec34892b5aaa0c7a146155f/clubes_2025/silhuetas/SPT/FORMATO.png,SPT,0.0,28,False,0.0,adriel,Adriel,4,Adriel Gomes do Nascimento,Adriel,141156,292,6,1.0,0.0,0,,,,,,,,,,,,,,,,,,,,,Meia,0,0.0,Não Jogou,False
697,https://s3.glbimg.com/v1/AUTH_58d78b787ec34892b5aaa0c7a146155f/clubes_2025/silhuetas/SPT/FORMATO.png,SPT,0.0,28,False,0.0,breno,Breno,4,Breno José da Silva Santos,Breno,141158,292,6,2.0,0.0,0,,,,,,,,,,,,,,,,,,,,,Meia,0,0.0,Não Jogou,False
698,https://s3.glbimg.com/v1/AUTH_58d78b787ec34892b5aaa0c7a146155f/clubes_2025/silhuetas/SPT/FORMATO.png,SPT,-0.1,28,True,1.9,ze-lucas,Z. Lucas,4,José Lucas Gomes da Silva,Zé Lucas,141160,292,7,5.1,2.85,22,,,,4.0,35.0,29.0,4.0,8.0,24.0,,,2.0,,,,,,,,,Meia,185,44.96,Regular,False
699,https://s3.glbimg.com/v1/AUTH_58d78b787ec34892b5aaa0c7a146155f/clubes_2025/silhuetas/SPT/FORMATO.png,SPT,0.0,28,False,0.0,gago,Gago,4,Luiz Henrique Duarte Batista,Gago,141161,292,6,1.0,0.0,0,,,,,,,,,,,,,,,,,,,,,Meia,0,0.0,Não Jogou,False
700,https://s3.glbimg.com/v1/AUTH_58d78b787ec34892b5aaa0c7a146155f/clubes_2025/silhuetas/SPT/FORMATO.png,SPT,0.0,28,False,0.0,jefinho,Jefinho,4,Jefferson Borges do Nascimento,Jefinho,141162,292,6,1.99,2.8,1,,,,,1.0,,,1.0,1.0,,,,,,,,,,,,Meia,0,0.0,Não Jogou,False
701,https://s3.glbimg.com/v1/AUTH_58d78b787ec34892b5aaa0c7a146155f/clubes_2025/silhuetas/FOR/FORMATO.png,FOR,0.0,28,False,0.0,kayke-queiroz,K. Queiroz,5,Kayke Gouvêa Queiroz,Kayke Queiroz,141401,356,6,3.0,0.0,0,,,,,,,,,,,,,,,,,,,,,Atacante,0,0.0,Não Jogou,False
702,https://s3.glbimg.com/v1/AUTH_58d78b787ec34892b5aaa0c7a146155f/clubes_2025/silhuetas/VAS/FORMATO.png,VAS,0.0,28,False,0.0,avellar,Avellar,2,Riquelme Avellar da Silva Fortes,Avellar,141405,267,6,1.0,0.0,0,,,,,,,,,,,,,,,,,,,,,Lateral,0,0.0,Não Jogou,False
703,https://s3.glbimg.com/v1/AUTH_58d78b787ec34892b5aaa0c7a146155f/clubes_2025/silhuetas/BAH/FORMATO.png,BAH,0.0,28,False,0.0,fredi-lippert,F. Lippert,3,Frederico Lippert Neto Gomes,Fredi Lippert,141419,265,6,1.5,1.7,1,,,,,1.0,1.0,,,1.0,,,,,,,,,,,,Zagueiro,0,0.0,Não Jogou,False
704,https://s3.glbimg.com/v1/AUTH_58d78b787ec34892b5aaa0c7a146155f/clubes_2025/silhuetas/FLU/FORMATO.png,FLU,0.0,28,False,0.0,gustavo-cintra,G. Cintra,3,Gustavo Cintra Rocha,Gustavo Cintra,141433,266,6,1.0,0.0,0,,,,,,,,,,,,,,,,,,,,,Zagueiro,0,0.0,Não Jogou,False
705,https://s3.glbimg.com/v1/AUTH_58d78b787ec34892b5aaa0c7a146155f/clubes_2025/silhuetas/PAL/FORMATO.png,PAL,1.46,28,True,13.8,allan,Allan,4,Allan Andrade Elias,Allan,141451,275,6,6.4,3.27,18,,,2.0,,21.0,6.0,4.0,6.0,9.0,,1.0,,,,,1.0,,,,,Meia,7,98.22,Muito Bom,True
706,https://s3.glbimg.com/v1/AUTH_58d78b787ec34892b5aaa0c7a146155f/clubes_2025/silhuetas/SPT/FORMATO.png,SPT,0.0,28,False,0.0,atencio,Atencio,4,Rodrigo Uriel Atencio,Atencio,141453,292,6,3.05,0.8,15,,,,1.0,1.0,4.0,2.0,6.0,5.0,1.0,,,,,,,,,,,Meia,0,0.0,Não Jogou,False
707,https://s3.glbimg.com/v1/AUTH_58d78b787ec34892b5aaa0c7a146155f/clubes_2025/silhuetas/INT/FORMATO.png,INT,0.0,28,False,0.0,bernardo-jacob,B. Jacob,4,Bernardo Jacob Ferreira,Bernardo Jacob,141465,285,6,1.0,0.0,0,,,,,,,,,,,,,,,,,,,,,Meia,0,0.0,Não Jogou,False
708,https://s3.glbimg.com/v1/AUTH_58d78b787ec34892b5aaa0c7a146155f/clubes_2025/silhuetas/INT/FORMATO.png,INT,0.0,28,False,0.0,pablo,Pablo,2,Pablo Pereira da Costa,Pablo,141467,285,6,1.0,0.0,0,,,,,,,,,,,,,,,,,,,,,Lateral,0,0.0,Não Jogou,False
709,https://s3.glbimg.com/v1/AUTH_58d78b787ec34892b5aaa0c7a146155f/clubes_2025/silhuetas/FOR/FORMATO.png,FOR,0.0,28,False,0.0,lucca-prior,L. Prior,4,Lucca Prior Pimenta,Lucca Prior,141526,356,6,3.93,3.41,11,,,,1.0,10.0,12.0,2.0,3.0,13.0,,2.0,2.0,,,,,,,,,Meia,0,0.0,Não Jogou,False
710,https://s3.glbimg.com/v1/AUTH_58d78b787ec34892b5aaa0c7a146155f/clubes_2025/silhuetas/CAM/FORMATO.png,CAM,0.0,28,False,0.0,indio,Índio,4,Hendel dos Santos Nascimento,Índio,141551,282,6,1.0,0.0,0,,,,,,,,,,,,,,,,,,,,,Meia,0,0.0,Não Jogou,False
711,https://s3.glbimg.com/v1/AUTH_58d78b787ec34892b5aaa0c7a146155f/clubes_2025/silhuetas/GRE/FORMATO.png,GRE,0.0,28,False,0.0,gabriel-mec,G. Mec,5,Gabriel Ferreira de Carvalho,Gabriel Mec,141595,284,6,2.0,0.0,0,,,,,,,,,,,,,,,,,,,,,Atacante,0,0.0,Não Jogou,False
712,https://s3.glbimg.com/v1/AUTH_58d78b787ec34892b5aaa0c7a146155f/clubes_2025/silhuetas/SAO/FORMATO.png,SAO,0.0,28,False,0.0,lucca,Lucca,5,Lucca Marques Alencar,Lucca,141609,276,6,1.08,0.68,4,,,,,1.0,4.0,,,5.0,,,1.0,,,,,,,,,Atacante,0,0.0,Não Jogou,False
713,https://s3.glbimg.com/v1/AUTH_58d78b787ec34892b5aaa0c7a146155f/clubes_2025/silhuetas/SAO/FORMATO.png,SAO,0.0,28,False,0.0,joao-pedro,J. Pedro,1,João Pedro Pantiga Gomes,João Pedro,141610,276,6,1.0,0.0,0,,,,,,,,,,,,,,,,,,,,,Goleiro,0,0.0,Não Jogou,False
714,https://s3.glbimg.com/v1/AUTH_58d78b787ec34892b5aaa0c7a146155f/clubes_2025/silhuetas/SAO/FORMATO.png,SAO,0.0,28,False,0.0,maik,Maik,2,Maik Gomes Viegas,Maik,141611,276,6,6.35,9.1,2,,,,2.0,5.0,7.0,,1.0,2.0,,1.0,,,1.0,,,,,,,Lateral,0,0.0,Não Jogou,False
715,https://s3.glbimg.com/v1/AUTH_58d78b787ec34892b5aaa0c7a146155f/clubes_2025/silhuetas/SAO/FORMATO.png,SAO,0.0,28,False,0.0,paulinho,Paulinho,5,Paulo Sérgio Venuto Bezerra,Paulinho,141614,276,6,1.0,0.0,0,,,,,,,,,,,,,,,,,,,,,Atacante,0,0.0,Não Jogou,False
716,https://s3.glbimg.com/v1/AUTH_58d78b787ec34892b5aaa0c7a146155f/clubes_2025/silhuetas/SAO/FORMATO.png,SAO,0.0,28,False,0.0,pedro-ferreira,P. Ferreira,4,Pedro Henrique Ferreira da Silva,Pedro Ferreira,141615,276,6,1.0,0.0,0,,,,,,,,,,,,,,,,,,,,,Meia,0,0.0,Não Jogou,False
717,https://s3.glbimg.com/v1/AUTH_58d78b787ec34892b5aaa0c7a146155f/clubes_2025/silhuetas/FLA/FORMATO.png,FLA,0.0,28,False,0.0,pablo-lucio,P. Lúcio,4,Pablo Lúcio,Pablo Lúcio,141628,262,6,1.0,0.0,0,,,,,,,,,,,,,,,,,,,,,Meia,0,0.0,Não Jogou,False
718,https://s3.glbimg.com/v1/AUTH_58d78b787ec34892b5aaa0c7a146155f/clubes_2025/silhuetas/RBB/FORMATO.png,RBB,0.0,28,False,0.0,fernando-costa,F. Costa,1,Fernando Henrique Pires Costa,Fernando Costa,141643,280,6,1.0,0.0,0,,,,,,,,,,,,,,,,,,,,,Goleiro,0,0.0,Não Jogou,False
719,https://s3.glbimg.com/v1/AUTH_58d78b787ec34892b5aaa0c7a146155f/clubes_2025/silhuetas/BOT/FORMATO.png,BOT,0.0,28,False,0.0,zappelini,Zappelini,4,Cauã Zappelini Joaquim,Zappelini,141751,263,6,1.0,0.0,0,,,,,,,,,,,,,,,,,,,,,Meia,0,0.0,Não Jogou,False
720,https://s3.glbimg.com/v1/AUTH_58d78b787ec34892b5aaa0c7a146155f/clubes_2025/silhuetas/SAN/FORMATO.png,SAN,0.35,28,True,1.2,gabriel-bontempo,G. Bontempo,4,Gabriel Morais Silva Bontempo,Gabriel Bontempo,141754,277,7,5.67,3.08,19,,,1.0,1.0,25.0,11.0,,4.0,18.0,,1.0,,,,,,,,,,Meia,213,36.05,Regular,False
721,https://s3.glbimg.com/v1/AUTH_58d78b787ec34892b5aaa0c7a146155f/clubes_2025/silhuetas/CEA/FORMATO.png,CEA,-0.67,28,True,0.6,fabiano-souza,F. Souza,2,Fabiano Josué de Souza Silva,Fabiano Souza,141763,354,7,6.82,4.25,22,,,,5.0,29.0,34.0,1.0,5.0,30.0,,,,,9.0,,,,,,,Lateral,247,26.85,Regular,False
722,https://s3.glbimg.com/v1/AUTH_58d78b787ec34892b5aaa0c7a146155f/clubes_2025/silhuetas/RBB/FORMATO.png,RBB,0.0,28,False,0.0,athyrson,Athyrson,5,Athyrson Ferreira Prates,Athyrson,141771,280,6,1.0,0.0,0,,,,,,,,,,,,,,,,,,,,,Atacante,0,0.0,Não Jogou,False
723,https://s3.glbimg.com/v1/AUTH_58d78b787ec34892b5aaa0c7a146155f/clubes_2025/silhuetas/SAN/FORMATO.png,SAN,0.0,28,False,0.0,gustavo-henrique,G. Henrique,4,Gustavo Henrique Pereira,Gustavo Henrique,141776,277,6,1.0,0.0,0,,,,,,,,,,,,,,,,,,,,,Meia,0,0.0,Não Jogou,False
724,https://s3.glbimg.com/v1/AUTH_58d78b787ec34892b5aaa0c7a146155f/clubes_2025/silhuetas/VIT/FORMATO.png,VIT,0.0,28,False,0.0,kauan,Kauan,3,Kauan Santos Neves Coutinho,Kauan,141795,287,6,1.0,0.0,0,,,,,,,,,,,,,,,,,,,,,Zagueiro,0,0.0,Não Jogou,False
725,https://s3.glbimg.com/v1/AUTH_58d78b787ec34892b5aaa0c7a146155f/clubes_2025/silhuetas/CEA/FORMATO.png,CEA,0.0,28,False,0.0,guilherme,Guilherme,5,Guilherme Luiz Oliveira da Silva,Guilherme,141806,354,6,2.75,1.53,6,,,,1.0,5.0,6.0,1.0,1.0,5.0,,,,,,,,,,,,Atacante,0,0.0,Não Jogou,False
726,https://s3.glbimg.com/v1/AUTH_58d78b787ec34892b5aaa0c7a146155f/clubes_2025/silhuetas/SAN/FORMATO.png,SAN,0.0,28,False,0.0,vinicius-lira,V. Lira,2,Vinicius Rodrigues Lira,Vinicius Lira,141868,277,6,3.0,0.0,0,,,,,,,,,,,,,,,,,,,,,Lateral,0,0.0,Não Jogou,False
727,https://s3.glbimg.com/v1/AUTH_58d78b787ec34892b5aaa0c7a146155f/clubes_2025/silhuetas/COR/FORMATO.png,COR,0.0,28,False,0.0,jacare,Jacaré,2,João Vitor Barros Silva,Jacaré,141873,264,6,1.0,0.0,0,,,,,,,,,,,,,,,,,,,,,Lateral,0,0.0,Não Jogou,False
728,https://s3.glbimg.com/v1/AUTH_58d78b787ec34892b5aaa0c7a146155f/clubes_2025/silhuetas/SPT/FORMATO.png,SPT,0.0,28,False,0.0,dede,Dedé,4,Josenildo José dos Santos Neto,Dedé,141874,292,6,1.0,0.0,0,,,,,,,,,,,,,,,,,,,,,Meia,0,0.0,Não Jogou,False
729,https://s3.glbimg.com/v1/AUTH_58d78b787ec34892b5aaa0c7a146155f/clubes_2025/silhuetas/COR/FORMATO.png,COR,-0.16,28,True,0.5,dieguinho,Dieguinho,4,Diego da Cruz Lopes,Dieguinho,141995,264,6,1.66,1.16,7,,,,,3.0,1.0,,3.0,3.0,,,,,,,,,,,,Meia,249,25.07,Regular,False
730,https://s3.glbimg.com/v1/AUTH_58d78b787ec34892b5aaa0c7a146155f/clubes_2025/silhuetas/SPT/FORMATO.png,SPT,-0.04,28,True,0.0,joao-silva,J. Silva,3,João Pedro Eira Antunes da Silva,João Silva,141996,292,7,4.02,2.28,13,,,,1.0,9.0,11.0,2.0,2.0,3.0,,,1.0,,3.0,,,,,,,Zagueiro,273,15.73,Regular,False
731,https://s3.glbimg.com/v1/AUTH_58d78b787ec34892b5aaa0c7a146155f/clubes_2025/silhuetas/GRE/FORMATO.png,GRE,0.59,28,True,4.3,amuzu,Amuzu,5,Francis Amuzu,Amuzu,142004,284,7,5.35,3.1,14,,,1.0,2.0,4.0,6.0,5.0,10.0,13.0,,2.0,2.0,,,,,,,,,Atacante,102,70.03,Regular,False
732,https://s3.glbimg.com/v1/AUTH_58d78b787ec34892b5aaa0c7a146155f/clubes_2025/silhuetas/CEA/FORMATO.png,CEA,0.0,28,False,0.0,gabriel-silva,G. Silva,3,Gabriel Silva Rocha,Gabriel Silva,142047,354,6,1.0,0.0,0,,,,,,,,,,,,,,,,,,,,,Zagueiro,0,0.0,Não Jogou,False
733,https://s3.glbimg.com/v1/AUTH_58d78b787ec34892b5aaa0c7a146155f/clubes_2025/silhuetas/CRU/FORMATO.png,CRU,0.0,28,False,0.0,bruno-alves,B. Alves,3,Bruno Ferreira Alves,Bruno Alves,142049,283,6,1.0,0.0,0,,,,,,,,,,,,,,,,,,,,,Zagueiro,0,0.0,Não Jogou,False
734,https://s3.glbimg.com/v1/AUTH_58d78b787ec34892b5aaa0c7a146155f/clubes_2025/silhuetas/BOT/FORMATO.png,BOT,0.0,28,False,0.0,kauan-toledo,K. Toledo,5,Kauan Almeida Toledo,Kauan Toledo,142086,263,6,1.0,0.0,0,,,,,,,,,,,,,,,,,,,,,Atacante,0,0.0,Não Jogou,False
735,https://s3.glbimg.com/v1/AUTH_58d78b787ec34892b5aaa0c7a146155f/clubes_2025/silhuetas/CRU/FORMATO.png,CRU,0.0,28,False,0.0,marcelo-eraclito,M. Eráclito,1,Marcelo Eráclito de Souza Filho,Marcelo Eráclito,142130,283,6,1.0,0.0,0,,,,,,,,,,,,,,,,,,,,,Goleiro,0,0.0,Não Jogou,False
736,https://s3.glbimg.com/v1/AUTH_58d78b787ec34892b5aaa0c7a146155f/clubes_2025/silhuetas/GRE/FORMATO.png,GRE,0.0,28,False,0.0,luis-eduardo,L. Eduardo,3,Luis Eduardo Guedes de Souza,Luis Eduardo,142257,284,6,2.0,0.0,0,,,,,,,,,,,,,,,,,,,,,Zagueiro,0,0.0,Não Jogou,False
737,https://s3.glbimg.com/v1/AUTH_58d78b787ec34892b5aaa0c7a146155f/clubes_2025/silhuetas/GRE/FORMATO.png,GRE,0.0,28,False,0.0,jeferson,Jeferson,5,Jeferson Borges dos Santos,Jeferson,142261,284,6,1.0,0.0,0,,,,,,,,,,,,,,,,,,,,,Atacante,0,0.0,Não Jogou,False
738,https://s3.glbimg.com/v1/AUTH_58d78b787ec34892b5aaa0c7a146155f/clubes_2025/silhuetas/BAH/FORMATO.png,BAH,0.0,28,False,0.0,dell,Dell,5,Wendeson Wanderley Santos de Melo,Dell,142265,265,6,1.0,0.0,0,,,,,,,,,,,,,,,,,,,,,Atacante,0,0.0,Não Jogou,False
739,https://s3.glbimg.com/v1/AUTH_58d78b787ec34892b5aaa0c7a146155f/clubes_2025/silhuetas/JUV/FORMATO.png,JUV,0.0,28,False,0.0,ze-henrique,Z. Henrique,1,José Henrique Camargo,Zé Henrique,142268,286,6,1.0,0.0,0,,,,,,,,,,,,,,,,,,,,,Goleiro,0,0.0,Não Jogou,False
740,https://s3.glbimg.com/v1/AUTH_58d78b787ec34892b5aaa0c7a146155f/clubes_2025/silhuetas/VAS/FORMATO.png,VAS,-0.84,28,True,0.9,nuno-moreira,N. Moreira,5,Nuno Gonçalo Rocha Moreira,Nuno Moreira,142279,267,7,7.9,4.72,25,,,4.0,1.0,22.0,13.0,8.0,6.0,32.0,,5.0,6.0,,,,,,,,,Atacante,232,30.86,Regular,False
741,https://s3.glbimg.com/v1/AUTH_58d78b787ec34892b5aaa0c7a146155f/clubes_2025/silhuetas/VIT/FORMATO.png,VIT,0.0,28,False,0.0,wanderson-papaterra,W. Papaterra,4,Wanderson Papaterra Matos,Wanderson Papaterra,142445,287,6,2.0,0.0,0,,,,,,,,,,,,,,,,,,,,,Meia,0,0.0,Não Jogou,False
742,https://s3.glbimg.com/v1/AUTH_58d78b787ec34892b5aaa0c7a146155f/clubes_2025/silhuetas/BOT/FORMATO.png,BOT,0.0,28,False,0.0,barrera,Barrera,4,Jordan Andrés Barrera Herrera,Barrera,142484,263,6,4.79,0.5,1,,,,,,,,,1.0,,,,,,,,,,,,Meia,0,0.0,Não Jogou,False
743,https://s3.glbimg.com/v1/AUTH_58d78b787ec34892b5aaa0c7a146155f/clubes_2025/silhuetas/SAN/FORMATO.png,SAN,-0.26,28,True,0.5,robinho-jr,R. Jr.,5,Robson de Souza Júnior,Robinho Jr.,142867,277,6,2.17,1.22,6,,,,,3.0,1.0,,2.0,3.0,,,,,,,,,,,,Atacante,249,25.07,Regular,False
744,https://s3.glbimg.com/v1/AUTH_58d78b787ec34892b5aaa0c7a146155f/clubes_2025/silhuetas/BOT/FORMATO.png,BOT,0.0,28,False,0.0,montoro,Montoro,4,Álvaro Montoro,Montoro,142890,263,5,9.6,5.16,10,,,2.0,3.0,15.0,7.0,4.0,3.0,12.0,1.0,1.0,,,,,,,,,,Meia,0,0.0,Não Jogou,False
745,https://s3.glbimg.com/v1/AUTH_58d78b787ec34892b5aaa0c7a146155f/clubes_2025/silhuetas/FOR/FORMATO.png,FOR,0.0,28,False,0.0,salvador,Salvador,1,Eduardo Salvador Correia,Salvador,143040,356,6,1.0,0.0,0,,,,,,,,,,,,,,,,,,,,,Goleiro,0,0.0,Não Jogou,False
746,https://s3.glbimg.com/v1/AUTH_58d78b787ec34892b5aaa0c7a146155f/clubes_2025/silhuetas/BOT/FORMATO.png,BOT,0.0,28,False,0.0,gabriel-abdias,G. Abdias,2,Gabriel da Silva Abdias,Gabriel Abdias,143072,263,6,1.0,0.0,0,,,,,,,,,,,,,,,,,,,,,Lateral,0,0.0,Não Jogou,False
747,https://s3.glbimg.com/v1/AUTH_58d78b787ec34892b5aaa0c7a146155f/clubes_2025/silhuetas/FOR/FORMATO.png,FOR,-0.78,28,True,2.42,martin-palermo,M. Palermo,6,Martín Palermo,Martín Palermo,143194,356,7,10.6,5.74,6,,,,,,,,,,,,,,,3.0,,,,,,Técnico,160,52.82,Regular,False
748,https://s3.glbimg.com/v1/AUTH_58d78b787ec34892b5aaa0c7a146155f/clubes_2025/silhuetas/VIT/FORMATO.png,VIT,0.0,28,False,0.0,wendell,Wendell,5,Wendell dos Santos Sacramento,Wendell,143253,287,6,1.83,2.5,1,,,,,1.0,,,,2.0,,,,,,,,,,,,Atacante,0,0.0,Não Jogou,False
749,https://s3.glbimg.com/v1/AUTH_58d78b787ec34892b5aaa0c7a146155f/clubes_2025/silhuetas/VIT/FORMATO.png,VIT,0.0,28,False,0.0,kauan-vitor,K. Vitor,5,Kauan Vitor Silva Ferreira de Melo,Kauan Vitor,143255,287,6,1.0,0.0,0,,,,,,,,,,,,,,,,,,,,,Atacante,0,0.0,Não Jogou,False
750,https://s3.glbimg.com/v1/AUTH_58d78b787ec34892b5aaa0c7a146155f/clubes_2025/silhuetas/FLA/FORMATO.png,FLA,0.0,28,False,0.0,joshua,Joshua,4,Caio Joshua Lana de Andrade,Joshua,143295,262,6,2.0,0.0,0,,,,,,,,,,,,,,,,,,,,,Meia,0,0.0,Não Jogou,False
751,https://s3.glbimg.com/v1/AUTH_58d78b787ec34892b5aaa0c7a146155f/clubes_2025/silhuetas/CRU/FORMATO.png,CRU,0.0,28,False,0.0,murilo-rhikman,M. Rhikman,4,Murilo Rhikman Alves Pimentel,Murilo Rhikman,143350,283,6,0.91,0.0,1,,,,,,,,,,,,,,,,,,,,,Meia,0,0.0,Não Jogou,False
752,https://s3.glbimg.com/v1/AUTH_58d78b787ec34892b5aaa0c7a146155f/clubes_2025/silhuetas/FLU/FORMATO.png,FLU,0.0,28,False,0.0,leo-jance,L. Jance,2,Leonardo de Oliveira Jance,Léo Jance,143377,266,6,1.0,0.0,0,,,,,,,,,,,,,,,,,,,,,Lateral,0,0.0,Não Jogou,False
753,https://s3.glbimg.com/v1/AUTH_58d78b787ec34892b5aaa0c7a146155f/clubes_2025/silhuetas/COR/FORMATO.png,COR,0.0,28,False,0.0,gabriel-caipira,G. Caipira,2,Gabriel Henrique Soares da Silva,Gabriel Caipira,143452,264,6,1.0,0.0,0,,,,,,,,,,,,,,,,,,,,,Lateral,0,0.0,Não Jogou,False
754,https://s3.glbimg.com/v1/AUTH_58d78b787ec34892b5aaa0c7a146155f/clubes_2025/silhuetas/FLU/FORMATO.png,FLU,0.0,28,False,0.0,vagno,Vagno,2,Vagno de Sousa Brito Júnior,Vagno,143460,266,6,1.0,0.0,0,,,,,,,,,,,,,,,,,,,,,Lateral,0,0.0,Não Jogou,False
755,https://s3.glbimg.com/v1/AUTH_58d78b787ec34892b5aaa0c7a146155f/clubes_2025/silhuetas/FLU/FORMATO.png,FLU,0.0,28,False,0.0,wesley-nata,W. Natã,5,Wesley Natã de Freitas Prado,Wesley Natã,143463,266,6,1.0,0.0,0,,,,,,,,,,,,,,,,,,,,,Atacante,0,0.0,Não Jogou,False
756,https://s3.glbimg.com/v1/AUTH_58d78b787ec34892b5aaa0c7a146155f/clubes_2025/silhuetas/INT/FORMATO.png,INT,0.0,28,False,0.0,raykkonen,Raykkonen,5,Raykkonen Pereira Soares,Raykkonen,143488,285,6,0.66,0.05,4,,,,,,1.0,,,1.0,,,,,,,,,,,,Atacante,0,0.0,Não Jogou,False
757,https://s3.glbimg.com/v1/AUTH_58d78b787ec34892b5aaa0c7a146155f/clubes_2025/silhuetas/CRU/FORMATO.png,CRU,0.0,28,False,0.0,kaua-moraes,K. Moraes,2,Kauã Moraes Silva,Kauã Moraes,143600,283,6,6.1,4.75,2,,,,,2.0,,,,3.0,,,,,1.0,,,,,,,Lateral,0,0.0,Não Jogou,False
758,https://s3.glbimg.com/v1/AUTH_58d78b787ec34892b5aaa0c7a146155f/clubes_2025/silhuetas/BOT/FORMATO.png,BOT,0.0,28,False,0.0,kaique-pereira,K. Pereira,2,Kaique da Silva Júlio Pereira,Kaique Pereira,144015,263,6,1.0,0.0,0,,,,,,,,,,,,,,,,,,,,,Lateral,0,0.0,Não Jogou,False
759,https://s3.glbimg.com/v1/AUTH_58d78b787ec34892b5aaa0c7a146155f/clubes_2025/silhuetas/SAN/FORMATO.png,SAN,0.0,28,False,0.0,joao-alencar,J. Alencar,3,João Alencar Santos Paes da Costa,João Alencar,144255,277,6,1.0,0.0,0,,,,,,,,,,,,,,,,,,,,,Zagueiro,0,0.0,Não Jogou,False
760,https://s3.glbimg.com/v1/AUTH_58d78b787ec34892b5aaa0c7a146155f/clubes_2025/silhuetas/SAN/FORMATO.png,SAN,0.0,28,False,0.0,padula,Padula,5,Pedro Padula Tobias de Aguiar,Padula,144417,277,6,1.0,0.0,0,,,,,,,,,,,,,,,,,,,,,Atacante,0,0.0,Não Jogou,False
761,https://s3.glbimg.com/v1/AUTH_58d78b787ec34892b5aaa0c7a146155f/clubes_2025/silhuetas/CRU/FORMATO.png,CRU,0.0,28,False,0.0,vitor-lamounier,V. Lamounier,1,Vitor Lamounier Rego,Vitor Lamounier,144424,283,6,1.0,0.0,0,,,,,,,,,,,,,,,,,,,,,Goleiro,0,0.0,Não Jogou,False
762,https://s3.glbimg.com/v1/AUTH_58d78b787ec34892b5aaa0c7a146155f/clubes_2025/silhuetas/FOR/FORMATO.png,FOR,0.0,28,False,0.0,lucas-emanoel,L. Emanoel,4,Lucas Emanoel de Abreu dos Reis,Lucas Emanoel,144561,356,6,1.0,0.0,0,,,,,,,,,,,,,,,,,,,,,Meia,0,0.0,Não Jogou,False
763,https://s3.glbimg.com/v1/AUTH_58d78b787ec34892b5aaa0c7a146155f/clubes_2025/silhuetas/VIT/FORMATO.png,VIT,0.0,28,False,0.0,lucas-lohan,L. Lohan,4,Lucas Lohan dos Santos Verediana,Lucas Lohan,145000,287,6,1.0,0.0,0,,,,,,,,,,,,,,,,,,,,,Meia,0,0.0,Não Jogou,False
764,https://s3.glbimg.com/v1/AUTH_58d78b787ec34892b5aaa0c7a146155f/clubes_2025/silhuetas/VIT/FORMATO.png,VIT,0.0,28,False,0.0,ruben-rodrigues,R. Rodrigues,4,Rúben da Rocha Rodrigues,Rúben Rodrigues,145099,287,6,4.53,1.18,4,,,,,2.0,,1.0,,1.0,,,,,,,,,,,,Meia,0,0.0,Não Jogou,False
765,https://s3.glbimg.com/v1/AUTH_58d78b787ec34892b5aaa0c7a146155f/clubes_2025/silhuetas/BOT/FORMATO.png,BOT,0.07,28,True,2.58,davide-ancelotti,D. Ancelotti,6,Davide Ancelotti,Davide Ancelotti,145269,263,7,11.11,5.79,15,,,,,,,,,,,,,,,7.0,,,,,,Técnico,156,54.01,Regular,False
766,https://s3.glbimg.com/v1/AUTH_58d78b787ec34892b5aaa0c7a146155f/clubes_2025/silhuetas/BAH/FORMATO.png,BAH,0.0,28,False,0.0,kaue-furquim,K. Furquim,5,Kauê Junior Furquim da Silva,Kauê Furquim,145379,265,6,1.17,0.7,1,,,,,,1.0,,,2.0,,,,,,,,,,,,Atacante,0,0.0,Não Jogou,False
767,https://s3.glbimg.com/v1/AUTH_58d78b787ec34892b5aaa0c7a146155f/clubes_2025/silhuetas/VIT/FORMATO.png,VIT,0.0,28,False,0.0,ruben-ismael,R. Ismael,4,Rúben Ismael Valente Ramos,Rúben Ismael,145387,287,6,4.56,0.0,1,,,,,,,,,,,,,,,,,,,,,Meia,0,0.0,Não Jogou,False
768,https://s3.glbimg.com/v1/AUTH_58d78b787ec34892b5aaa0c7a146155f/clubes_2025/silhuetas/VAS/FORMATO.png,VAS,0.0,28,False,0.0,breno-vereza,B. Vereza,2,Breno Vereza da Silva,Breno Vereza,145396,267,6,1.0,0.0,0,,,,,,,,,,,,,,,,,,,,,Lateral,0,0.0,Não Jogou,False
769,https://s3.glbimg.com/v1/AUTH_58d78b787ec34892b5aaa0c7a146155f/clubes_2025/silhuetas/RBB/FORMATO.png,RBB,0.0,28,False,0.0,caue,Cauê,2,Cauê Nascimento Santos,Cauê,145400,280,6,2.92,3.25,2,,,1.0,,1.0,,,,,,,,,,,,,,,,Lateral,0,0.0,Não Jogou,False
770,https://s3.glbimg.com/v1/AUTH_58d78b787ec34892b5aaa0c7a146155f/clubes_2025/silhuetas/PAL/FORMATO.png,PAL,0.0,28,False,0.0,arthur,Arthur,2,Arthur Gabriel Santana Marcolino,Arthur,145404,275,6,1.0,0.0,0,,,,,,,,,,,,,,,,,,,,,Lateral,0,0.0,Não Jogou,False
771,https://s3.glbimg.com/v1/AUTH_58d78b787ec34892b5aaa0c7a146155f/clubes_2025/silhuetas/SPT/FORMATO.png,SPT,0.0,28,False,0.0,caua-berrio,C. Berrío,2,Cauã Alves de Mattos,Cauã Berrío,145412,292,6,1.0,0.0,0,,,,,,,,,,,,,,,,,,,,,Lateral,0,0.0,Não Jogou,False
772,https://s3.glbimg.com/v1/AUTH_58d78b787ec34892b5aaa0c7a146155f/clubes_2025/silhuetas/PAL/FORMATO.png,PAL,0.0,28,False,0.0,rafael-coutinho,R. Coutinho,4,Rafael Barbosa Coutinho,Rafael Coutinho,145413,275,6,1.0,0.0,0,,,,,,,,,,,,,,,,,,,,,Meia,0,0.0,Não Jogou,False
773,https://s3.glbimg.com/v1/AUTH_58d78b787ec34892b5aaa0c7a146155f/clubes_2025/silhuetas/PAL/FORMATO.png,PAL,0.0,28,False,0.0,bele,Belé,4,Erick Machado Belé,Belé,145436,275,6,2.0,0.0,0,,,,,,,,,,,,,,,,,,,,,Meia,0,0.0,Não Jogou,False
774,https://s3.glbimg.com/v1/AUTH_58d78b787ec34892b5aaa0c7a146155f/clubes_2025/silhuetas/VIT/FORMATO.png,VIT,0.0,28,False,0.0,paulo-roberto,P. Roberto,2,Paulo Roberto dos Santos Almeida,Paulo Roberto,145510,287,6,4.67,9.8,1,,,,,4.0,4.0,,,,,,,,1.0,,,,,,,Lateral,0,0.0,Não Jogou,False
775,https://s3.glbimg.com/v1/AUTH_58d78b787ec34892b5aaa0c7a146155f/clubes_2025/silhuetas/FLU/FORMATO.png,FLU,0.0,28,False,0.0,loiola,Loiola,3,João Victor Loiola Santos,Loiola,145560,266,6,1.0,0.0,0,,,,,,,,,,,,,,,,,,,,,Zagueiro,0,0.0,Não Jogou,False
776,https://s3.glbimg.com/v1/AUTH_58d78b787ec34892b5aaa0c7a146155f/clubes_2025/silhuetas/SAN/FORMATO.png,SAN,0.0,28,False,0.0,joao-ananias,J. Ananias,3,João Paulo Ananias Bento,João Ananias,145563,277,6,1.0,0.0,0,,,,,,,,,,,,,,,,,,,,,Zagueiro,0,0.0,Não Jogou,False
777,https://s3.glbimg.com/v1/AUTH_58d78b787ec34892b5aaa0c7a146155f/clubes_2025/silhuetas/CEA/FORMATO.png,CEA,0.0,28,False,0.0,samuel-barreto,S. Barreto,2,Samuel Barreto dos Santos,Samuel Barreto,145602,354,6,2.0,0.0,0,,,,,,,,,,,,,,,,,,,,,Lateral,0,0.0,Não Jogou,False
778,https://s3.glbimg.com/v1/AUTH_58d78b787ec34892b5aaa0c7a146155f/clubes_2025/silhuetas/PAL/FORMATO.png,PAL,0.0,28,False,0.0,luiz-sa,L. Sá,1,Luiz Felipe Vieira Santana de Sá,Luiz Sá,145612,275,6,1.0,0.0,0,,,,,,,,,,,,,,,,,,,,,Goleiro,0,0.0,Não Jogou,False
779,https://s3.glbimg.com/v1/AUTH_58d78b787ec34892b5aaa0c7a146155f/clubes_2025/silhuetas/JUV/FORMATO.png,JUV,0.0,28,False,0.0,bernardo,Bernardo,3,Bernardo Tichz Toffolo,Bernardo,145647,286,6,1.0,0.0,0,,,,,,,,,,,,,,,,,,,,,Zagueiro,0,0.0,Não Jogou,False
780,https://s3.glbimg.com/v1/AUTH_58d78b787ec34892b5aaa0c7a146155f/clubes_2025/silhuetas/FOR/FORMATO.png,FOR,0.0,28,False,0.0,cristovam,Cristovam,3,Guilherme Cristovam dos Santos,Cristovam,145648,356,6,1.0,0.0,0,,,,,,,,,,,,,,,,,,,,,Zagueiro,0,0.0,Não Jogou,False
781,https://s3.glbimg.com/v1/AUTH_58d78b787ec34892b5aaa0c7a146155f/clubes_2025/silhuetas/SAO/FORMATO.png,SAO,0.0,28,False,0.0,nicolas,Nicolas,2,Nicolas Bosshardt,Nicolas,145659,276,6,1.0,0.0,0,,,,,,,,,,,,,,,,,,,,,Lateral,0,0.0,Não Jogou,False
782,https://s3.glbimg.com/v1/AUTH_58d78b787ec34892b5aaa0c7a146155f/clubes_2025/silhuetas/INT/FORMATO.png,INT,0.0,28,False,0.0,luiz-felipe,L. Felipe,2,Luiz Felipe de Morais Francisco,Luiz Felipe,145660,285,6,1.0,0.0,0,,,,,,,,,,,,,,,,,,,,,Lateral,0,0.0,Não Jogou,False
783,https://s3.glbimg.com/v1/AUTH_58d78b787ec34892b5aaa0c7a146155f/clubes_2025/silhuetas/COR/FORMATO.png,COR,-0.7,28,True,1.0,andre,André,4,André Luiz Santos Dias,André,145744,264,6,2.86,3.2,4,,,,,3.0,4.0,,,3.0,,1.0,,,,,,,,,,Meia,226,32.49,Regular,False
784,https://s3.glbimg.com/v1/AUTH_58d78b787ec34892b5aaa0c7a146155f/clubes_2025/silhuetas/SPT/FORMATO.png,SPT,0.0,28,False,0.0,victor-hugo,V. Hugo,2,Victor Hugo Viana da Silva,Victor Hugo,145750,292,6,1.71,2.1,1,,,,,1.0,2.0,1.0,,,,,,,,,,,,,,Lateral,0,0.0,Não Jogou,False
785,https://s3.glbimg.com/v1/AUTH_58d78b787ec34892b5aaa0c7a146155f/clubes_2025/silhuetas/BAH/FORMATO.png,BAH,0.0,28,False,0.0,lyan,Lyan,5,Lyan Araujo Santos,Lyan,146303,265,6,1.0,0.0,0,,,,,,,,,,,,,,,,,,,,,Atacante,0,0.0,Não Jogou,False
786,https://s3.glbimg.com/v1/AUTH_58d78b787ec34892b5aaa0c7a146155f/clubes_2025/silhuetas/PAL/FORMATO.png,PAL,0.0,28,False,0.0,gilberto,Gilberto,2,Gilberto Junior Leite dos Santos,Gilberto,146374,275,6,1.0,0.0,0,,,,,,,,,,,,,,,,,,,,,Lateral,0,0.0,Não Jogou,False
787,https://s3.glbimg.com/v1/AUTH_58d78b787ec34892b5aaa0c7a146155f/clubes_2025/silhuetas/BOT/FORMATO.png,BOT,0.0,28,False,0.0,kadir,Kadir,5,José Kadir Barría Rose,Kadir,146375,263,6,0.98,0.2,1,,,,,,1.0,,,1.0,,,,,,,,,,,,Atacante,0,0.0,Não Jogou,False
788,https://s3.glbimg.com/v1/AUTH_58d78b787ec34892b5aaa0c7a146155f/clubes_2025/silhuetas/VAS/FORMATO.png,VAS,0.0,28,False,0.0,diego-minete,D. Minete,5,Diego Campos Minete,Diego Minete,146400,267,6,1.0,0.0,0,,,,,,,,,,,,,,,,,,,,,Atacante,0,0.0,Não Jogou,False
789,https://s3.glbimg.com/v1/AUTH_58d78b787ec34892b5aaa0c7a146155f/clubes_2025/silhuetas/BOT/FORMATO.png,BOT,0.0,28,False,0.0,marquinhos,Marquinhos,3,Marcos Felipe Vinagre Souza,Marquinhos,146410,263,6,1.0,0.0,0,,,,,,,,,,,,,,,,,,,,,Zagueiro,0,0.0,Não Jogou,False
790,https://s3.glbimg.com/v1/AUTH_58d78b787ec34892b5aaa0c7a146155f/clubes_2025/silhuetas/BOT/FORMATO.png,BOT,0.0,28,False,0.0,justino,Justino,3,Gabriel Pereira Justino,Justino,146430,263,6,1.0,0.0,0,,,,,,,,,,,,,,,,,,,,,Zagueiro,0,0.0,Não Jogou,False
791,https://s3.glbimg.com/v1/AUTH_58d78b787ec34892b5aaa0c7a146155f/clubes_2025/silhuetas/CAM/FORMATO.png,CAM,0.0,28,False,0.0,mosquito,Mosquito,5,Wallysson Breno Freitas da Silva,Mosquito,146577,282,6,1.0,0.0,0,,,,,,,,,,,,,,,,,,,,,Atacante,0,0.0,Não Jogou,False
792,https://s3.glbimg.com/v1/AUTH_58d78b787ec34892b5aaa0c7a146155f/clubes_2025/silhuetas/CAM/FORMATO.png,CAM,0.0,28,False,0.0,gabriel-veneno,G. Veneno,5,João Gabriel Castro Santos,Gabriel Veneno,146578,282,6,1.0,0.0,0,,,,,,,,,,,,,,,,,,,,,Atacante,0,0.0,Não Jogou,False
793,https://s3.glbimg.com/v1/AUTH_58d78b787ec34892b5aaa0c7a146155f/clubes_2025/silhuetas/PAL/FORMATO.png,PAL,0.0,28,False,0.0,luis-pacheco,L. Pacheco,4,Luis Felipe Pacheco da Costa,Luis Pacheco,146623,275,6,1.0,0.0,0,,,,,,,,,,,,,,,,,,,,,Meia,0,0.0,Não Jogou,False
794,https://s3.glbimg.com/v1/AUTH_58d78b787ec34892b5aaa0c7a146155f/clubes_2025/silhuetas/PAL/FORMATO.png,PAL,0.0,28,False,0.0,heittor,Heittor,5,Heittor Vinicius da Silva Nunes,Heittor,146624,275,6,1.0,0.0,0,,,,,,,,,,,,,,,,,,,,,Atacante,0,0.0,Não Jogou,False
795,https://s3.glbimg.com/v1/AUTH_58d78b787ec34892b5aaa0c7a146155f/clubes_2025/silhuetas/JUV/FORMATO.png,JUV,0.0,28,False,0.0,scatolin,Scatolin,5,João Paulo Scatolin,Scatolin,146625,286,6,1.0,0.0,0,,,,,,,,,,,,,,,,,,,,,Atacante,0,0.0,Não Jogou,False
796,https://s3.glbimg.com/v1/AUTH_58d78b787ec34892b5aaa0c7a146155f/clubes_2025/silhuetas/INT/FORMATO.png,INT,0.0,28,False,0.0,alisson,Alisson,2,Alisson Rodrigues de Melo,Alisson,146632,285,6,1.0,0.0,0,,,,,,,,,,,,,,,,,,,,,Lateral,0,0.0,Não Jogou,False
