Unnamed: 0,atletas.rodada_id,atletas.foto,atletas.status_id,atletas.pontos_num,atletas.variacao_num,atletas.media_num,atletas.slug,atletas.apelido,atletas.atleta_id,atletas.nome,atletas.clube.id.full.name,atletas.entrou_em_campo,atletas.jogos_num,atletas.clube_id,atletas.posicao_id,atletas.preco_num,atletas.minimo_para_valorizar,atletas.apelido_abreviado,posicao_nome,ranking_rodada,percentil_pontuacao,classificacao_desempenho,destaque_rodada
0,1,https://s3.glbimg.com/v1/AUTH_58d78b787ec34892b5aaa0c7a146155f/clubes_2025/silhuetas/FLU/FORMATO.png,7,0,0,0,mano-menezes,Mano Menezes,37281,Luis Antônio Venker de Menezes,FLU,False,0,266,6,10,,M. Menezes,Técnico,0,0.0,Não Jogou,False
1,1,https://s3.glbimg.com/v1/AUTH_58d78b787ec34892b5aaa0c7a146155f/clubes_2025/silhuetas/CEA/FORMATO.png,7,0,0,0,leo-conde,Léo Condé,37457,Leonardo Rodrigues Condé,CEA,False,0,354,6,4,,L. Condé,Técnico,0,0.0,Não Jogou,False
2,1,https://s3.glbimg.com/v1/AUTH_58d78b787ec34892b5aaa0c7a146155f/clubes_2025/silhuetas/FLU/FORMATO.png,7,0,0,0,fabio,Fábio,37656,Fábio Deivson Lopes Maciel,FLU,False,0,266,1,14,,Fábio,Goleiro,0,0.0,Não Jogou,False
3,1,https://s3.glbimg.com/v1/AUTH_58d78b787ec34892b5aaa0c7a146155f/clubes_2025/silhuetas/FLU/FORMATO.png,7,0,0,0,thiago-silva,Thiago Silva,37715,Thiago Emiliano da Silva,FLU,False,0,266,3,15,,T. Silva,Zagueiro,0,0.0,Não Jogou,False
4,1,https://s3.glbimg.com/v1/AUTH_58d78b787ec34892b5aaa0c7a146155f/clubes_2025/silhuetas/FLU/FORMATO.png,6,0,0,0,renato-augusto,Renato Augusto,38398,Renato Soares de Oliveira Augusto,FLU,False,0,266,4,7,,R. Augusto,Meia,0,0.0,Não Jogou,False
5,1,https://s3.glbimg.com/v1/AUTH_58d78b787ec34892b5aaa0c7a146155f/clubes_2025/silhuetas/JUV/FORMATO.png,6,0,0,0,nene,Nenê,38913,Anderson Luis de Carvalho - Luiz,JUV,False,0,286,4,5,,Nenê,Meia,0,0.0,Não Jogou,False
6,1,https://s3.glbimg.com/v1/AUTH_58d78b787ec34892b5aaa0c7a146155f/clubes_2025/silhuetas/CAM/FORMATO.png,7,0,0,0,hulk,Hulk,39148,Givanildo Vieira de Souza,CAM,False,0,282,5,24,,Hulk,Atacante,0,0.0,Não Jogou,False
7,1,https://s3.glbimg.com/v1/AUTH_58d78b787ec34892b5aaa0c7a146155f/clubes_2025/silhuetas/CAM/FORMATO.png,7,0,0,0,alan-franco,Alan Franco,39656,Alan Steven Franco Palma,CAM,False,0,282,4,7,,A. Franco,Meia,0,0.0,Não Jogou,False
8,1,https://s3.glbimg.com/v1/AUTH_58d78b787ec34892b5aaa0c7a146155f/clubes_2025/silhuetas/VIT/FORMATO.png,6,0,0,0,osvaldo,Osvaldo,42222,Osvaldo Lourenço Filho,VIT,False,0,287,5,5,,Osvaldo,Atacante,0,0.0,Não Jogou,False
9,1,https://s3.glbimg.com/v1/AUTH_58d78b787ec34892b5aaa0c7a146155f/clubes_2025/silhuetas/CRU/FORMATO.png,7,0,0,0,cassio,Cássio,42234,Cássio Roberto Ramos,CRU,False,0,283,1,8,,Cássio,Goleiro,0,0.0,Não Jogou,False
10,1,https://s3.glbimg.com/v1/AUTH_58d78b787ec34892b5aaa0c7a146155f/clubes_2025/silhuetas/CAM/FORMATO.png,7,0,0,0,cuca,Cuca,42411,Alexi Stival,CAM,False,0,282,6,10,,Cuca,Técnico,0,0.0,Não Jogou,False
11,1,https://s3.glbimg.com/v1/AUTH_58d78b787ec34892b5aaa0c7a146155f/clubes_2025/silhuetas/CRU/FORMATO.png,6,0,0,0,fagner,Fagner,42500,Fagner Conserva Lemos,CRU,False,0,283,2,6,,Fagner,Lateral,0,0.0,Não Jogou,False
12,1,https://s3.glbimg.com/v1/AUTH_58d78b787ec34892b5aaa0c7a146155f/clubes_2025/silhuetas/MIR/FORMATO.png,6,0,0,0,david-braz,David Braz,50317,David Braz de Oliveira Filho,MIR,False,0,2305,3,5,,D. Braz,Zagueiro,0,0.0,Não Jogou,False
13,1,https://s3.glbimg.com/v1/AUTH_58d78b787ec34892b5aaa0c7a146155f/clubes_2025/silhuetas/FOR/FORMATO.png,7,0,0,0,titi,Titi,50353,Christian Chagas Tarouco,FOR,False,0,356,3,4,,Titi,Zagueiro,0,0.0,Não Jogou,False
14,1,https://s3.glbimg.com/v1/AUTH_58d78b787ec34892b5aaa0c7a146155f/clubes_2025/silhuetas/MIR/FORMATO.png,6,0,0,0,walter,Walter,51413,Walter Leandro Capeloza Artune,MIR,False,0,2305,1,6,,Walter,Goleiro,0,0.0,Não Jogou,False
15,1,https://s3.glbimg.com/v1/AUTH_58d78b787ec34892b5aaa0c7a146155f/clubes_2025/silhuetas/BAH/FORMATO.png,7,0,0,0,everton-ribeiro,Everton Ribeiro,51772,Everton Augusto de Barros Ribeiro,BAH,False,0,265,4,11,,E. Ribeiro,Meia,0,0.0,Não Jogou,False
16,1,https://s3.glbimg.com/v1/AUTH_58d78b787ec34892b5aaa0c7a146155f/clubes_2025/silhuetas/INT/FORMATO.png,7,0,0,0,fernando,Fernando,52271,Fernando Francisco Reges,INT,False,0,285,4,8,,Fernando,Meia,0,0.0,Não Jogou,False
17,1,https://s3.glbimg.com/v1/AUTH_58d78b787ec34892b5aaa0c7a146155f/clubes_2025/silhuetas/FOR/FORMATO.png,6,0,0,0,david-luiz,David Luiz,52827,David Luiz Moreira Marinho,FOR,False,0,356,3,9,,D. Luiz,Zagueiro,0,0.0,Não Jogou,False
18,1,https://s3.glbimg.com/v1/AUTH_58d78b787ec34892b5aaa0c7a146155f/clubes_2025/silhuetas/MIR/FORMATO.png,6,0,0,0,leo-gamalho,Léo Gamalho,53865,Leonardo Gamalho de Souza,MIR,False,0,2305,5,4,,L. Gamalho,Atacante,0,0.0,Não Jogou,False
19,1,https://s3.glbimg.com/v1/AUTH_58d78b787ec34892b5aaa0c7a146155f/clubes_2025/silhuetas/VAS/FORMATO.png,6,0,0,0,alex-teixeira,Alex Teixeira,60793,Alex Teixeira Santos,VAS,False,0,267,5,4,,A. Teixeira,Atacante,0,0.0,Não Jogou,False
20,1,https://s3.glbimg.com/v1/AUTH_58d78b787ec34892b5aaa0c7a146155f/clubes_2025/silhuetas/VAS/FORMATO.png,6,0,0,0,souza,Souza,60803,Josef de Souza Dias,VAS,False,0,267,3,4,,Souza,Zagueiro,0,0.0,Não Jogou,False
21,1,https://s3.glbimg.com/v1/AUTH_58d78b787ec34892b5aaa0c7a146155f/clubes_2025/silhuetas/JUV/FORMATO.png,5,0,0,0,gilberto,Gilberto,61188,Gilberto Oliveira Souza Júnior,JUV,False,0,286,5,6,,Gilberto,Atacante,0,0.0,Não Jogou,False
22,1,https://s3.glbimg.com/v1/AUTH_58d78b787ec34892b5aaa0c7a146155f/clubes_2025/silhuetas/FLA/FORMATO.png,7,0,0,0,alex-sandro,Alex Sandro,61987,Alex Sandro Lobo Silva,FLA,False,0,262,2,13,,A. Sandro,Lateral,0,0.0,Não Jogou,False
23,1,https://s3.glbimg.com/v1/AUTH_58d78b787ec34892b5aaa0c7a146155f/clubes_2025/silhuetas/FLU/FORMATO.png,5,0,0,0,ganso,Ganso,62977,Paulo Henrique Chagas de Lima,FLU,False,0,266,4,12,,Ganso,Meia,0,0.0,Não Jogou,False
24,1,https://s3.glbimg.com/v1/AUTH_58d78b787ec34892b5aaa0c7a146155f/clubes_2025/silhuetas/SAN/FORMATO.png,2,0,0,0,neymar,Neymar,63007,Neymar da Silva Santos Júnior,SAN,False,0,277,4,25,,Neymar,Meia,0,0.0,Não Jogou,False
25,1,https://s3.glbimg.com/v1/AUTH_58d78b787ec34892b5aaa0c7a146155f/clubes_2025/silhuetas/PAL/FORMATO.png,7,0,0,0,marcos-rocha,Marcos Rocha,63013,Marcos Luis Rocha Aquino,PAL,False,0,275,2,7,,M. Rocha,Lateral,0,0.0,Não Jogou,False
26,1,https://s3.glbimg.com/v1/AUTH_58d78b787ec34892b5aaa0c7a146155f/clubes_2025/silhuetas/JUV/FORMATO.png,7,0,0,0,alan-ruschel,Alan Ruschel,63110,Alan Luciano Ruschel,JUV,False,0,286,2,5,,A. Ruschel,Lateral,0,0.0,Não Jogou,False
27,1,https://s3.glbimg.com/v1/AUTH_58d78b787ec34892b5aaa0c7a146155f/clubes_2025/silhuetas/GRE/FORMATO.png,2,0,0,0,edenilson,Edenílson,63289,Edenílson Andrade dos Santos,GRE,False,0,284,4,6,,Edenílson,Meia,0,0.0,Não Jogou,False
28,1,https://s3.glbimg.com/v1/AUTH_58d78b787ec34892b5aaa0c7a146155f/clubes_2025/silhuetas/INT/FORMATO.png,7,0,0,0,alan-patrick,Alan Patrick,68685,Alan Patrick Lourenço,INT,False,0,285,4,18,,A. Patrick,Meia,0,0.0,Não Jogou,False
29,1,https://s3.glbimg.com/v1/AUTH_58d78b787ec34892b5aaa0c7a146155f/clubes_2025/silhuetas/CRU/FORMATO.png,6,0,0,0,eduardo,Eduardo,68708,Carlos Eduardo de Oliveira Alves,CRU,False,0,283,4,7,,Eduardo,Meia,0,0.0,Não Jogou,False
30,1,https://s3.glbimg.com/v1/AUTH_58d78b787ec34892b5aaa0c7a146155f/clubes_2025/silhuetas/SAO/FORMATO.png,7,0,0,0,oscar,Oscar,68811,Oscar dos Santos Emboaba Júnior,SAO,False,0,276,4,20,,Oscar,Meia,0,0.0,Não Jogou,False
31,1,https://s3.glbimg.com/v1/AUTH_58d78b787ec34892b5aaa0c7a146155f/clubes_2025/silhuetas/PAL/FORMATO.png,6,0,0,0,marcelo-lomba,Marcelo Lomba,68872,Marcelo Lomba do Nascimento,PAL,False,0,275,1,7,,M. Lomba,Goleiro,0,0.0,Não Jogou,False
32,1,https://s3.glbimg.com/v1/AUTH_58d78b787ec34892b5aaa0c7a146155f/clubes_2025/silhuetas/VAS/FORMATO.png,2,0,0,0,philippe-coutinho,Philippe Coutinho,68899,Philippe Coutinho Correia,VAS,False,0,267,4,14,,P. Coutinho,Meia,0,0.0,Não Jogou,False
33,1,https://s3.glbimg.com/v1/AUTH_58d78b787ec34892b5aaa0c7a146155f/clubes_2025/silhuetas/CRU/FORMATO.png,7,0,0,0,dudu,Dudu,68920,Eduardo Pereira Rodrigues,CRU,False,0,283,5,11,,Dudu,Atacante,0,0.0,Não Jogou,False
34,1,https://s3.glbimg.com/v1/AUTH_58d78b787ec34892b5aaa0c7a146155f/clubes_2025/silhuetas/SAN/FORMATO.png,7,0,0,0,gil,Gil,68923,Carlos Gilberto do Nascimento Silva,SAN,False,0,277,3,7,,Gil,Zagueiro,0,0.0,Não Jogou,False
35,1,https://s3.glbimg.com/v1/AUTH_58d78b787ec34892b5aaa0c7a146155f/clubes_2025/silhuetas/SAO/FORMATO.png,7,0,0,0,rafael,Rafael,68928,Rafael Pires Monteiro,SAO,False,0,276,1,11,,Rafael,Goleiro,0,0.0,Não Jogou,False
36,1,https://s3.glbimg.com/v1/AUTH_58d78b787ec34892b5aaa0c7a146155f/clubes_2025/silhuetas/FOR/FORMATO.png,6,0,0,0,marinho,Marinho,68952,Mário Sérgio Santos Costa,FOR,False,0,356,5,8,,Marinho,Atacante,0,0.0,Não Jogou,False
37,1,https://s3.glbimg.com/v1/AUTH_58d78b787ec34892b5aaa0c7a146155f/clubes_2025/silhuetas/FOR/FORMATO.png,6,0,0,0,lucas-sasha,Lucas Sasha,68991,Lucas Pacheco Affini,FOR,False,0,356,4,4,,L. Sasha,Meia,0,0.0,Não Jogou,False
38,1,https://s3.glbimg.com/v1/AUTH_58d78b787ec34892b5aaa0c7a146155f/clubes_2025/silhuetas/BAH/FORMATO.png,6,0,0,0,willian-jose,Willian José,68996,Willian José da Silva,BAH,False,0,265,5,11,,W. José,Atacante,0,0.0,Não Jogou,False
39,1,https://s3.glbimg.com/v1/AUTH_58d78b787ec34892b5aaa0c7a146155f/clubes_2025/silhuetas/FLU/FORMATO.png,6,0,0,0,manoel,Manoel,69014,Manoel Messias Silva Carvalho,FLU,False,0,266,3,5,,Manoel,Zagueiro,0,0.0,Não Jogou,False
40,1,https://s3.glbimg.com/v1/AUTH_58d78b787ec34892b5aaa0c7a146155f/clubes_2025/silhuetas/BAH/FORMATO.png,6,0,0,0,danilo-fernandes,Danilo Fernandes,69051,Danilo Fernandes Batista,BAH,False,0,265,1,4,,D. Fernandes,Goleiro,0,0.0,Não Jogou,False
41,1,https://s3.glbimg.com/v1/AUTH_58d78b787ec34892b5aaa0c7a146155f/clubes_2025/silhuetas/SPT/FORMATO.png,6,0,0,0,pablo,Pablo,69138,Pablo Felipe Teixeira,SPT,False,0,292,5,8,,Pablo,Atacante,0,0.0,Não Jogou,False
42,1,https://s3.glbimg.com/v1/AUTH_58d78b787ec34892b5aaa0c7a146155f/clubes_2025/silhuetas/BOT/FORMATO.png,6,0,0,0,allan,Allan,69140,Allan Marques Loureiro,BOT,False,0,263,4,5,,Allan,Meia,0,0.0,Não Jogou,False
43,1,https://s3.glbimg.com/v1/AUTH_58d78b787ec34892b5aaa0c7a146155f/clubes_2025/silhuetas/FLA/FORMATO.png,2,0,0,0,danilo,Danilo,69783,Danilo Luiz da Silva,FLA,False,0,262,3,13,,Danilo,Zagueiro,0,0.0,Não Jogou,False
44,1,https://s3.glbimg.com/v1/AUTH_58d78b787ec34892b5aaa0c7a146155f/clubes_2025/silhuetas/SAO/FORMATO.png,7,0,0,0,lucas-moura,Lucas Moura,70164,Lucas Rodrigues Moura da Silva,SAO,False,0,276,4,5,,L. Moura,Meia,0,0.0,Não Jogou,False
45,1,https://s3.glbimg.com/v1/AUTH_58d78b787ec34892b5aaa0c7a146155f/clubes_2025/silhuetas/JUV/FORMATO.png,5,0,0,0,gustavo,Gustavo,70216,Luiz Gustavo de Almeida Pinto,JUV,False,0,286,1,4,,Gustavo,Goleiro,0,0.0,Não Jogou,False
46,1,https://s3.glbimg.com/v1/AUTH_58d78b787ec34892b5aaa0c7a146155f/clubes_2025/silhuetas/VIT/FORMATO.png,6,0,0,0,bruno-uvini,Bruno Uvini,70221,Bruno Uvini Bortolança,VIT,False,0,287,3,4,,B. Uvini,Zagueiro,0,0.0,Não Jogou,False
47,1,https://s3.glbimg.com/v1/AUTH_58d78b787ec34892b5aaa0c7a146155f/clubes_2025/silhuetas/RBB/FORMATO.png,6,0,0,0,eduardo-sasha,Eduardo Sasha,70360,Eduardo Colcenti Antunes,RBB,False,0,280,5,9,,E. Sasha,Atacante,0,0.0,Não Jogou,False
48,1,https://s3.glbimg.com/v1/AUTH_58d78b787ec34892b5aaa0c7a146155f/clubes_2025/silhuetas/VIT/FORMATO.png,6,0,0,0,gabriel,Gabriel,70449,Gabriel Vasconcelos Ferreira,VIT,False,0,287,1,4,,Gabriel,Goleiro,0,0.0,Não Jogou,False
49,1,https://s3.glbimg.com/v1/AUTH_58d78b787ec34892b5aaa0c7a146155f/clubes_2025/silhuetas/PAL/FORMATO.png,6,0,0,0,felipe-anderson,Felipe Anderson,70592,Felipe Anderson Pereira Gomes,PAL,False,0,275,4,9,,F. Anderson,Meia,0,0.0,Não Jogou,False
50,1,https://s3.glbimg.com/v1/AUTH_58d78b787ec34892b5aaa0c7a146155f/clubes_2025/silhuetas/CEA/FORMATO.png,7,0,0,0,marllon,Marllon,70666,Marllon Gonçalves Jerônimo Borges,CEA,False,0,354,3,5,,Marllon,Zagueiro,0,0.0,Não Jogou,False
51,1,https://s3.glbimg.com/v1/AUTH_58d78b787ec34892b5aaa0c7a146155f/clubes_2025/silhuetas/VAS/FORMATO.png,7,0,0,0,fabio-carille,Fábio Carille,70696,Fábio Luiz Carille de Araújo,VAS,False,0,267,6,7,,F. Carille,Técnico,0,0.0,Não Jogou,False
52,1,https://s3.glbimg.com/v1/AUTH_58d78b787ec34892b5aaa0c7a146155f/clubes_2025/silhuetas/INT/FORMATO.png,7,0,0,0,enner-valencia,Enner Valencia,70788,Enner Remberto Valencia Lastra,INT,False,0,285,5,9,,E. Valencia,Atacante,0,0.0,Não Jogou,False
53,1,https://s3.glbimg.com/v1/AUTH_58d78b787ec34892b5aaa0c7a146155f/clubes_2025/silhuetas/FOR/FORMATO.png,7,0,0,0,diogo-barbosa,Diogo Barbosa,70916,Diogo Barbosa Mendanha,FOR,False,0,356,2,6,,D. Barbosa,Lateral,0,0.0,Não Jogou,False
54,1,https://s3.glbimg.com/v1/AUTH_58d78b787ec34892b5aaa0c7a146155f/clubes_2025/silhuetas/INT/FORMATO.png,7,0,0,0,bruno-henrique,Bruno Henrique,70944,Bruno Henrique Corsini,INT,False,0,285,4,7,,B. Henrique,Meia,0,0.0,Não Jogou,False
55,1,https://s3.glbimg.com/v1/AUTH_58d78b787ec34892b5aaa0c7a146155f/clubes_2025/silhuetas/JUV/FORMATO.png,6,0,0,0,jean-carlos,Jean Carlos,70958,Jean Carlos Vicente,JUV,False,0,286,4,6,,J. Carlos,Meia,0,0.0,Não Jogou,False
56,1,https://s3.glbimg.com/v1/AUTH_58d78b787ec34892b5aaa0c7a146155f/clubes_2025/silhuetas/VAS/FORMATO.png,2,0,0,0,payet,Payet,70984,Florent Dimitri Payet,VAS,False,0,267,4,8,,Payet,Meia,0,0.0,Não Jogou,False
57,1,https://s3.glbimg.com/v1/AUTH_58d78b787ec34892b5aaa0c7a146155f/clubes_2025/silhuetas/SAO/FORMATO.png,6,0,0,0,luiz-gustavo,Luiz Gustavo,71536,Luiz Gustavo Dias,SAO,False,0,276,4,9,,L. Gustavo,Meia,0,0.0,Não Jogou,False
58,1,https://s3.glbimg.com/v1/AUTH_58d78b787ec34892b5aaa0c7a146155f/clubes_2025/silhuetas/CEA/FORMATO.png,6,0,0,0,fernando-miguel,Fernando Miguel,71571,Fernando Miguel Kaufmann,CEA,False,0,354,1,3,,F. Miguel,Goleiro,0,0.0,Não Jogou,False
59,1,https://s3.glbimg.com/v1/AUTH_58d78b787ec34892b5aaa0c7a146155f/clubes_2025/silhuetas/PAL/FORMATO.png,7,0,0,0,weverton,Weverton,71631,Weverton Pereira da Silva,PAL,False,0,275,1,5,,Weverton,Goleiro,0,0.0,Não Jogou,False
60,1,https://s3.glbimg.com/v1/AUTH_58d78b787ec34892b5aaa0c7a146155f/clubes_2025/silhuetas/VIT/FORMATO.png,7,0,0,0,raul-caceres,Raúl Cáceres,71680,Raúl Alejandro Cáceres Bogado,VIT,False,0,287,2,3,,R. Cáceres,Lateral,0,0.0,Não Jogou,False
61,1,https://s3.glbimg.com/v1/AUTH_58d78b787ec34892b5aaa0c7a146155f/clubes_2025/silhuetas/PAL/FORMATO.png,5,0,0,0,gustavo-gomez,Gustavo Gómez,71684,Gustavo Raúl Gómez Portillo,PAL,False,0,275,3,11,,G. Gómez,Zagueiro,0,0.0,Não Jogou,False
62,1,https://s3.glbimg.com/v1/AUTH_58d78b787ec34892b5aaa0c7a146155f/clubes_2025/silhuetas/BAH/FORMATO.png,6,0,0,0,santiago-arias,Santiago Arias,71701,Santiago Arias Naranjo,BAH,False,0,265,2,8,,S. Arias,Lateral,0,0.0,Não Jogou,False
63,1,https://s3.glbimg.com/v1/AUTH_58d78b787ec34892b5aaa0c7a146155f/clubes_2025/silhuetas/GRE/FORMATO.png,7,0,0,0,cuellar,Cuéllar,71709,Gustavo Leonardo Cuellar Gallego,GRE,False,0,284,4,6,,Cuéllar,Meia,0,0.0,Não Jogou,False
64,1,https://s3.glbimg.com/v1/AUTH_58d78b787ec34892b5aaa0c7a146155f/clubes_2025/silhuetas/GRE/FORMATO.png,7,0,0,0,tiago-volpi,Tiago Volpi,72018,Tiago Luis Volpi,GRE,False,0,284,1,8,,T. Volpi,Goleiro,0,0.0,Não Jogou,False
65,1,https://s3.glbimg.com/v1/AUTH_58d78b787ec34892b5aaa0c7a146155f/clubes_2025/silhuetas/MIR/FORMATO.png,6,0,0,0,thomazella,Thomazella,72279,Carlos Eduardo Lecciolle Thomazella,MIR,False,0,2305,1,2,,Thomazella,Goleiro,0,0.0,Não Jogou,False
66,1,https://s3.glbimg.com/v1/AUTH_58d78b787ec34892b5aaa0c7a146155f/clubes_2025/silhuetas/CAM/FORMATO.png,7,0,0,0,everson,Everson,72294,Everson Felipe Marques Pires,CAM,False,0,282,1,12,,Everson,Goleiro,0,0.0,Não Jogou,False
67,1,https://s3.glbimg.com/v1/AUTH_58d78b787ec34892b5aaa0c7a146155f/clubes_2025/silhuetas/CEA/FORMATO.png,6,0,0,0,luiz-otavio,Luiz Otávio,72359,Luiz Otávio Anacleto Leandro,CEA,False,0,354,3,4,,L. Otávio,Zagueiro,0,0.0,Não Jogou,False
68,1,https://s3.glbimg.com/v1/AUTH_58d78b787ec34892b5aaa0c7a146155f/clubes_2025/silhuetas/CAM/FORMATO.png,6,0,0,0,bernard,Bernard,72460,Bernard Anício Caldeira Duarte,CAM,False,0,282,4,7,,Bernard,Meia,0,0.0,Não Jogou,False
69,1,https://s3.glbimg.com/v1/AUTH_58d78b787ec34892b5aaa0c7a146155f/clubes_2025/silhuetas/BOT/FORMATO.png,7,0,0,0,alex-telles,Alex Telles,72493,Alex Nicolao Telles,BOT,False,0,263,2,12,,A. Telles,Lateral,0,0.0,Não Jogou,False
70,1,https://s3.glbimg.com/v1/AUTH_58d78b787ec34892b5aaa0c7a146155f/clubes_2025/silhuetas/CEA/FORMATO.png,5,0,0,0,pedro-henrique,Pedro Henrique,72583,Pedro Henrique Konzen Medina da Silva,CEA,False,0,354,5,7,,P. Henrique,Atacante,0,0.0,Não Jogou,False
71,1,https://s3.glbimg.com/v1/AUTH_58d78b787ec34892b5aaa0c7a146155f/clubes_2025/silhuetas/CAM/FORMATO.png,6,0,0,0,vitor-hugo,Vitor Hugo,72605,Vitor Hugo Franchescoli de Souza,CAM,False,0,282,3,5,,V. Hugo,Zagueiro,0,0.0,Não Jogou,False
72,1,https://s3.glbimg.com/v1/AUTH_58d78b787ec34892b5aaa0c7a146155f/clubes_2025/silhuetas/JUV/FORMATO.png,6,0,0,0,wilker-angel,Wilker Ángel,72801,Wílker José Ángel Romero,JUV,False,0,286,3,5,,W. Ángel,Zagueiro,0,0.0,Não Jogou,False
73,1,https://s3.glbimg.com/v1/AUTH_58d78b787ec34892b5aaa0c7a146155f/clubes_2025/silhuetas/GRE/FORMATO.png,7,0,0,0,gustavo-quinteros,Gustavo Quinteros,72864,Gustavo Domingo Quinteros Desábato,GRE,False,0,284,6,7,,G. Quinteros,Técnico,0,0.0,Não Jogou,False
74,1,https://s3.glbimg.com/v1/AUTH_58d78b787ec34892b5aaa0c7a146155f/clubes_2025/silhuetas/INT/FORMATO.png,6,0,0,0,mercado,Mercado,72951,Gabriel Iván Mercado,INT,False,0,285,3,6,,Mercado,Zagueiro,0,0.0,Não Jogou,False
75,1,https://s3.glbimg.com/v1/AUTH_58d78b787ec34892b5aaa0c7a146155f/clubes_2025/silhuetas/MIR/FORMATO.png,6,0,0,0,daniel-borges,Daniel Borges,73318,Daniel Fortunato Borges,MIR,False,0,2305,2,2,,D. Borges,Lateral,0,0.0,Não Jogou,False
76,1,https://s3.glbimg.com/v1/AUTH_58d78b787ec34892b5aaa0c7a146155f/clubes_2025/silhuetas/FLU/FORMATO.png,2,0,0,0,samuel-xavier,Samuel Xavier,73384,Samuel Xavier Brito,FLU,False,0,266,2,9,,S. Xavier,Lateral,0,0.0,Não Jogou,False
77,1,https://s3.glbimg.com/v1/AUTH_58d78b787ec34892b5aaa0c7a146155f/clubes_2025/silhuetas/MIR/FORMATO.png,7,0,0,0,gabriel,Gabriel,73515,Gabriel Santana Pinto,MIR,False,0,2305,4,5,,Gabriel,Meia,0,0.0,Não Jogou,False
78,1,https://s3.glbimg.com/v1/AUTH_58d78b787ec34892b5aaa0c7a146155f/clubes_2025/silhuetas/SAN/FORMATO.png,6,0,0,0,rincon,Rincón,74187,Tomás Eduardo Rincón Hernández,SAN,False,0,277,4,5,,Rincón,Meia,0,0.0,Não Jogou,False
79,1,https://s3.glbimg.com/v1/AUTH_58d78b787ec34892b5aaa0c7a146155f/clubes_2025/silhuetas/COR/FORMATO.png,7,0,0,0,carrillo,Carrillo,77485,André Martín Carrillo Díaz,COR,False,0,264,4,8,,Carrillo,Meia,0,0.0,Não Jogou,False
80,1,https://s3.glbimg.com/v1/AUTH_58d78b787ec34892b5aaa0c7a146155f/clubes_2025/silhuetas/SAO/FORMATO.png,7,0,0,0,cedric-soares,Cédric Soares,77656,Cédric Ricardo Alves Soares,SAO,False,0,276,2,8,,C. Soares,Lateral,0,0.0,Não Jogou,False
81,1,https://s3.glbimg.com/v1/AUTH_58d78b787ec34892b5aaa0c7a146155f/clubes_2025/silhuetas/SPT/FORMATO.png,6,0,0,0,sergio-oliveira,Sérgio Oliveira,77664,Sérgio Miguel Relvas de Oliveira,SPT,False,0,292,4,8,,S. Oliveira,Meia,0,0.0,Não Jogou,False
82,1,https://s3.glbimg.com/v1/AUTH_58d78b787ec34892b5aaa0c7a146155f/clubes_2025/silhuetas/SAN/FORMATO.png,7,0,0,0,joao-schmidt,João Schmidt,77777,João Felipe Schmidt Urbano,SAN,False,0,277,4,6,,J. Schmidt,Meia,0,0.0,Não Jogou,False
83,1,https://s3.glbimg.com/v1/AUTH_58d78b787ec34892b5aaa0c7a146155f/clubes_2025/silhuetas/FLU/FORMATO.png,6,0,0,0,everaldo,Everaldo,78117,Everaldo Stum,FLU,False,0,266,5,6,,Everaldo,Atacante,0,0.0,Não Jogou,False
84,1,https://s3.glbimg.com/v1/AUTH_58d78b787ec34892b5aaa0c7a146155f/clubes_2025/silhuetas/COR/FORMATO.png,7,0,0,0,gustavo-henrique,Gustavo Henrique,78248,Gustavo Henrique Vernes,COR,False,0,264,3,7,,G. Henrique,Zagueiro,0,0.0,Não Jogou,False
85,1,https://s3.glbimg.com/v1/AUTH_58d78b787ec34892b5aaa0c7a146155f/clubes_2025/silhuetas/FLU/FORMATO.png,7,0,0,0,rene,Renê,78445,Renê Rodrigues Martins,FLU,False,0,266,2,6,,Renê,Lateral,0,0.0,Não Jogou,False
86,1,https://s3.glbimg.com/v1/AUTH_58d78b787ec34892b5aaa0c7a146155f/clubes_2025/silhuetas/RBB/FORMATO.png,7,0,0,0,gabriel,Gabriel,78605,Gabriel Girotto Franco,RBB,False,0,280,4,5,,Gabriel,Meia,0,0.0,Não Jogou,False
87,1,https://s3.glbimg.com/v1/AUTH_58d78b787ec34892b5aaa0c7a146155f/clubes_2025/silhuetas/MIR/FORMATO.png,7,0,0,0,reinaldo,Reinaldo,78850,Reinaldo Manoel da Silva,MIR,False,0,2305,2,9,,Reinaldo,Lateral,0,0.0,Não Jogou,False
88,1,https://s3.glbimg.com/v1/AUTH_58d78b787ec34892b5aaa0c7a146155f/clubes_2025/silhuetas/CEA/FORMATO.png,6,0,0,0,richard,Richard,78851,Richard de Oliveira Costa,CEA,False,0,354,1,5,,Richard,Goleiro,0,0.0,Não Jogou,False
89,1,https://s3.glbimg.com/v1/AUTH_58d78b787ec34892b5aaa0c7a146155f/clubes_2025/silhuetas/FLU/FORMATO.png,6,0,0,0,thiago-santos,Thiago Santos,78855,Thiago dos Santos,FLU,False,0,266,3,5,,T. Santos,Zagueiro,0,0.0,Não Jogou,False
90,1,https://s3.glbimg.com/v1/AUTH_58d78b787ec34892b5aaa0c7a146155f/clubes_2025/silhuetas/MIR/FORMATO.png,7,0,0,0,alex-muralha,Alex Muralha,79066,Alex Roberto Santana Rafael,MIR,False,0,2305,1,3,,A. Muralha,Goleiro,0,0.0,Não Jogou,False
91,1,https://s3.glbimg.com/v1/AUTH_58d78b787ec34892b5aaa0c7a146155f/clubes_2025/silhuetas/CEA/FORMATO.png,7,0,0,0,bruno-ferreira,Bruno Ferreira,79266,Bruno Ferreira Ventura Diniz - de Lins,CEA,False,0,354,1,4,,B. Ferreira,Goleiro,0,0.0,Não Jogou,False
92,1,https://s3.glbimg.com/v1/AUTH_58d78b787ec34892b5aaa0c7a146155f/clubes_2025/silhuetas/INT/FORMATO.png,7,0,0,0,roger-machado,Roger Machado,79437,Roger Machado Marques,INT,False,0,285,6,10,,R. Machado,Técnico,0,0.0,Não Jogou,False
93,1,https://s3.glbimg.com/v1/AUTH_58d78b787ec34892b5aaa0c7a146155f/clubes_2025/silhuetas/FLU/FORMATO.png,7,0,0,0,cano,Cano,79631,Germán Ezequiel Cano,FLU,False,0,266,5,13,,Cano,Atacante,0,0.0,Não Jogou,False
94,1,https://s3.glbimg.com/v1/AUTH_58d78b787ec34892b5aaa0c7a146155f/clubes_2025/silhuetas/CRU/FORMATO.png,6,0,0,0,lucas-silva,Lucas Silva,79701,Lucas Silva Borges,CRU,False,0,283,4,6,,L. Silva,Meia,0,0.0,Não Jogou,False
95,1,https://s3.glbimg.com/v1/AUTH_58d78b787ec34892b5aaa0c7a146155f/clubes_2025/silhuetas/SPT/FORMATO.png,6,0,0,0,antonio-carlos,Antônio Carlos,79702,Antônio Carlos Cunha Capocasali Júnior,SPT,False,0,292,3,4,,A. Carlos,Zagueiro,0,0.0,Não Jogou,False
96,1,https://s3.glbimg.com/v1/AUTH_58d78b787ec34892b5aaa0c7a146155f/clubes_2025/silhuetas/SPT/FORMATO.png,6,0,0,0,ze-roberto,Zé Roberto,80076,José Roberto Assunção de Araújo Filho,SPT,False,0,292,5,6,,Z. Roberto,Atacante,0,0.0,Não Jogou,False
97,1,https://s3.glbimg.com/v1/AUTH_58d78b787ec34892b5aaa0c7a146155f/clubes_2025/silhuetas/JUV/FORMATO.png,7,0,0,0,jadson,Jadson,80129,Jadson Alves dos Santos,JUV,False,0,286,4,6,,Jadson,Meia,0,0.0,Não Jogou,False
98,1,https://s3.glbimg.com/v1/AUTH_58d78b787ec34892b5aaa0c7a146155f/clubes_2025/silhuetas/FOR/FORMATO.png,6,0,0,0,yago-pikachu,Yago Pikachu,80196,Glaybson Yago Souza Lisboa,FOR,False,0,356,4,7,,Y. Pikachu,Meia,0,0.0,Não Jogou,False
99,1,https://s3.glbimg.com/v1/AUTH_58d78b787ec34892b5aaa0c7a146155f/clubes_2025/silhuetas/MIR/FORMATO.png,6,0,0,0,rafa-silva,Rafa Silva,80225,Rafael da Silva,MIR,False,0,2305,5,4,,R. Silva,Atacante,0,0.0,Não Jogou,False
100,1,https://s3.glbimg.com/v1/AUTH_58d78b787ec34892b5aaa0c7a146155f/clubes_2025/silhuetas/SAO/FORMATO.png,7,0,0,0,luciano,Luciano,80287,Luciano da Rocha Neves,SAO,False,0,276,5,12,,Luciano,Atacante,0,0.0,Não Jogou,False
101,1,https://s3.glbimg.com/v1/AUTH_58d78b787ec34892b5aaa0c7a146155f/clubes_2025/silhuetas/BAH/FORMATO.png,2,0,0,0,gilberto,Gilberto,80313,Gilberto Moraes Júnior,BAH,False,0,265,2,6,,Gilberto,Lateral,0,0.0,Não Jogou,False
102,1,https://s3.glbimg.com/v1/AUTH_58d78b787ec34892b5aaa0c7a146155f/clubes_2025/silhuetas/FOR/FORMATO.png,7,0,0,0,pol-fernandez,Pol Fernández,80544,Guillermo Matías Fernández,FOR,False,0,356,4,8,,P. Fernández,Meia,0,0.0,Não Jogou,False
103,1,https://s3.glbimg.com/v1/AUTH_58d78b787ec34892b5aaa0c7a146155f/clubes_2025/silhuetas/SAO/FORMATO.png,6,0,0,0,wendell,Wendell,80570,Wendell Nascimento Borges,SAO,False,0,276,2,11,,Wendell,Lateral,0,0.0,Não Jogou,False
104,1,https://s3.glbimg.com/v1/AUTH_58d78b787ec34892b5aaa0c7a146155f/clubes_2025/silhuetas/SPT/FORMATO.png,7,0,0,0,lucas-lima,Lucas Lima,80583,Lucas Rafael Araújo Lima,SPT,False,0,292,4,7,,L. Lima,Meia,0,0.0,Não Jogou,False
105,1,https://s3.glbimg.com/v1/AUTH_58d78b787ec34892b5aaa0c7a146155f/clubes_2025/silhuetas/VAS/FORMATO.png,7,0,0,0,jair,Jair,81091,Jair Rodrigues Júnior,VAS,False,0,267,4,7,,Jair,Meia,0,0.0,Não Jogou,False
106,1,https://s3.glbimg.com/v1/AUTH_58d78b787ec34892b5aaa0c7a146155f/clubes_2025/silhuetas/CEA/FORMATO.png,7,0,0,0,lucas-mugni,Lucas Mugni,81121,Lucas Andrés Mugni,CEA,False,0,354,4,5,,L. Mugni,Meia,0,0.0,Não Jogou,False
107,1,https://s3.glbimg.com/v1/AUTH_58d78b787ec34892b5aaa0c7a146155f/clubes_2025/silhuetas/PAL/FORMATO.png,6,0,0,0,mayke,Mayke,81150,Mayke Rocha de Oliveira,PAL,False,0,275,2,8,,Mayke,Lateral,0,0.0,Não Jogou,False
108,1,https://s3.glbimg.com/v1/AUTH_58d78b787ec34892b5aaa0c7a146155f/clubes_2025/silhuetas/SPT/FORMATO.png,7,0,0,0,goncalo-paciencia,Gonçalo Paciência,81401,Gonçalo Mendes Paciência,SPT,False,0,292,5,8,,G. Paciência,Atacante,0,0.0,Não Jogou,False
109,1,https://s3.glbimg.com/v1/AUTH_58d78b787ec34892b5aaa0c7a146155f/clubes_2025/silhuetas/SAO/FORMATO.png,7,0,0,0,alisson,Alisson,81845,Alisson Euler de Freitas Castro,SAO,False,0,276,4,8,,Alisson,Meia,0,0.0,Não Jogou,False
110,1,https://s3.glbimg.com/v1/AUTH_58d78b787ec34892b5aaa0c7a146155f/clubes_2025/silhuetas/FOR/FORMATO.png,7,0,0,0,joao-ricardo,João Ricardo,81881,João Ricardo Riedi,FOR,False,0,356,1,11,,J. Ricardo,Goleiro,0,0.0,Não Jogou,False
111,1,https://s3.glbimg.com/v1/AUTH_58d78b787ec34892b5aaa0c7a146155f/clubes_2025/silhuetas/VIT/FORMATO.png,7,0,0,0,willian-oliveira,Willian Oliveira,81952,Willian Osmar de Oliveira Silva,VIT,False,0,287,4,5,,W. Oliveira,Meia,0,0.0,Não Jogou,False
112,1,https://s3.glbimg.com/v1/AUTH_58d78b787ec34892b5aaa0c7a146155f/clubes_2025/silhuetas/MIR/FORMATO.png,7,0,0,0,chico-kim,Chico Kim,82407,Francisco Hyun-Sol Kim,MIR,False,0,2305,4,4,,C. Kim,Meia,0,0.0,Não Jogou,False
113,1,https://s3.glbimg.com/v1/AUTH_58d78b787ec34892b5aaa0c7a146155f/clubes_2025/silhuetas/FLU/FORMATO.png,7,0,0,0,otavio,Otávio,82463,Otávio Henrique Passos Santos,FLU,False,0,266,4,7,,Otávio,Meia,0,0.0,Não Jogou,False
114,1,https://s3.glbimg.com/v1/AUTH_58d78b787ec34892b5aaa0c7a146155f/clubes_2025/silhuetas/FLA/FORMATO.png,7,0,0,0,luiz-araujo,Luiz Araújo,82627,Luiz de Araújo Guimarães Neto,FLA,False,0,262,5,9,,L. Araújo,Atacante,0,0.0,Não Jogou,False
115,1,https://s3.glbimg.com/v1/AUTH_58d78b787ec34892b5aaa0c7a146155f/clubes_2025/silhuetas/FOR/FORMATO.png,6,0,0,0,tinga,Tinga,82628,Guilherme de Jesus da Silva,FOR,False,0,356,2,6,,Tinga,Lateral,0,0.0,Não Jogou,False
116,1,https://s3.glbimg.com/v1/AUTH_58d78b787ec34892b5aaa0c7a146155f/clubes_2025/silhuetas/VIT/FORMATO.png,7,0,0,0,wellington-rato,Wellington Rato,82766,Wellington Soares da Silva,VIT,False,0,287,4,8,,W. Rato,Meia,0,0.0,Não Jogou,False
117,1,https://s3.glbimg.com/v1/AUTH_58d78b787ec34892b5aaa0c7a146155f/clubes_2025/silhuetas/MIR/FORMATO.png,7,0,0,0,lucas-ramon,Lucas Ramon,82775,Lucas Ramon Batista Silva,MIR,False,0,2305,2,3,,L. Ramon,Lateral,0,0.0,Não Jogou,False
118,1,https://s3.glbimg.com/v1/AUTH_58d78b787ec34892b5aaa0c7a146155f/clubes_2025/silhuetas/SPT/FORMATO.png,6,0,0,0,rafael-thyere,Rafael Thyere,83048,Rafael Thyere de Albuquerque Marques,SPT,False,0,292,3,5,,R. Thyere,Zagueiro,0,0.0,Não Jogou,False
119,1,https://s3.glbimg.com/v1/AUTH_58d78b787ec34892b5aaa0c7a146155f/clubes_2025/silhuetas/CEA/FORMATO.png,6,0,0,0,recalde,Recalde,83252,Jorge Eduardo Recalde Ramírez,CEA,False,0,354,4,3,,Recalde,Meia,0,0.0,Não Jogou,False
120,1,https://s3.glbimg.com/v1/AUTH_58d78b787ec34892b5aaa0c7a146155f/clubes_2025/silhuetas/CRU/FORMATO.png,7,0,0,0,gabriel,Gabriel,83257,Gabriel Barbosa Almeida,CRU,False,0,283,5,8,,Gabriel,Atacante,0,0.0,Não Jogou,False
121,1,https://s3.glbimg.com/v1/AUTH_58d78b787ec34892b5aaa0c7a146155f/clubes_2025/silhuetas/SAN/FORMATO.png,6,0,0,0,julio-furch,Julio Furch,83276,Julio César Furch,SAN,False,0,277,5,4,,J. Furch,Atacante,0,0.0,Não Jogou,False
122,1,https://s3.glbimg.com/v1/AUTH_58d78b787ec34892b5aaa0c7a146155f/clubes_2025/silhuetas/FLA/FORMATO.png,2,0,0,0,leo-pereira,Léo Pereira,83528,Leonardo Pereira,FLA,False,0,262,3,10,,L. Pereira,Zagueiro,0,0.0,Não Jogou,False
123,1,https://s3.glbimg.com/v1/AUTH_58d78b787ec34892b5aaa0c7a146155f/clubes_2025/silhuetas/VIT/FORMATO.png,7,0,0,0,neris,Neris,83786,Hueglo dos Santos Neris,VIT,False,0,287,3,5,,Neris,Zagueiro,0,0.0,Não Jogou,False
124,1,https://s3.glbimg.com/v1/AUTH_58d78b787ec34892b5aaa0c7a146155f/clubes_2025/silhuetas/MIR/FORMATO.png,7,0,0,0,clayson,Clayson,83817,Clayson Henrique da Silva Vieira,MIR,False,0,2305,5,7,,Clayson,Atacante,0,0.0,Não Jogou,False
125,1,https://s3.glbimg.com/v1/AUTH_58d78b787ec34892b5aaa0c7a146155f/clubes_2025/silhuetas/SAN/FORMATO.png,7,0,0,0,tiquinho-soares,Tiquinho Soares,84042,Francisco das Chagas Soares dos Santos Meireles,SAN,False,0,277,5,12,,T. Soares,Atacante,0,0.0,Não Jogou,False
126,1,https://s3.glbimg.com/v1/AUTH_58d78b787ec34892b5aaa0c7a146155f/clubes_2025/silhuetas/GRE/FORMATO.png,7,0,0,0,jemerson,Jemerson,84263,Jemerson de Jesus Nascimento,GRE,False,0,284,3,6,,Jemerson,Zagueiro,0,0.0,Não Jogou,False
127,1,https://s3.glbimg.com/v1/AUTH_58d78b787ec34892b5aaa0c7a146155f/clubes_2025/silhuetas/CEA/FORMATO.png,7,0,0,0,fernando-sobral,Fernando Sobral,84428,Fernando Pereira do Nascimento,CEA,False,0,354,4,6,,F. Sobral,Meia,0,0.0,Não Jogou,False
128,1,https://s3.glbimg.com/v1/AUTH_58d78b787ec34892b5aaa0c7a146155f/clubes_2025/silhuetas/SPT/FORMATO.png,6,0,0,0,romarinho,Romarinho,84523,José Romário Silva de Souza,SPT,False,0,292,5,4,,Romarinho,Atacante,0,0.0,Não Jogou,False
129,1,https://s3.glbimg.com/v1/AUTH_58d78b787ec34892b5aaa0c7a146155f/clubes_2025/silhuetas/CRU/FORMATO.png,7,0,0,0,lucas-romero,Lucas Romero,84558,Lucas Daniel Romero,CRU,False,0,283,4,7,,L. Romero,Meia,0,0.0,Não Jogou,False
130,1,https://s3.glbimg.com/v1/AUTH_58d78b787ec34892b5aaa0c7a146155f/clubes_2025/silhuetas/PAL/FORMATO.png,6,0,0,0,lucas-evangelista,Lucas Evangelista,84674,Lucas Evangelista Santana de Oliveira,PAL,False,0,275,4,8,,L. Evangelista,Meia,0,0.0,Não Jogou,False
131,1,https://s3.glbimg.com/v1/AUTH_58d78b787ec34892b5aaa0c7a146155f/clubes_2025/silhuetas/FLA/FORMATO.png,6,0,0,0,varela,Varela,84816,Guillermo Varela Olivera,FLA,False,0,262,2,5,,Varela,Lateral,0,0.0,Não Jogou,False
132,1,https://s3.glbimg.com/v1/AUTH_58d78b787ec34892b5aaa0c7a146155f/clubes_2025/silhuetas/SAN/FORMATO.png,6,0,0,0,luan-peres,Luan Peres,84847,Luan Peres Petroni,SAN,False,0,277,3,6,,L. Peres,Zagueiro,0,0.0,Não Jogou,False
133,1,https://s3.glbimg.com/v1/AUTH_58d78b787ec34892b5aaa0c7a146155f/clubes_2025/silhuetas/BAH/FORMATO.png,7,0,0,0,marcos-felipe,Marcos Felipe,85004,Marcos Felipe de Freitas Monteiro,BAH,False,0,265,1,6,,M. Felipe,Goleiro,0,0.0,Não Jogou,False
134,1,https://s3.glbimg.com/v1/AUTH_58d78b787ec34892b5aaa0c7a146155f/clubes_2025/silhuetas/COR/FORMATO.png,7,0,0,0,memphis-depay,Memphis Depay,85048,Memphis Depay,COR,False,0,264,5,16,,M. Depay,Atacante,0,0.0,Não Jogou,False
135,1,https://s3.glbimg.com/v1/AUTH_58d78b787ec34892b5aaa0c7a146155f/clubes_2025/silhuetas/MIR/FORMATO.png,7,0,0,0,danielzinho,Danielzinho,85403,Daniel de Oliveira Sertanejo,MIR,False,0,2305,4,3,,Danielzinho,Meia,0,0.0,Não Jogou,False
136,1,https://s3.glbimg.com/v1/AUTH_58d78b787ec34892b5aaa0c7a146155f/clubes_2025/silhuetas/SAN/FORMATO.png,6,0,0,0,joao-paulo,João Paulo,85425,João Paulo Silva Martins,SAN,False,0,277,1,7,,J. Paulo,Goleiro,0,0.0,Não Jogou,False
137,1,https://s3.glbimg.com/v1/AUTH_58d78b787ec34892b5aaa0c7a146155f/clubes_2025/silhuetas/COR/FORMATO.png,6,0,0,0,alex-santana,Alex Santana,85465,Alex Paulo Menezes Santana,COR,False,0,264,4,6,,A. Santana,Meia,0,0.0,Não Jogou,False
138,1,https://s3.glbimg.com/v1/AUTH_58d78b787ec34892b5aaa0c7a146155f/clubes_2025/silhuetas/VIT/FORMATO.png,6,0,0,0,ricardo-ryller,Ricardo Ryller,85856,Ricardo Ryller Ribeiro Lino Silva,VIT,False,0,287,4,4,,R. Ryller,Meia,0,0.0,Não Jogou,False
139,1,https://s3.glbimg.com/v1/AUTH_58d78b787ec34892b5aaa0c7a146155f/clubes_2025/silhuetas/CEA/FORMATO.png,7,0,0,0,aylon,Aylon,85930,Aylon Darwin Tavella,CEA,False,0,354,5,4,,Aylon,Atacante,0,0.0,Não Jogou,False
140,1,https://s3.glbimg.com/v1/AUTH_58d78b787ec34892b5aaa0c7a146155f/clubes_2025/silhuetas/SPT/FORMATO.png,6,0,0,0,hyoran,Hyoran,85931,Hyoran Kaue Dalmoro,SPT,False,0,292,4,5,,Hyoran,Meia,0,0.0,Não Jogou,False
141,1,https://s3.glbimg.com/v1/AUTH_58d78b787ec34892b5aaa0c7a146155f/clubes_2025/silhuetas/CRU/FORMATO.png,6,0,0,0,bolasie,Bolasie,86292,Yannick Bolasie,CRU,False,0,283,5,7,,Bolasie,Atacante,0,0.0,Não Jogou,False
142,1,https://s3.glbimg.com/v1/AUTH_58d78b787ec34892b5aaa0c7a146155f/clubes_2025/silhuetas/VAS/FORMATO.png,6,0,0,0,victor-luis,Victor Luis,86410,Victor Luis Chuab Zamblauskas,VAS,False,0,267,2,4,,V. Luis,Lateral,0,0.0,Não Jogou,False
143,1,https://s3.glbimg.com/v1/AUTH_58d78b787ec34892b5aaa0c7a146155f/clubes_2025/silhuetas/FLU/FORMATO.png,6,0,0,0,keno,Keno,86485,Marcos da Silva França,FLU,False,0,266,5,8,,Keno,Atacante,0,0.0,Não Jogou,False
144,1,https://s3.glbimg.com/v1/AUTH_58d78b787ec34892b5aaa0c7a146155f/clubes_2025/silhuetas/SAO/FORMATO.png,6,0,0,0,jandrei,Jandrei,86508,Jandrei Chitolina Carniel,SAO,False,0,276,1,5,,Jandrei,Goleiro,0,0.0,Não Jogou,False
145,1,https://s3.glbimg.com/v1/AUTH_58d78b787ec34892b5aaa0c7a146155f/clubes_2025/silhuetas/CEA/FORMATO.png,6,0,0,0,richardson,Richardson,86536,Richardson Fernandes dos Santos,CEA,False,0,354,4,4,,Richardson,Meia,0,0.0,Não Jogou,False
146,1,https://s3.glbimg.com/v1/AUTH_58d78b787ec34892b5aaa0c7a146155f/clubes_2025/silhuetas/VAS/FORMATO.png,6,0,0,0,tche-tche,Tchê Tchê,86686,Danilo das Neves Pinheiro,VAS,False,0,267,4,7,,T. Tchê,Meia,0,0.0,Não Jogou,False
147,1,https://s3.glbimg.com/v1/AUTH_58d78b787ec34892b5aaa0c7a146155f/clubes_2025/silhuetas/FLA/FORMATO.png,6,0,0,0,everton,Everton,86757,Everton Sousa Soares,FLA,False,0,262,5,13,,Everton,Atacante,0,0.0,Não Jogou,False
148,1,https://s3.glbimg.com/v1/AUTH_58d78b787ec34892b5aaa0c7a146155f/clubes_2025/silhuetas/FOR/FORMATO.png,7,0,0,0,matheus-rossetto,Matheus Rossetto,86766,Matheus Rossetto,FOR,False,0,356,4,5,,M. Rossetto,Meia,0,0.0,Não Jogou,False
149,1,https://s3.glbimg.com/v1/AUTH_58d78b787ec34892b5aaa0c7a146155f/clubes_2025/silhuetas/BOT/FORMATO.png,6,0,0,0,danilo-barbosa,Danilo Barbosa,86777,Danilo Barbosa da Silva,BOT,False,0,263,4,6,,D. Barbosa,Meia,0,0.0,Não Jogou,False
150,1,https://s3.glbimg.com/v1/AUTH_58d78b787ec34892b5aaa0c7a146155f/clubes_2025/silhuetas/JUV/FORMATO.png,6,0,0,0,reginaldo,Reginaldo,86820,Reginaldo Lopes de Jesus,JUV,False,0,286,2,3,,Reginaldo,Lateral,0,0.0,Não Jogou,False
151,1,https://s3.glbimg.com/v1/AUTH_58d78b787ec34892b5aaa0c7a146155f/clubes_2025/silhuetas/FOR/FORMATO.png,6,0,0,0,jose-welison,José Welison,86859,José Welison da Silva,FOR,False,0,356,4,6,,J. Welison,Meia,0,0.0,Não Jogou,False
152,1,https://s3.glbimg.com/v1/AUTH_58d78b787ec34892b5aaa0c7a146155f/clubes_2025/silhuetas/MIR/FORMATO.png,6,0,0,0,luiz-otavio,Luiz Otávio,86863,Luiz Otávio da Silva Santos,MIR,False,0,2305,3,4,,L. Otávio,Zagueiro,0,0.0,Não Jogou,False
153,1,https://s3.glbimg.com/v1/AUTH_58d78b787ec34892b5aaa0c7a146155f/clubes_2025/silhuetas/VAS/FORMATO.png,7,0,0,0,leo-jardim,Léo Jardim,87008,Leonardo César Jardim,VAS,False,0,267,1,12,,L. Jardim,Goleiro,0,0.0,Não Jogou,False
154,1,https://s3.glbimg.com/v1/AUTH_58d78b787ec34892b5aaa0c7a146155f/clubes_2025/silhuetas/GRE/FORMATO.png,6,0,0,0,nathan,Nathan,87009,Nathan Allan de Souza,GRE,False,0,284,4,4,,Nathan,Meia,0,0.0,Não Jogou,False
155,1,https://s3.glbimg.com/v1/AUTH_58d78b787ec34892b5aaa0c7a146155f/clubes_2025/silhuetas/RBB/FORMATO.png,7,0,0,0,pedro-henrique,Pedro Henrique,87225,Pedro Henrique Ribeiro Gonçalves,RBB,False,0,280,3,7,,P. Henrique,Zagueiro,0,0.0,Não Jogou,False
156,1,https://s3.glbimg.com/v1/AUTH_58d78b787ec34892b5aaa0c7a146155f/clubes_2025/silhuetas/CAM/FORMATO.png,7,0,0,0,guilherme-arana,Guilherme Arana,87228,Guilherme Antonio Arana Lopes,CAM,False,0,282,2,12,,G. Arana,Lateral,0,0.0,Não Jogou,False
157,1,https://s3.glbimg.com/v1/AUTH_58d78b787ec34892b5aaa0c7a146155f/clubes_2025/silhuetas/SAN/FORMATO.png,7,0,0,0,soteldo,Soteldo,87258,Yeferson Julio Soteldo Martínez,SAN,False,0,277,5,15,,Soteldo,Atacante,0,0.0,Não Jogou,False
158,1,https://s3.glbimg.com/v1/AUTH_58d78b787ec34892b5aaa0c7a146155f/clubes_2025/silhuetas/VIT/FORMATO.png,6,0,0,0,dionisio,Dionísio,87274,Dionísio Pereira de Souza Neto,VIT,False,0,287,4,2,,Dionísio,Meia,0,0.0,Não Jogou,False
159,1,https://s3.glbimg.com/v1/AUTH_58d78b787ec34892b5aaa0c7a146155f/clubes_2025/silhuetas/GRE/FORMATO.png,6,0,0,0,kannemann,Kannemann,87342,Walter Kannemann,GRE,False,0,284,3,5,,Kannemann,Zagueiro,0,0.0,Não Jogou,False
160,1,https://s3.glbimg.com/v1/AUTH_58d78b787ec34892b5aaa0c7a146155f/clubes_2025/silhuetas/SAN/FORMATO.png,6,0,0,0,thaciano,Thaciano,87470,Thaciano Mickael da Silva,SAN,False,0,277,4,7,,Thaciano,Meia,0,0.0,Não Jogou,False
161,1,https://s3.glbimg.com/v1/AUTH_58d78b787ec34892b5aaa0c7a146155f/clubes_2025/silhuetas/MIR/FORMATO.png,7,0,0,0,neto-moura,Neto Moura,87742,Antônio Francisco Moura Neto,MIR,False,0,2305,4,5,,N. Moura,Meia,0,0.0,Não Jogou,False
162,1,https://s3.glbimg.com/v1/AUTH_58d78b787ec34892b5aaa0c7a146155f/clubes_2025/silhuetas/BAH/FORMATO.png,6,0,0,0,yago-felipe,Yago Felipe,87747,Yago Felipe da Costa Rocha,BAH,False,0,265,4,5,,Y. Felipe,Meia,0,0.0,Não Jogou,False
163,1,https://s3.glbimg.com/v1/AUTH_58d78b787ec34892b5aaa0c7a146155f/clubes_2025/silhuetas/BOT/FORMATO.png,6,0,0,0,philipe-sampaio,Philipe Sampaio,87808,Philipe Sampaio Azevedo,BOT,False,0,263,3,3,,P. Sampaio,Zagueiro,0,0.0,Não Jogou,False
164,1,https://s3.glbimg.com/v1/AUTH_58d78b787ec34892b5aaa0c7a146155f/clubes_2025/silhuetas/VAS/FORMATO.png,6,0,0,0,mauricio-lemos,Mauricio Lemos,87853,Paolo Mauricio Lemos Merladett,VAS,False,0,267,3,6,,M. Lemos,Zagueiro,0,0.0,Não Jogou,False
165,1,https://s3.glbimg.com/v1/AUTH_58d78b787ec34892b5aaa0c7a146155f/clubes_2025/silhuetas/FLA/FORMATO.png,7,0,0,0,arrascaeta,Arrascaeta,87863,Giorgian Daniel de Arrascaeta Benedetti,FLA,False,0,262,4,17,,Arrascaeta,Meia,0,0.0,Não Jogou,False
166,1,https://s3.glbimg.com/v1/AUTH_58d78b787ec34892b5aaa0c7a146155f/clubes_2025/silhuetas/CAM/FORMATO.png,7,0,0,0,gustavo-scarpa,Gustavo Scarpa,87999,Gustavo Henrique Furtado Scarpa,CAM,False,0,282,4,17,,G. Scarpa,Meia,0,0.0,Não Jogou,False
167,1,https://s3.glbimg.com/v1/AUTH_58d78b787ec34892b5aaa0c7a146155f/clubes_2025/silhuetas/MIR/FORMATO.png,7,0,0,0,alan-empereur,Alan Empereur,88033,Alan Pereira Empereur,MIR,False,0,2305,3,5,,A. Empereur,Zagueiro,0,0.0,Não Jogou,False
168,1,https://s3.glbimg.com/v1/AUTH_58d78b787ec34892b5aaa0c7a146155f/clubes_2025/silhuetas/CEA/FORMATO.png,7,0,0,0,ramon-menezes,Ramon Menezes,88087,Ramon Menezes Roma,CEA,False,0,354,3,6,,R. Menezes,Zagueiro,0,0.0,Não Jogou,False
169,1,https://s3.glbimg.com/v1/AUTH_58d78b787ec34892b5aaa0c7a146155f/clubes_2025/silhuetas/INT/FORMATO.png,6,0,0,0,ivan,Ivan,88136,Ivan Quaresma da Silva,INT,False,0,285,1,4,,Ivan,Goleiro,0,0.0,Não Jogou,False
170,1,https://s3.glbimg.com/v1/AUTH_58d78b787ec34892b5aaa0c7a146155f/clubes_2025/silhuetas/CAM/FORMATO.png,7,0,0,0,junior-alonso,Junior Alonso,88312,Júnior Osmar Ignacio Alonso Mujica,CAM,False,0,282,3,6,,J. Alonso,Zagueiro,0,0.0,Não Jogou,False
171,1,https://s3.glbimg.com/v1/AUTH_58d78b787ec34892b5aaa0c7a146155f/clubes_2025/silhuetas/COR/FORMATO.png,6,0,0,0,angel-romero,Ángel Romero,88323,Ángel Rodrigo Romero Villamayor,COR,False,0,264,5,9,,Ã. Romero,Atacante,0,0.0,Não Jogou,False
172,1,https://s3.glbimg.com/v1/AUTH_58d78b787ec34892b5aaa0c7a146155f/clubes_2025/silhuetas/FLA/FORMATO.png,6,0,0,0,ayrton-lucas,Ayrton Lucas,88393,Ayrton Lucas Dantas de Medeiros,FLA,False,0,262,2,9,,A. Lucas,Lateral,0,0.0,Não Jogou,False
173,1,https://s3.glbimg.com/v1/AUTH_58d78b787ec34892b5aaa0c7a146155f/clubes_2025/silhuetas/SAN/FORMATO.png,6,0,0,0,aderlan,Aderlan,88423,Aderlan de Lima Silva,SAN,False,0,277,2,5,,Aderlan,Lateral,0,0.0,Não Jogou,False
174,1,https://s3.glbimg.com/v1/AUTH_58d78b787ec34892b5aaa0c7a146155f/clubes_2025/silhuetas/CRU/FORMATO.png,6,0,0,0,walace,Walace,88479,Walace Souza Silva,CRU,False,0,283,4,6,,Walace,Meia,0,0.0,Não Jogou,False
175,1,https://s3.glbimg.com/v1/AUTH_58d78b787ec34892b5aaa0c7a146155f/clubes_2025/silhuetas/CRU/FORMATO.png,7,0,0,0,leonardo-jardim,Leonardo Jardim,88963,José Leonardo Nunes Alves Sousa Jardim,CRU,False,0,283,6,8,,L. Jardim,Técnico,0,0.0,Não Jogou,False
176,1,https://s3.glbimg.com/v1/AUTH_58d78b787ec34892b5aaa0c7a146155f/clubes_2025/silhuetas/COR/FORMATO.png,6,0,0,0,hector-hernandez,Héctor Hernández,89048,Héctor José Hernández Marrero,COR,False,0,264,5,3,,H. Hernández,Atacante,0,0.0,Não Jogou,False
177,1,https://s3.glbimg.com/v1/AUTH_58d78b787ec34892b5aaa0c7a146155f/clubes_2025/silhuetas/FLA/FORMATO.png,7,0,0,0,gerson,Gerson,89256,Gerson Santos da Silva,FLA,False,0,262,4,13,,Gerson,Meia,0,0.0,Não Jogou,False
178,1,https://s3.glbimg.com/v1/AUTH_58d78b787ec34892b5aaa0c7a146155f/clubes_2025/silhuetas/GRE/FORMATO.png,7,0,0,0,joao-pedro,João Pedro,89273,João Pedro Maturano dos Santos,GRE,False,0,284,2,7,,J. Pedro,Lateral,0,0.0,Não Jogou,False
179,1,https://s3.glbimg.com/v1/AUTH_58d78b787ec34892b5aaa0c7a146155f/clubes_2025/silhuetas/CRU/FORMATO.png,7,0,0,0,william,William,89275,Willian de Asevedo Furtado,CRU,False,0,283,2,13,,William,Lateral,0,0.0,Não Jogou,False
180,1,https://s3.glbimg.com/v1/AUTH_58d78b787ec34892b5aaa0c7a146155f/clubes_2025/silhuetas/MIR/FORMATO.png,6,0,0,0,matheus-sales,Matheus Sales,89285,Matheus de Sales Cabral,MIR,False,0,2305,4,4,,M. Sales,Meia,0,0.0,Não Jogou,False
181,1,https://s3.glbimg.com/v1/AUTH_58d78b787ec34892b5aaa0c7a146155f/clubes_2025/silhuetas/GRE/FORMATO.png,7,0,0,0,braithwaite,Braithwaite,89368,Martin Christensen Braithwaite,GRE,False,0,284,5,18,,Braithwaite,Atacante,0,0.0,Não Jogou,False
182,1,https://s3.glbimg.com/v1/AUTH_58d78b787ec34892b5aaa0c7a146155f/clubes_2025/silhuetas/CAM/FORMATO.png,6,0,0,0,igor-rabello,Igor Rabello,89493,Igor Rabello da Costa,CAM,False,0,282,3,5,,I. Rabello,Zagueiro,0,0.0,Não Jogou,False
183,1,https://s3.glbimg.com/v1/AUTH_58d78b787ec34892b5aaa0c7a146155f/clubes_2025/silhuetas/INT/FORMATO.png,6,0,0,0,thiago-maia,Thiago Maia,89637,Thiago Maia Alencar,INT,False,0,285,4,6,,T. Maia,Meia,0,0.0,Não Jogou,False
184,1,https://s3.glbimg.com/v1/AUTH_58d78b787ec34892b5aaa0c7a146155f/clubes_2025/silhuetas/MIR/FORMATO.png,7,0,0,0,iury-castilho,Iury Castilho,89695,Iury Lirio Freitas de Castilho,MIR,False,0,2305,5,6,,I. Castilho,Atacante,0,0.0,Não Jogou,False
185,1,https://s3.glbimg.com/v1/AUTH_58d78b787ec34892b5aaa0c7a146155f/clubes_2025/silhuetas/SAO/FORMATO.png,7,0,0,0,calleri,Calleri,89840,Jonathan Calleri,SAO,False,0,276,5,10,,Calleri,Atacante,0,0.0,Não Jogou,False
186,1,https://s3.glbimg.com/v1/AUTH_58d78b787ec34892b5aaa0c7a146155f/clubes_2025/silhuetas/GRE/FORMATO.png,6,0,0,0,cristaldo,Cristaldo,89846,Franco Cristaldo,GRE,False,0,284,4,10,,Cristaldo,Meia,0,0.0,Não Jogou,False
187,1,https://s3.glbimg.com/v1/AUTH_58d78b787ec34892b5aaa0c7a146155f/clubes_2025/silhuetas/GRE/FORMATO.png,6,0,0,0,dodi,Dodi,89883,Douglas Moreira Fagundes,GRE,False,0,284,4,4,,Dodi,Meia,0,0.0,Não Jogou,False
188,1,https://s3.glbimg.com/v1/AUTH_58d78b787ec34892b5aaa0c7a146155f/clubes_2025/silhuetas/FOR/FORMATO.png,6,0,0,0,bruno-pacheco,Bruno Pacheco,90061,Bruno de Jesus Pacheco,FOR,False,0,356,2,8,,B. Pacheco,Lateral,0,0.0,Não Jogou,False
189,1,https://s3.glbimg.com/v1/AUTH_58d78b787ec34892b5aaa0c7a146155f/clubes_2025/silhuetas/FLA/FORMATO.png,6,0,0,0,bruno-henrique,Bruno Henrique,90285,Bruno Henrique Pinto,FLA,False,0,262,5,8,,B. Henrique,Atacante,0,0.0,Não Jogou,False
190,1,https://s3.glbimg.com/v1/AUTH_58d78b787ec34892b5aaa0c7a146155f/clubes_2025/silhuetas/FLA/FORMATO.png,6,0,0,0,juninho,Juninho,90307,Olávio Vieira dos Santos Júnior,FLA,False,0,262,5,5,,Juninho,Atacante,0,0.0,Não Jogou,False
191,1,https://s3.glbimg.com/v1/AUTH_58d78b787ec34892b5aaa0c7a146155f/clubes_2025/silhuetas/VAS/FORMATO.png,6,0,0,0,david,David,90309,David Correa da Fonseca,VAS,False,0,267,5,6,,David,Atacante,0,0.0,Não Jogou,False
192,1,https://s3.glbimg.com/v1/AUTH_58d78b787ec34892b5aaa0c7a146155f/clubes_2025/silhuetas/BAH/FORMATO.png,6,0,0,0,rezende,Rezende,90449,Júlio César de Rezende Miranda,BAH,False,0,265,4,3,,Rezende,Meia,0,0.0,Não Jogou,False
193,1,https://s3.glbimg.com/v1/AUTH_58d78b787ec34892b5aaa0c7a146155f/clubes_2025/silhuetas/JUV/FORMATO.png,6,0,0,0,caique,Caíque,90588,Caique de Jesus Gonçalves,JUV,False,0,286,4,4,,Caíque,Meia,0,0.0,Não Jogou,False
194,1,https://s3.glbimg.com/v1/AUTH_58d78b787ec34892b5aaa0c7a146155f/clubes_2025/silhuetas/VIT/FORMATO.png,6,0,0,0,matheuzinho,Matheuzinho,90703,Matheus Martins Fogaça de Paulo,VIT,False,0,287,4,11,,Matheuzinho,Meia,0,0.0,Não Jogou,False
195,1,https://s3.glbimg.com/v1/AUTH_58d78b787ec34892b5aaa0c7a146155f/clubes_2025/silhuetas/CRU/FORMATO.png,7,0,0,0,fabricio-bruno,Fabrício Bruno,90768,Fabrício Bruno Soares de Faria,CRU,False,0,283,3,11,,F. Bruno,Zagueiro,0,0.0,Não Jogou,False
196,1,https://s3.glbimg.com/v1/AUTH_58d78b787ec34892b5aaa0c7a146155f/clubes_2025/silhuetas/VIT/FORMATO.png,6,0,0,0,carlos-eduardo,Carlos Eduardo,90917,Carlos Eduardo Ferreira de Souza,VIT,False,0,287,5,4,,C. Eduardo,Atacante,0,0.0,Não Jogou,False
197,1,https://s3.glbimg.com/v1/AUTH_58d78b787ec34892b5aaa0c7a146155f/clubes_2025/silhuetas/VIT/FORMATO.png,6,0,0,0,ze-marcos,Zé Marcos,90943,José Marcos Alves Luis,VIT,False,0,287,3,4,,Z. Marcos,Zagueiro,0,0.0,Não Jogou,False
198,1,https://s3.glbimg.com/v1/AUTH_58d78b787ec34892b5aaa0c7a146155f/clubes_2025/silhuetas/CEA/FORMATO.png,7,0,0,0,fernandinho,Fernandinho,91130,Fernando José Marques Maciel,CEA,False,0,354,5,5,,Fernandinho,Atacante,0,0.0,Não Jogou,False
199,1,https://s3.glbimg.com/v1/AUTH_58d78b787ec34892b5aaa0c7a146155f/clubes_2025/silhuetas/CEA/FORMATO.png,6,0,0,0,eder,Éder,91203,Éder Ferreira Graminho,CEA,False,0,354,3,3,,Éder,Zagueiro,0,0.0,Não Jogou,False
200,1,https://s3.glbimg.com/v1/AUTH_58d78b787ec34892b5aaa0c7a146155f/clubes_2025/silhuetas/FLA/FORMATO.png,7,0,0,0,erick-pulgar,Erick Pulgar,91473,Erick Antonio Pulgar Farfán,FLA,False,0,262,4,9,,E. Pulgar,Meia,0,0.0,Não Jogou,False
201,1,https://s3.glbimg.com/v1/AUTH_58d78b787ec34892b5aaa0c7a146155f/clubes_2025/silhuetas/JUV/FORMATO.png,6,0,0,0,rodrigo-sam,Rodrigo Sam,91509,Rodrigo Eduardo da Silva,JUV,False,0,286,3,4,,R. Sam,Zagueiro,0,0.0,Não Jogou,False
202,1,https://s3.glbimg.com/v1/AUTH_58d78b787ec34892b5aaa0c7a146155f/clubes_2025/silhuetas/SAO/FORMATO.png,7,0,0,0,arboleda,Arboleda,91573,Robert Abel Arboleda Escobar,SAO,False,0,276,3,8,,Arboleda,Zagueiro,0,0.0,Não Jogou,False
203,1,https://s3.glbimg.com/v1/AUTH_58d78b787ec34892b5aaa0c7a146155f/clubes_2025/silhuetas/CAM/FORMATO.png,7,0,0,0,rony,Rony,91607,Ronielson da Silva Barbosa,CAM,False,0,282,5,12,,Rony,Atacante,0,0.0,Não Jogou,False
204,1,https://s3.glbimg.com/v1/AUTH_58d78b787ec34892b5aaa0c7a146155f/clubes_2025/silhuetas/JUV/FORMATO.png,7,0,0,0,dudu-vieira,Dudu Vieira,91627,Carlos Eduardo de Souza Vieira,JUV,False,0,286,4,3,,D. Vieira,Meia,0,0.0,Não Jogou,False
205,1,https://s3.glbimg.com/v1/AUTH_58d78b787ec34892b5aaa0c7a146155f/clubes_2025/silhuetas/SPT/FORMATO.png,7,0,0,0,igor-carius,Igor Cariús,91639,Igor Aquino da Silva,SPT,False,0,292,2,5,,I. Cariús,Lateral,0,0.0,Não Jogou,False
206,1,https://s3.glbimg.com/v1/AUTH_58d78b787ec34892b5aaa0c7a146155f/clubes_2025/silhuetas/CRU/FORMATO.png,2,0,0,0,marlon,Marlon,91706,Marlon Rodrigues Xavier,CRU,False,0,283,2,7,,Marlon,Lateral,0,0.0,Não Jogou,False
207,1,https://s3.glbimg.com/v1/AUTH_58d78b787ec34892b5aaa0c7a146155f/clubes_2025/silhuetas/BAH/FORMATO.png,6,0,0,0,david-duarte,David Duarte,91772,David de Duarte Macedo,BAH,False,0,265,3,4,,D. Duarte,Zagueiro,0,0.0,Não Jogou,False
208,1,https://s3.glbimg.com/v1/AUTH_58d78b787ec34892b5aaa0c7a146155f/clubes_2025/silhuetas/SPT/FORMATO.png,7,0,0,0,caique-franca,Caíque França,91808,Caíque França Godoy,SPT,False,0,292,1,4,,C. França,Goleiro,0,0.0,Não Jogou,False
209,1,https://s3.glbimg.com/v1/AUTH_58d78b787ec34892b5aaa0c7a146155f/clubes_2025/silhuetas/SAN/FORMATO.png,7,0,0,0,ze-ivaldo,Zé Ivaldo,91866,José Ivaldo Almeida Silva,SAN,False,0,277,3,6,,Z. Ivaldo,Zagueiro,0,0.0,Não Jogou,False
210,1,https://s3.glbimg.com/v1/AUTH_58d78b787ec34892b5aaa0c7a146155f/clubes_2025/silhuetas/GRE/FORMATO.png,6,0,0,0,pavon,Pavón,91908,Cristian David Pavón,GRE,False,0,284,5,7,,Pavón,Atacante,0,0.0,Não Jogou,False
211,1,https://s3.glbimg.com/v1/AUTH_58d78b787ec34892b5aaa0c7a146155f/clubes_2025/silhuetas/COR/FORMATO.png,7,0,0,0,ramon-diaz,Ramón Díaz,92075,Ramón Ángel Díaz,COR,False,0,264,6,9,,R. Díaz,Técnico,0,0.0,Não Jogou,False
212,1,https://s3.glbimg.com/v1/AUTH_58d78b787ec34892b5aaa0c7a146155f/clubes_2025/silhuetas/JUV/FORMATO.png,6,0,0,0,giovanny,Giovanny,92085,Giovanny Bariani Marques,JUV,False,0,286,5,3,,Giovanny,Atacante,0,0.0,Não Jogou,False
213,1,https://s3.glbimg.com/v1/AUTH_58d78b787ec34892b5aaa0c7a146155f/clubes_2025/silhuetas/CAM/FORMATO.png,7,0,0,0,lyanco,Lyanco,92087,Lyanco Evangelista Silveira Neves Vojnovic,CAM,False,0,282,3,7,,Lyanco,Zagueiro,0,0.0,Não Jogou,False
214,1,https://s3.glbimg.com/v1/AUTH_58d78b787ec34892b5aaa0c7a146155f/clubes_2025/silhuetas/GRE/FORMATO.png,6,0,0,0,rodrigo-ely,Rodrigo Ely,92237,Rodrigo Ely,GRE,False,0,284,3,6,,R. Ely,Zagueiro,0,0.0,Não Jogou,False
215,1,https://s3.glbimg.com/v1/AUTH_58d78b787ec34892b5aaa0c7a146155f/clubes_2025/silhuetas/COR/FORMATO.png,6,0,0,0,andre-ramalho,André Ramalho,92440,André Ramalho Silva,COR,False,0,264,3,7,,A. Ramalho,Zagueiro,0,0.0,Não Jogou,False
216,1,https://s3.glbimg.com/v1/AUTH_58d78b787ec34892b5aaa0c7a146155f/clubes_2025/silhuetas/FOR/FORMATO.png,6,0,0,0,renato-kayzer,Renato Kayzer,92696,Renato Kayzer de Souza,FOR,False,0,356,5,4,,R. Kayzer,Atacante,0,0.0,Não Jogou,False
217,1,https://s3.glbimg.com/v1/AUTH_58d78b787ec34892b5aaa0c7a146155f/clubes_2025/silhuetas/CAM/FORMATO.png,6,0,0,0,deyverson,Deyverson,92708,Deyverson Brum Silva Acosta,CAM,False,0,282,5,7,,Deyverson,Atacante,0,0.0,Não Jogou,False
218,1,https://s3.glbimg.com/v1/AUTH_58d78b787ec34892b5aaa0c7a146155f/clubes_2025/silhuetas/PAL/FORMATO.png,6,0,0,0,bruno-rodrigues,Bruno Rodrigues,92811,Bruno Rafael Rodrigues do Nascimento,PAL,False,0,275,5,6,,B. Rodrigues,Atacante,0,0.0,Não Jogou,False
219,1,https://s3.glbimg.com/v1/AUTH_58d78b787ec34892b5aaa0c7a146155f/clubes_2025/silhuetas/INT/FORMATO.png,6,0,0,0,borre,Borré,92854,Rafael Santos Borré Maury,INT,False,0,285,5,19,,Borré,Atacante,0,0.0,Não Jogou,False
220,1,https://s3.glbimg.com/v1/AUTH_58d78b787ec34892b5aaa0c7a146155f/clubes_2025/silhuetas/INT/FORMATO.png,6,0,0,0,ronaldo,Ronaldo,92981,Ronaldo da Silva Souza Guerrero,INT,False,0,285,4,5,,Ronaldo,Meia,0,0.0,Não Jogou,False
221,1,https://s3.glbimg.com/v1/AUTH_58d78b787ec34892b5aaa0c7a146155f/clubes_2025/silhuetas/CEA/FORMATO.png,6,0,0,0,rafael-ramos,Rafael Ramos,93236,Rafael António Figueiredo Ramos,CEA,False,0,354,2,4,,R. Ramos,Lateral,0,0.0,Não Jogou,False
222,1,https://s3.glbimg.com/v1/AUTH_58d78b787ec34892b5aaa0c7a146155f/clubes_2025/silhuetas/SAN/FORMATO.png,6,0,0,0,joao-basso,João Basso,93372,João Othávio Basso,SAN,False,0,277,3,5,,J. Basso,Zagueiro,0,0.0,Não Jogou,False
223,1,https://s3.glbimg.com/v1/AUTH_58d78b787ec34892b5aaa0c7a146155f/clubes_2025/silhuetas/CRU/FORMATO.png,7,0,0,0,wanderson,Wanderson,93478,Wanderson Maciel Sousa Campos,CRU,False,0,283,5,8,,Wanderson,Atacante,0,0.0,Não Jogou,False
224,1,https://s3.glbimg.com/v1/AUTH_58d78b787ec34892b5aaa0c7a146155f/clubes_2025/silhuetas/CEA/FORMATO.png,6,0,0,0,bruno-tubarao,Bruno Tubarão,93637,Bruno Nunes de Barros,CEA,False,0,354,2,4,,B. Tubarão,Lateral,0,0.0,Não Jogou,False
225,1,https://s3.glbimg.com/v1/AUTH_58d78b787ec34892b5aaa0c7a146155f/clubes_2025/silhuetas/VAS/FORMATO.png,7,0,0,0,paulo-henrique,Paulo Henrique,93716,Paulo Henrique de Oliveira Alves,VAS,False,0,267,2,7,,P. Henrique,Lateral,0,0.0,Não Jogou,False
226,1,https://s3.glbimg.com/v1/AUTH_58d78b787ec34892b5aaa0c7a146155f/clubes_2025/silhuetas/BOT/FORMATO.png,7,0,0,0,marlon-freitas,Marlon Freitas,93790,Marlon Rodrigues Freitas,BOT,False,0,263,4,10,,M. Freitas,Meia,0,0.0,Não Jogou,False
227,1,https://s3.glbimg.com/v1/AUTH_58d78b787ec34892b5aaa0c7a146155f/clubes_2025/silhuetas/CEA/FORMATO.png,6,0,0,0,keiller,Keiller,93834,Keiller da Silva Nunes,CEA,False,0,354,1,3,,Keiller,Goleiro,0,0.0,Não Jogou,False
228,1,https://s3.glbimg.com/v1/AUTH_58d78b787ec34892b5aaa0c7a146155f/clubes_2025/silhuetas/JUV/FORMATO.png,7,0,0,0,marcao,Marcão,93879,Marcos Venicius Santos Miranda - Vinícius,JUV,False,0,286,1,2,,Marcão,Goleiro,0,0.0,Não Jogou,False
229,1,https://s3.glbimg.com/v1/AUTH_58d78b787ec34892b5aaa0c7a146155f/clubes_2025/silhuetas/RBB/FORMATO.png,7,0,0,0,cleiton,Cleiton,93882,Cleiton Schwengber,RBB,False,0,280,1,6,,Cleiton,Goleiro,0,0.0,Não Jogou,False
230,1,https://s3.glbimg.com/v1/AUTH_58d78b787ec34892b5aaa0c7a146155f/clubes_2025/silhuetas/FOR/FORMATO.png,6,0,0,0,breno-lopes,Breno Lopes,93988,Breno Henrique Vasconcelos Lopes,FOR,False,0,356,5,6,,B. Lopes,Atacante,0,0.0,Não Jogou,False
231,1,https://s3.glbimg.com/v1/AUTH_58d78b787ec34892b5aaa0c7a146155f/clubes_2025/silhuetas/BOT/FORMATO.png,7,0,0,0,john,John,94044,John Victor Maciel Furtado,BOT,False,0,263,1,12,,John,Goleiro,0,0.0,Não Jogou,False
232,1,https://s3.glbimg.com/v1/AUTH_58d78b787ec34892b5aaa0c7a146155f/clubes_2025/silhuetas/RBB/FORMATO.png,7,0,0,0,matheus-fernandes,Matheus Fernandes,94067,Matheus Fernandes Siqueira,RBB,False,0,280,4,6,,M. Fernandes,Meia,0,0.0,Não Jogou,False
233,1,https://s3.glbimg.com/v1/AUTH_58d78b787ec34892b5aaa0c7a146155f/clubes_2025/silhuetas/COR/FORMATO.png,6,0,0,0,maycon,Maycon,94154,Maycon de Andrade Barberan,COR,False,0,264,4,5,,Maycon,Meia,0,0.0,Não Jogou,False
234,1,https://s3.glbimg.com/v1/AUTH_58d78b787ec34892b5aaa0c7a146155f/clubes_2025/silhuetas/SAN/FORMATO.png,6,0,0,0,diego-pituca,Diego Pituca,94156,Diego Cristiano Evaristo,SAN,False,0,277,4,6,,D. Pituca,Meia,0,0.0,Não Jogou,False
235,1,https://s3.glbimg.com/v1/AUTH_58d78b787ec34892b5aaa0c7a146155f/clubes_2025/silhuetas/SAN/FORMATO.png,7,0,0,0,guilherme,Guilherme,94207,Guilherme Augusto Vieira dos Santos,SAN,False,0,277,5,5,,Guilherme,Atacante,0,0.0,Não Jogou,False
236,1,https://s3.glbimg.com/v1/AUTH_58d78b787ec34892b5aaa0c7a146155f/clubes_2025/silhuetas/PAL/FORMATO.png,7,0,0,0,raphael-veiga,Raphael Veiga,94509,Raphael Cavalcante Veiga,PAL,False,0,275,4,21,,R. Veiga,Meia,0,0.0,Não Jogou,False
237,1,https://s3.glbimg.com/v1/AUTH_58d78b787ec34892b5aaa0c7a146155f/clubes_2025/silhuetas/VAS/FORMATO.png,6,0,0,0,lucas-oliveira,Lucas Oliveira,94514,Lucas da Cruz Oliveira,VAS,False,0,267,3,4,,L. Oliveira,Zagueiro,0,0.0,Não Jogou,False
238,1,https://s3.glbimg.com/v1/AUTH_58d78b787ec34892b5aaa0c7a146155f/clubes_2025/silhuetas/FLA/FORMATO.png,5,0,0,0,pedro,Pedro,94583,Pedro Guilherme Abreu dos Santos,FLA,False,0,262,5,19,,Pedro,Atacante,0,0.0,Não Jogou,False
239,1,https://s3.glbimg.com/v1/AUTH_58d78b787ec34892b5aaa0c7a146155f/clubes_2025/silhuetas/RBB/FORMATO.png,7,0,0,0,juninho-capixaba,Juninho Capixaba,94968,Luis Antônio da Rocha Júnior,RBB,False,0,280,2,5,,J. Capixaba,Lateral,0,0.0,Não Jogou,False
240,1,https://s3.glbimg.com/v1/AUTH_58d78b787ec34892b5aaa0c7a146155f/clubes_2025/silhuetas/CEA/FORMATO.png,6,0,0,0,nicolas,Nicolas,95127,Nicolas Vecchiato da Silva - Vichiatto / Vechiatto,CEA,False,0,354,2,4,,Nicolas,Lateral,0,0.0,Não Jogou,False
241,1,https://s3.glbimg.com/v1/AUTH_58d78b787ec34892b5aaa0c7a146155f/clubes_2025/silhuetas/JUV/FORMATO.png,6,0,0,0,gabriel-taliari,Gabriel Taliari,95131,Gabriel Pereira Taliari,JUV,False,0,286,5,4,,G. Taliari,Atacante,0,0.0,Não Jogou,False
242,1,https://s3.glbimg.com/v1/AUTH_58d78b787ec34892b5aaa0c7a146155f/clubes_2025/silhuetas/VIT/FORMATO.png,6,0,0,0,bruno-xavier,Bruno Xavier,95288,Bruno César Xavier Sislo,VIT,False,0,287,4,4,,B. Xavier,Meia,0,0.0,Não Jogou,False
243,1,https://s3.glbimg.com/v1/AUTH_58d78b787ec34892b5aaa0c7a146155f/clubes_2025/silhuetas/SPT/FORMATO.png,7,0,0,0,rivera,Rivera,95357,Christian Hernando Rivera Cuéllar,SPT,False,0,292,4,4,,Rivera,Meia,0,0.0,Não Jogou,False
244,1,https://s3.glbimg.com/v1/AUTH_58d78b787ec34892b5aaa0c7a146155f/clubes_2025/silhuetas/BOT/FORMATO.png,7,0,0,0,gregore,Gregore,95464,Gregore de Magalhães da Silva,BOT,False,0,263,4,8,,Gregore,Meia,0,0.0,Não Jogou,False
245,1,https://s3.glbimg.com/v1/AUTH_58d78b787ec34892b5aaa0c7a146155f/clubes_2025/silhuetas/SAO/FORMATO.png,6,0,0,0,igor-vinicius,Igor Vinícius,95466,Igor Vinícius de Souza,SAO,False,0,276,2,7,,I. Vinícius,Lateral,0,0.0,Não Jogou,False
246,1,https://s3.glbimg.com/v1/AUTH_58d78b787ec34892b5aaa0c7a146155f/clubes_2025/silhuetas/COR/FORMATO.png,7,0,0,0,raniele,Raniele,95556,Raniele Almeida Melo,COR,False,0,264,4,6,,Raniele,Meia,0,0.0,Não Jogou,False
247,1,https://s3.glbimg.com/v1/AUTH_58d78b787ec34892b5aaa0c7a146155f/clubes_2025/silhuetas/BOT/FORMATO.png,7,0,0,0,artur,Artur,95799,Artur Victor Guimarães,BOT,False,0,263,5,11,,Artur,Atacante,0,0.0,Não Jogou,False
248,1,https://s3.glbimg.com/v1/AUTH_58d78b787ec34892b5aaa0c7a146155f/clubes_2025/silhuetas/VAS/FORMATO.png,6,0,0,0,daniel-fuzato,Daniel Fuzato,95936,Daniel Cerântula Fuzato,VAS,False,0,267,1,3,,D. Fuzato,Goleiro,0,0.0,Não Jogou,False
249,1,https://s3.glbimg.com/v1/AUTH_58d78b787ec34892b5aaa0c7a146155f/clubes_2025/silhuetas/FLU/FORMATO.png,6,0,0,0,lima,Lima,96340,Vinicius Moreira de Lima,FLU,False,0,266,4,6,,Lima,Meia,0,0.0,Não Jogou,False
250,1,https://s3.glbimg.com/v1/AUTH_58d78b787ec34892b5aaa0c7a146155f/clubes_2025/silhuetas/COR/FORMATO.png,6,0,0,0,charles,Charles,96342,Charles Rigon Mattos,COR,False,0,264,4,5,,Charles,Meia,0,0.0,Não Jogou,False
251,1,https://s3.glbimg.com/v1/AUTH_58d78b787ec34892b5aaa0c7a146155f/clubes_2025/silhuetas/CRU/FORMATO.png,7,0,0,0,matheus-pereira,Matheus Pereira,96610,Matheus Fellipe Costa Pereira,CRU,False,0,283,4,19,,M. Pereira,Meia,0,0.0,Não Jogou,False
252,1,https://s3.glbimg.com/v1/AUTH_58d78b787ec34892b5aaa0c7a146155f/clubes_2025/silhuetas/VAS/FORMATO.png,6,0,0,0,maxime-dominguez,Maxime Dominguez,96614,Maxime Dominguez,VAS,False,0,267,4,4,,M. Dominguez,Meia,0,0.0,Não Jogou,False
253,1,https://s3.glbimg.com/v1/AUTH_58d78b787ec34892b5aaa0c7a146155f/clubes_2025/silhuetas/FLA/FORMATO.png,6,0,0,0,allan,Allan,96652,Allan Rodrigues de Souza,FLA,False,0,262,4,4,,Allan,Meia,0,0.0,Não Jogou,False
254,1,https://s3.glbimg.com/v1/AUTH_58d78b787ec34892b5aaa0c7a146155f/clubes_2025/silhuetas/CAM/FORMATO.png,6,0,0,0,saravia,Saravia,96725,Renzo Saravia,CAM,False,0,282,2,5,,Saravia,Lateral,0,0.0,Não Jogou,False
255,1,https://s3.glbimg.com/v1/AUTH_58d78b787ec34892b5aaa0c7a146155f/clubes_2025/silhuetas/VIT/FORMATO.png,6,0,0,0,camutanga,Camutanga,96793,Cleidson Andrade da Souza Silva,VIT,False,0,287,3,4,,Camutanga,Zagueiro,0,0.0,Não Jogou,False
256,1,https://s3.glbimg.com/v1/AUTH_58d78b787ec34892b5aaa0c7a146155f/clubes_2025/silhuetas/VIT/FORMATO.png,6,0,0,0,carlinhos,Carlinhos,96831,Carlos Moisés de Lima,VIT,False,0,287,5,4,,Carlinhos,Atacante,0,0.0,Não Jogou,False
257,1,https://s3.glbimg.com/v1/AUTH_58d78b787ec34892b5aaa0c7a146155f/clubes_2025/silhuetas/GRE/FORMATO.png,7,0,0,0,villasanti,Villasanti,97145,Mathías Adalberto Villasanti Rolón,GRE,False,0,284,4,14,,Villasanti,Meia,0,0.0,Não Jogou,False
258,1,https://s3.glbimg.com/v1/AUTH_58d78b787ec34892b5aaa0c7a146155f/clubes_2025/silhuetas/SPT/FORMATO.png,6,0,0,0,dalbert,Dalbert,97173,Dalbert Henrique Chagas Estevão,SPT,False,0,292,2,3,,Dalbert,Lateral,0,0.0,Não Jogou,False
259,1,https://s3.glbimg.com/v1/AUTH_58d78b787ec34892b5aaa0c7a146155f/clubes_2025/silhuetas/BAH/FORMATO.png,7,0,0,0,rogerio-ceni,Rogério Ceni,97341,Rogério Mücke Ceni,BAH,False,0,265,6,8,,R. Ceni,Técnico,0,0.0,Não Jogou,False
260,1,https://s3.glbimg.com/v1/AUTH_58d78b787ec34892b5aaa0c7a146155f/clubes_2025/silhuetas/VIT/FORMATO.png,7,0,0,0,gustavo-mosquito,Gustavo Mosquito,97450,Gustavo Henric da Silva,VIT,False,0,287,5,5,,G. Mosquito,Atacante,0,0.0,Não Jogou,False
261,1,https://s3.glbimg.com/v1/AUTH_58d78b787ec34892b5aaa0c7a146155f/clubes_2025/silhuetas/MIR/FORMATO.png,7,0,0,0,joao-victor,João Victor,97460,João Victor Carroll Santana,MIR,False,0,2305,3,2,,J. Victor,Zagueiro,0,0.0,Não Jogou,False
262,1,https://s3.glbimg.com/v1/AUTH_58d78b787ec34892b5aaa0c7a146155f/clubes_2025/silhuetas/COR/FORMATO.png,7,0,0,0,felix-torres,Félix Torres,97642,Félix Eduardo Torres Caicedo,COR,False,0,264,3,5,,F. Torres,Zagueiro,0,0.0,Não Jogou,False
263,1,https://s3.glbimg.com/v1/AUTH_58d78b787ec34892b5aaa0c7a146155f/clubes_2025/silhuetas/SPT/FORMATO.png,6,0,0,0,thiago-couto,Thiago Couto,97645,Thiago Couto Wenceslau,SPT,False,0,292,1,3,,T. Couto,Goleiro,0,0.0,Não Jogou,False
264,1,https://s3.glbimg.com/v1/AUTH_58d78b787ec34892b5aaa0c7a146155f/clubes_2025/silhuetas/PAL/FORMATO.png,7,0,0,0,murilo,Murilo,97653,Murilo Cerqueira Paim,PAL,False,0,275,3,10,,Murilo,Zagueiro,0,0.0,Não Jogou,False
265,1,https://s3.glbimg.com/v1/AUTH_58d78b787ec34892b5aaa0c7a146155f/clubes_2025/silhuetas/SAO/FORMATO.png,6,0,0,0,erick,Erick,97810,Erick de Arruda Serafim,SAO,False,0,276,5,5,,Erick,Atacante,0,0.0,Não Jogou,False
266,1,https://s3.glbimg.com/v1/AUTH_58d78b787ec34892b5aaa0c7a146155f/clubes_2025/silhuetas/FLA/FORMATO.png,7,0,0,0,leo-ortiz,Léo Ortiz,97867,Leonardo Rech Ortiz,FLA,False,0,262,3,5,,L. Ortiz,Zagueiro,0,0.0,Não Jogou,False
267,1,https://s3.glbimg.com/v1/AUTH_58d78b787ec34892b5aaa0c7a146155f/clubes_2025/silhuetas/BAH/FORMATO.png,6,0,0,0,iago,Iago,97868,Iago Amaral Borduchi,BAH,False,0,265,2,5,,Iago,Lateral,0,0.0,Não Jogou,False
268,1,https://s3.glbimg.com/v1/AUTH_58d78b787ec34892b5aaa0c7a146155f/clubes_2025/silhuetas/CEA/FORMATO.png,7,0,0,0,matheus-bahia,Matheus Bahia,97899,Matheus Bahia Santos,CEA,False,0,354,2,5,,M. Bahia,Lateral,0,0.0,Não Jogou,False
269,1,https://s3.glbimg.com/v1/AUTH_58d78b787ec34892b5aaa0c7a146155f/clubes_2025/silhuetas/INT/FORMATO.png,7,0,0,0,vitao,Vitão,97900,Vitor Eduardo da Silva Matos,INT,False,0,285,3,9,,Vitão,Zagueiro,0,0.0,Não Jogou,False
270,1,https://s3.glbimg.com/v1/AUTH_58d78b787ec34892b5aaa0c7a146155f/clubes_2025/silhuetas/BAH/FORMATO.png,6,0,0,0,erick,Erick,98022,Erick Luis Conrado de Carvalho,BAH,False,0,265,4,10,,Erick,Meia,0,0.0,Não Jogou,False
271,1,https://s3.glbimg.com/v1/AUTH_58d78b787ec34892b5aaa0c7a146155f/clubes_2025/silhuetas/CEA/FORMATO.png,7,0,0,0,pedro-raul,Pedro Raul,98225,Pedro Raul Garay da Silva,CEA,False,0,354,5,7,,P. Raul,Atacante,0,0.0,Não Jogou,False
272,1,https://s3.glbimg.com/v1/AUTH_58d78b787ec34892b5aaa0c7a146155f/clubes_2025/silhuetas/BOT/FORMATO.png,2,0,0,0,bastos,Bastos,98280,Bartolomeu Jacinto Quissanga,BOT,False,0,263,3,11,,Bastos,Zagueiro,0,0.0,Não Jogou,False
273,1,https://s3.glbimg.com/v1/AUTH_58d78b787ec34892b5aaa0c7a146155f/clubes_2025/silhuetas/VIT/FORMATO.png,6,0,0,0,val-soares,Val Soares,98306,Valdemir de Oliveira Soares,VIT,False,0,287,4,3,,V. Soares,Meia,0,0.0,Não Jogou,False
274,1,https://s3.glbimg.com/v1/AUTH_58d78b787ec34892b5aaa0c7a146155f/clubes_2025/silhuetas/MIR/FORMATO.png,6,0,0,0,negueba,Negueba,98384,Luiz Henrique Soares Firmino,MIR,False,0,2305,5,3,,Negueba,Atacante,0,0.0,Não Jogou,False
275,1,https://s3.glbimg.com/v1/AUTH_58d78b787ec34892b5aaa0c7a146155f/clubes_2025/silhuetas/BAH/FORMATO.png,7,0,0,0,kanu,Kanu,98484,Victor Hugo Soares dos Santos,BAH,False,0,265,3,4,,Kanu,Zagueiro,0,0.0,Não Jogou,False
276,1,https://s3.glbimg.com/v1/AUTH_58d78b787ec34892b5aaa0c7a146155f/clubes_2025/silhuetas/BAH/FORMATO.png,7,0,0,0,jean-lucas,Jean Lucas,98517,Jean Lucas de Souza Oliveira,BAH,False,0,265,4,6,,J. Lucas,Meia,0,0.0,Não Jogou,False
277,1,https://s3.glbimg.com/v1/AUTH_58d78b787ec34892b5aaa0c7a146155f/clubes_2025/silhuetas/SPT/FORMATO.png,6,0,0,0,di-placido,Di Placido,98605,Leonel Di Placido,SPT,False,0,292,2,4,,D. Placido,Lateral,0,0.0,Não Jogou,False
278,1,https://s3.glbimg.com/v1/AUTH_58d78b787ec34892b5aaa0c7a146155f/clubes_2025/silhuetas/FOR/FORMATO.png,7,0,0,0,kuscevic,Kuscevic,98619,Benjamín Kuščević Jaramillo,FOR,False,0,356,3,6,,Kuscevic,Zagueiro,0,0.0,Não Jogou,False
279,1,https://s3.glbimg.com/v1/AUTH_58d78b787ec34892b5aaa0c7a146155f/clubes_2025/silhuetas/BOT/FORMATO.png,7,0,0,0,savarino,Savarino,98672,Jefferson David Savarino Quintero,BOT,False,0,263,4,13,,Savarino,Meia,0,0.0,Não Jogou,False
280,1,https://s3.glbimg.com/v1/AUTH_58d78b787ec34892b5aaa0c7a146155f/clubes_2025/silhuetas/COR/FORMATO.png,6,0,0,0,angileri,Angileri,98720,Fabrizio Germán Angileri - Fabricio,COR,False,0,264,2,5,,Angileri,Lateral,0,0.0,Não Jogou,False
281,1,https://s3.glbimg.com/v1/AUTH_58d78b787ec34892b5aaa0c7a146155f/clubes_2025/silhuetas/SPT/FORMATO.png,6,0,0,0,titi-ortiz,Titi Ortíz,98738,Christian Jonatan Ortíz - Cristian,SPT,False,0,292,4,6,,T. Ortíz,Meia,0,0.0,Não Jogou,False
282,1,https://s3.glbimg.com/v1/AUTH_58d78b787ec34892b5aaa0c7a146155f/clubes_2025/silhuetas/CAM/FORMATO.png,7,0,0,0,cuello,Cuello,98909,Tomás Esteban Cuello,CAM,False,0,282,5,9,,Cuello,Atacante,0,0.0,Não Jogou,False
283,1,https://s3.glbimg.com/v1/AUTH_58d78b787ec34892b5aaa0c7a146155f/clubes_2025/silhuetas/FLA/FORMATO.png,6,0,0,0,vina,Viña,98974,Matías Nicolás Viña Susperreguy,FLA,False,0,262,2,8,,Viña,Lateral,0,0.0,Não Jogou,False
284,1,https://s3.glbimg.com/v1/AUTH_58d78b787ec34892b5aaa0c7a146155f/clubes_2025/silhuetas/INT/FORMATO.png,6,0,0,0,rogel,Rogel,98975,Agustín Maximiliano Rogel Paita,INT,False,0,285,3,5,,Rogel,Zagueiro,0,0.0,Não Jogou,False
285,1,https://s3.glbimg.com/v1/AUTH_58d78b787ec34892b5aaa0c7a146155f/clubes_2025/silhuetas/CEA/FORMATO.png,7,0,0,0,lourenco,Lourenço,99032,João Paulo Ferreira Lourenço,CEA,False,0,354,4,5,,Lourenço,Meia,0,0.0,Não Jogou,False
286,1,https://s3.glbimg.com/v1/AUTH_58d78b787ec34892b5aaa0c7a146155f/clubes_2025/silhuetas/VIT/FORMATO.png,7,0,0,0,lucas-braga,Lucas Braga,99119,Lucas Braga Ribeiro,VIT,False,0,287,5,5,,L. Braga,Atacante,0,0.0,Não Jogou,False
287,1,https://s3.glbimg.com/v1/AUTH_58d78b787ec34892b5aaa0c7a146155f/clubes_2025/silhuetas/VAS/FORMATO.png,7,0,0,0,vegetti,Vegetti,99198,Pablo Vegetti,VAS,False,0,267,5,17,,Vegetti,Atacante,0,0.0,Não Jogou,False
288,1,https://s3.glbimg.com/v1/AUTH_58d78b787ec34892b5aaa0c7a146155f/clubes_2025/silhuetas/VAS/FORMATO.png,6,0,0,0,puma-rodriguez,Puma Rodríguez,99213,José Luis Rodríguez Bebanz,VAS,False,0,267,2,5,,P. Rodríguez,Lateral,0,0.0,Não Jogou,False
289,1,https://s3.glbimg.com/v1/AUTH_58d78b787ec34892b5aaa0c7a146155f/clubes_2025/silhuetas/FLA/FORMATO.png,7,0,0,0,de-la-cruz,De la Cruz,99228,Diego Nicolás de la Cruz Arcosa,FLA,False,0,262,4,14,,D. Cruz,Meia,0,0.0,Não Jogou,False
290,1,https://s3.glbimg.com/v1/AUTH_58d78b787ec34892b5aaa0c7a146155f/clubes_2025/silhuetas/SPT/FORMATO.png,7,0,0,0,chico,Chico,99253,Francisco Alves da Silva Neto - Melo,SPT,False,0,292,3,4,,Chico,Zagueiro,0,0.0,Não Jogou,False
291,1,https://s3.glbimg.com/v1/AUTH_58d78b787ec34892b5aaa0c7a146155f/clubes_2025/silhuetas/FOR/FORMATO.png,7,0,0,0,pochettino,Pochettino,99267,Tomás Pochettino,FOR,False,0,356,4,11,,Pochettino,Meia,0,0.0,Não Jogou,False
292,1,https://s3.glbimg.com/v1/AUTH_58d78b787ec34892b5aaa0c7a146155f/clubes_2025/silhuetas/BOT/FORMATO.png,7,0,0,0,alexander-barboza,Alexander Barboza,99274,Alexander Nahuel Barboza Ullúa,BOT,False,0,263,3,10,,A. Barboza,Zagueiro,0,0.0,Não Jogou,False
293,1,https://s3.glbimg.com/v1/AUTH_58d78b787ec34892b5aaa0c7a146155f/clubes_2025/silhuetas/CRU/FORMATO.png,6,0,0,0,dinenno,Dinenno,99316,Juan Ignacio Dinenno de Cara,CRU,False,0,283,5,7,,Dinenno,Atacante,0,0.0,Não Jogou,False
294,1,https://s3.glbimg.com/v1/AUTH_58d78b787ec34892b5aaa0c7a146155f/clubes_2025/silhuetas/SAO/FORMATO.png,7,0,0,0,luis-zubeldia,Luis Zubeldía,99366,Luis Francisco Zubeldía,SAO,False,0,276,6,7,,L. Zubeldía,Técnico,0,0.0,Não Jogou,False
295,1,https://s3.glbimg.com/v1/AUTH_58d78b787ec34892b5aaa0c7a146155f/clubes_2025/silhuetas/FLA/FORMATO.png,6,0,0,0,michael,Michael,99392,Michael Richard Delgado de Oliveira,FLA,False,0,262,5,8,,Michael,Atacante,0,0.0,Não Jogou,False
296,1,https://s3.glbimg.com/v1/AUTH_58d78b787ec34892b5aaa0c7a146155f/clubes_2025/silhuetas/VIT/FORMATO.png,7,0,0,0,baralhas,Baralhas,99440,Gabriel Baralhas dos Santos,VIT,False,0,287,4,6,,Baralhas,Meia,0,0.0,Não Jogou,False
297,1,https://s3.glbimg.com/v1/AUTH_58d78b787ec34892b5aaa0c7a146155f/clubes_2025/silhuetas/FLA/FORMATO.png,7,0,0,0,rossi,Rossi,99552,Agustín Daniel Rossi,FLA,False,0,262,1,9,,Rossi,Goleiro,0,0.0,Não Jogou,False
298,1,https://s3.glbimg.com/v1/AUTH_58d78b787ec34892b5aaa0c7a146155f/clubes_2025/silhuetas/FLU/FORMATO.png,7,0,0,0,arias,Arias,99815,Jhon Adolfo Arias Andrade,FLU,False,0,266,4,20,,Arias,Meia,0,0.0,Não Jogou,False
299,1,https://s3.glbimg.com/v1/AUTH_58d78b787ec34892b5aaa0c7a146155f/clubes_2025/silhuetas/PAL/FORMATO.png,5,0,0,0,paulinho,Paulinho,99818,Paulo Henrique Sampaio Filho,PAL,False,0,275,5,9,,Paulinho,Atacante,0,0.0,Não Jogou,False
300,1,https://s3.glbimg.com/v1/AUTH_58d78b787ec34892b5aaa0c7a146155f/clubes_2025/silhuetas/SAO/FORMATO.png,2,0,0,0,alan-franco,Alan Franco,99889,Alan Javier Franco,SAO,False,0,276,3,7,,A. Franco,Zagueiro,0,0.0,Não Jogou,False
301,1,https://s3.glbimg.com/v1/AUTH_58d78b787ec34892b5aaa0c7a146155f/clubes_2025/silhuetas/CAM/FORMATO.png,6,0,0,0,igor-gomes,Igor Gomes,100084,Igor Silveira Gomes,CAM,False,0,282,4,6,,I. Gomes,Meia,0,0.0,Não Jogou,False
302,1,https://s3.glbimg.com/v1/AUTH_58d78b787ec34892b5aaa0c7a146155f/clubes_2025/silhuetas/FOR/FORMATO.png,6,0,0,0,pedro-augusto,Pedro Augusto,100085,Pedro Augusto Borges da Costa,FOR,False,0,356,4,3,,P. Augusto,Meia,0,0.0,Não Jogou,False
303,1,https://s3.glbimg.com/v1/AUTH_58d78b787ec34892b5aaa0c7a146155f/clubes_2025/silhuetas/COR/FORMATO.png,7,0,0,0,yuri-alberto,Yuri Alberto,100652,Yuri Alberto Monteiro da Silva,COR,False,0,264,5,16,,Y. Alberto,Atacante,0,0.0,Não Jogou,False
304,1,https://s3.glbimg.com/v1/AUTH_58d78b787ec34892b5aaa0c7a146155f/clubes_2025/silhuetas/RBB/FORMATO.png,6,0,0,0,fernando,Fernando,100695,Fernando dos Santos Pedro,RBB,False,0,280,5,5,,Fernando,Atacante,0,0.0,Não Jogou,False
305,1,https://s3.glbimg.com/v1/AUTH_58d78b787ec34892b5aaa0c7a146155f/clubes_2025/silhuetas/CRU/FORMATO.png,7,0,0,0,matheus-henrique,Matheus Henrique,100742,Matheus Henrique de Souza,CRU,False,0,283,4,11,,M. Henrique,Meia,0,0.0,Não Jogou,False
306,1,https://s3.glbimg.com/v1/AUTH_58d78b787ec34892b5aaa0c7a146155f/clubes_2025/silhuetas/SAO/FORMATO.png,6,0,0,0,liziero,Liziero,100761,Igor Matheus Liziero Pereira,SAO,False,0,276,4,5,,Liziero,Meia,0,0.0,Não Jogou,False
307,1,https://s3.glbimg.com/v1/AUTH_58d78b787ec34892b5aaa0c7a146155f/clubes_2025/silhuetas/FOR/FORMATO.png,6,0,0,0,brenno,Brenno,100830,Brenno Oliveira Fraga Costa,FOR,False,0,356,1,5,,Brenno,Goleiro,0,0.0,Não Jogou,False
308,1,https://s3.glbimg.com/v1/AUTH_58d78b787ec34892b5aaa0c7a146155f/clubes_2025/silhuetas/SAO/FORMATO.png,6,0,0,0,ruan,Ruan,100842,Ruan Tressoldi Netto,SAO,False,0,276,3,6,,Ruan,Zagueiro,0,0.0,Não Jogou,False
309,1,https://s3.glbimg.com/v1/AUTH_58d78b787ec34892b5aaa0c7a146155f/clubes_2025/silhuetas/GRE/FORMATO.png,7,0,0,0,lucas-esteves,Lucas Esteves,100846,Lucas Esteves de Souza,GRE,False,0,284,2,7,,L. Esteves,Lateral,0,0.0,Não Jogou,False
310,1,https://s3.glbimg.com/v1/AUTH_58d78b787ec34892b5aaa0c7a146155f/clubes_2025/silhuetas/GRE/FORMATO.png,6,0,0,0,luan-candido,Luan Cândido,100848,Luan Cândido de Almeida,GRE,False,0,284,2,7,,L. Cândido,Lateral,0,0.0,Não Jogou,False
311,1,https://s3.glbimg.com/v1/AUTH_58d78b787ec34892b5aaa0c7a146155f/clubes_2025/silhuetas/BOT/FORMATO.png,7,0,0,0,vitinho,Vitinho,100898,Victor Alexander da Silva,BOT,False,0,263,2,7,,Vitinho,Lateral,0,0.0,Não Jogou,False
312,1,https://s3.glbimg.com/v1/AUTH_58d78b787ec34892b5aaa0c7a146155f/clubes_2025/silhuetas/VIT/FORMATO.png,6,0,0,0,ronald-lopes,Ronald Lopes,100969,Ronald dos Santos Lopes,VIT,False,0,287,4,5,,R. Lopes,Meia,0,0.0,Não Jogou,False
313,1,https://s3.glbimg.com/v1/AUTH_58d78b787ec34892b5aaa0c7a146155f/clubes_2025/silhuetas/FLU/FORMATO.png,6,0,0,0,nonato,Nonato,100987,Gustavo Nonato Santana,FLU,False,0,266,4,6,,Nonato,Meia,0,0.0,Não Jogou,False
314,1,https://s3.glbimg.com/v1/AUTH_58d78b787ec34892b5aaa0c7a146155f/clubes_2025/silhuetas/CAM/FORMATO.png,6,0,0,0,junior-santos,Júnior Santos,101002,José Antonio dos Santos Júnior,CAM,False,0,282,5,10,,J. Santos,Atacante,0,0.0,Não Jogou,False
315,1,https://s3.glbimg.com/v1/AUTH_58d78b787ec34892b5aaa0c7a146155f/clubes_2025/silhuetas/CEA/FORMATO.png,6,0,0,0,diego,Diego,101027,Jackson Diego Ibraim Fagundes - Ibrahim,CEA,False,0,354,2,5,,Diego,Lateral,0,0.0,Não Jogou,False
316,1,https://s3.glbimg.com/v1/AUTH_58d78b787ec34892b5aaa0c7a146155f/clubes_2025/silhuetas/SAO/FORMATO.png,6,0,0,0,ferreira,Ferreira,101290,Aldemir dos Santos Ferreira,SAO,False,0,276,5,7,,Ferreira,Atacante,0,0.0,Não Jogou,False
317,1,https://s3.glbimg.com/v1/AUTH_58d78b787ec34892b5aaa0c7a146155f/clubes_2025/silhuetas/BAH/FORMATO.png,7,0,0,0,ademir,Ademir,101314,Ademir da Silva Santos Júnior,BAH,False,0,265,5,5,,Ademir,Atacante,0,0.0,Não Jogou,False
318,1,https://s3.glbimg.com/v1/AUTH_58d78b787ec34892b5aaa0c7a146155f/clubes_2025/silhuetas/FLU/FORMATO.png,2,0,0,0,guga,Guga,101319,Cláudio Rodrigues Gomes,FLU,False,0,266,2,7,,Guga,Lateral,0,0.0,Não Jogou,False
319,1,https://s3.glbimg.com/v1/AUTH_58d78b787ec34892b5aaa0c7a146155f/clubes_2025/silhuetas/JUV/FORMATO.png,6,0,0,0,danilo-boza,Danilo Boza,101431,Danilo Boza Júnior,JUV,False,0,286,3,4,,D. Boza,Zagueiro,0,0.0,Não Jogou,False
320,1,https://s3.glbimg.com/v1/AUTH_58d78b787ec34892b5aaa0c7a146155f/clubes_2025/silhuetas/FLU/FORMATO.png,6,0,0,0,marcelo-pitaluga,Marcelo Pitaluga,101478,Marcelo de Araújo Pitaluga Filho,FLU,False,0,266,1,3,,M. Pitaluga,Goleiro,0,0.0,Não Jogou,False
321,1,https://s3.glbimg.com/v1/AUTH_58d78b787ec34892b5aaa0c7a146155f/clubes_2025/silhuetas/VIT/FORMATO.png,6,0,0,0,pepe,Pepê,101573,João Pedro Vilardi Pinto,VIT,False,0,287,4,6,,Pepê,Meia,0,0.0,Não Jogou,False
322,1,https://s3.glbimg.com/v1/AUTH_58d78b787ec34892b5aaa0c7a146155f/clubes_2025/silhuetas/COR/FORMATO.png,7,0,0,0,hugo-souza,Hugo Souza,101574,Hugo de Souza Nogueira,COR,False,0,264,1,12,,H. Souza,Goleiro,0,0.0,Não Jogou,False
323,1,https://s3.glbimg.com/v1/AUTH_58d78b787ec34892b5aaa0c7a146155f/clubes_2025/silhuetas/VAS/FORMATO.png,7,0,0,0,hugo-moura,Hugo Moura,101594,Hugo Moura Arruda da Silva,VAS,False,0,267,4,6,,H. Moura,Meia,0,0.0,Não Jogou,False
324,1,https://s3.glbimg.com/v1/AUTH_58d78b787ec34892b5aaa0c7a146155f/clubes_2025/silhuetas/INT/FORMATO.png,6,0,0,0,ramon,Ramon,101597,Ramon Ramos Lima,INT,False,0,285,2,5,,Ramon,Lateral,0,0.0,Não Jogou,False
325,1,https://s3.glbimg.com/v1/AUTH_58d78b787ec34892b5aaa0c7a146155f/clubes_2025/silhuetas/FOR/FORMATO.png,6,0,0,0,felipe-jonatan,Felipe Jonatan,101708,Felipe Jonatan Rocha Andrade,FOR,False,0,356,2,6,,F. Jonatan,Lateral,0,0.0,Não Jogou,False
326,1,https://s3.glbimg.com/v1/AUTH_58d78b787ec34892b5aaa0c7a146155f/clubes_2025/silhuetas/COR/FORMATO.png,7,0,0,0,matheuzinho,Matheuzinho,101727,Matheus França Silva,COR,False,0,264,2,9,,Matheuzinho,Lateral,0,0.0,Não Jogou,False
327,1,https://s3.glbimg.com/v1/AUTH_58d78b787ec34892b5aaa0c7a146155f/clubes_2025/silhuetas/VIT/FORMATO.png,6,0,0,0,claudinho,Claudinho,101752,Claudio Coelho Salvático,VIT,False,0,287,2,6,,Claudinho,Lateral,0,0.0,Não Jogou,False
328,1,https://s3.glbimg.com/v1/AUTH_58d78b787ec34892b5aaa0c7a146155f/clubes_2025/silhuetas/VAS/FORMATO.png,6,0,0,0,jean-david,Jean David,101768,Jean David Meneses Villarroel,VAS,False,0,267,4,3,,J. David,Meia,0,0.0,Não Jogou,False
329,1,https://s3.glbimg.com/v1/AUTH_58d78b787ec34892b5aaa0c7a146155f/clubes_2025/silhuetas/GRE/FORMATO.png,6,0,0,0,mayk,Mayk,101820,Mayksilvan da Silva Ferreira,GRE,False,0,284,2,2,,Mayk,Lateral,0,0.0,Não Jogou,False
330,1,https://s3.glbimg.com/v1/AUTH_58d78b787ec34892b5aaa0c7a146155f/clubes_2025/silhuetas/CEA/FORMATO.png,6,0,0,0,willian-machado,Willian Machado,101908,Willian Estefani Machado,CEA,False,0,354,3,3,,W. Machado,Zagueiro,0,0.0,Não Jogou,False
331,1,https://s3.glbimg.com/v1/AUTH_58d78b787ec34892b5aaa0c7a146155f/clubes_2025/silhuetas/INT/FORMATO.png,7,0,0,0,vitinho,Vitinho,101960,Vitor Hugo Naum dos Santos,INT,False,0,285,5,7,,Vitinho,Atacante,0,0.0,Não Jogou,False
332,1,https://s3.glbimg.com/v1/AUTH_58d78b787ec34892b5aaa0c7a146155f/clubes_2025/silhuetas/FOR/FORMATO.png,6,0,0,0,britez,Brítez,101995,Emanuel Fermín Brítez,FOR,False,0,356,3,7,,Brítez,Zagueiro,0,0.0,Não Jogou,False
333,1,https://s3.glbimg.com/v1/AUTH_58d78b787ec34892b5aaa0c7a146155f/clubes_2025/silhuetas/PAL/FORMATO.png,7,0,0,0,piquerez,Piquerez,102130,Joaquín Piquerez Moreira,PAL,False,0,275,2,12,,Piquerez,Lateral,0,0.0,Não Jogou,False
334,1,https://s3.glbimg.com/v1/AUTH_58d78b787ec34892b5aaa0c7a146155f/clubes_2025/silhuetas/FLU/FORMATO.png,6,0,0,0,vitor-eudes,Vitor Eudes,102137,Vitor Eudes de Souza Costa,FLU,False,0,266,1,2,,V. Eudes,Goleiro,0,0.0,Não Jogou,False
335,1,https://s3.glbimg.com/v1/AUTH_58d78b787ec34892b5aaa0c7a146155f/clubes_2025/silhuetas/VIT/FORMATO.png,7,0,0,0,lucas-halter,Lucas Halter,102253,Lucas Halter,VIT,False,0,287,3,4,,L. Halter,Zagueiro,0,0.0,Não Jogou,False
336,1,https://s3.glbimg.com/v1/AUTH_58d78b787ec34892b5aaa0c7a146155f/clubes_2025/silhuetas/SAN/FORMATO.png,2,0,0,0,rollheiser,Rollheiser,102256,Benjamín Rollheiser,SAN,False,0,277,4,12,,Rollheiser,Meia,0,0.0,Não Jogou,False
337,1,https://s3.glbimg.com/v1/AUTH_58d78b787ec34892b5aaa0c7a146155f/clubes_2025/silhuetas/CAM/FORMATO.png,6,0,0,0,caio-paulista,Caio Paulista,102318,Caio Fernando de Oliveira,CAM,False,0,282,2,7,,C. Paulista,Lateral,0,0.0,Não Jogou,False
338,1,https://s3.glbimg.com/v1/AUTH_58d78b787ec34892b5aaa0c7a146155f/clubes_2025/silhuetas/COR/FORMATO.png,6,0,0,0,caca,Cacá,102340,Carlos de Menezes Júnior,COR,False,0,264,3,6,,Cacá,Zagueiro,0,0.0,Não Jogou,False
339,1,https://s3.glbimg.com/v1/AUTH_58d78b787ec34892b5aaa0c7a146155f/clubes_2025/silhuetas/VIT/FORMATO.png,6,0,0,0,thiaguinho,Thiaguinho,102599,Thiago Beserra dos Santos Conti,VIT,False,0,287,4,3,,Thiaguinho,Meia,0,0.0,Não Jogou,False
340,1,https://s3.glbimg.com/v1/AUTH_58d78b787ec34892b5aaa0c7a146155f/clubes_2025/silhuetas/SAO/FORMATO.png,6,0,0,0,luan-vinicius,Luan Vinícius,102909,Luan Vinícius da Silva Santos,SAO,False,0,276,4,5,,L. Vinícius,Meia,0,0.0,Não Jogou,False
341,1,https://s3.glbimg.com/v1/AUTH_58d78b787ec34892b5aaa0c7a146155f/clubes_2025/silhuetas/FLU/FORMATO.png,7,0,0,0,canobbio,Canobbio,102928,Agustín Canobbio Graviz,FLU,False,0,266,5,9,,Canobbio,Atacante,0,0.0,Não Jogou,False
342,1,https://s3.glbimg.com/v1/AUTH_58d78b787ec34892b5aaa0c7a146155f/clubes_2025/silhuetas/PAL/FORMATO.png,7,0,0,0,facundo-torres,Facundo Torres,102950,Facundo Daniel Torres Pérez,PAL,False,0,275,5,13,,F. Torres,Atacante,0,0.0,Não Jogou,False
343,1,https://s3.glbimg.com/v1/AUTH_58d78b787ec34892b5aaa0c7a146155f/clubes_2025/silhuetas/SAN/FORMATO.png,7,0,0,0,escobar,Escobar,102975,Gonzalo Daniel Escobar,SAN,False,0,277,2,4,,Escobar,Lateral,0,0.0,Não Jogou,False
344,1,https://s3.glbimg.com/v1/AUTH_58d78b787ec34892b5aaa0c7a146155f/clubes_2025/silhuetas/RBB/FORMATO.png,7,0,0,0,laquintana,Laquintana,103014,Ignacio Jesús Laquintana Marsico - Nacho,RBB,False,0,280,5,2,,Laquintana,Atacante,0,0.0,Não Jogou,False
345,1,https://s3.glbimg.com/v1/AUTH_58d78b787ec34892b5aaa0c7a146155f/clubes_2025/silhuetas/SAN/FORMATO.png,7,0,0,0,gabriel-brazao,Gabriel Brazão,103056,Gabriel Nascimento Resende Brazão,SAN,False,0,277,1,5,,G. Brazão,Goleiro,0,0.0,Não Jogou,False
346,1,https://s3.glbimg.com/v1/AUTH_58d78b787ec34892b5aaa0c7a146155f/clubes_2025/silhuetas/RBB/FORMATO.png,6,0,0,0,eric-ramires,Eric Ramires,103295,Eric dos Santos Rodrigues,RBB,False,0,280,4,5,,E. Ramires,Meia,0,0.0,Não Jogou,False
347,1,https://s3.glbimg.com/v1/AUTH_58d78b787ec34892b5aaa0c7a146155f/clubes_2025/silhuetas/SPT/FORMATO.png,7,0,0,0,matheus-alexandre,Matheus Alexandre,103347,Matheus Alexandre Anastácio de Souza,SPT,False,0,292,2,5,,M. Alexandre,Lateral,0,0.0,Não Jogou,False
348,1,https://s3.glbimg.com/v1/AUTH_58d78b787ec34892b5aaa0c7a146155f/clubes_2025/silhuetas/FOR/FORMATO.png,6,0,0,0,emmanuel-martinez,Emmanuel Martínez,103388,Leandro Emmanuel Martínez,FOR,False,0,356,4,5,,E. Martínez,Meia,0,0.0,Não Jogou,False
349,1,https://s3.glbimg.com/v1/AUTH_58d78b787ec34892b5aaa0c7a146155f/clubes_2025/silhuetas/CRU/FORMATO.png,6,0,0,0,kaio-jorge,Kaio Jorge,103445,Kaio Jorge Pinto Ramos,CRU,False,0,283,5,9,,K. Jorge,Atacante,0,0.0,Não Jogou,False
350,1,https://s3.glbimg.com/v1/AUTH_58d78b787ec34892b5aaa0c7a146155f/clubes_2025/silhuetas/FLU/FORMATO.png,2,0,0,0,ignacio,Ignácio,103523,Ignácio da Silva Oliveira,FLU,False,0,266,3,6,,Ignácio,Zagueiro,0,0.0,Não Jogou,False
351,1,https://s3.glbimg.com/v1/AUTH_58d78b787ec34892b5aaa0c7a146155f/clubes_2025/silhuetas/BAH/FORMATO.png,6,0,0,0,denis-junior,Dênis Júnior,103662,Dênis de Oliveira Aguiar Júnior,BAH,False,0,265,1,3,,D. Júnior,Goleiro,0,0.0,Não Jogou,False
352,1,https://s3.glbimg.com/v1/AUTH_58d78b787ec34892b5aaa0c7a146155f/clubes_2025/silhuetas/FLU/FORMATO.png,5,0,0,0,gabriel-fuentes,Gabriel Fuentes,103672,Gabriel Rafael Fuentes Gómez,FLU,False,0,266,2,6,,G. Fuentes,Lateral,0,0.0,Não Jogou,False
353,1,https://s3.glbimg.com/v1/AUTH_58d78b787ec34892b5aaa0c7a146155f/clubes_2025/silhuetas/INT/FORMATO.png,6,0,0,0,kaique-rocha,Kaíque Rocha,103684,Kaíque Rocha Lima,INT,False,0,285,3,5,,K. Rocha,Zagueiro,0,0.0,Não Jogou,False
354,1,https://s3.glbimg.com/v1/AUTH_58d78b787ec34892b5aaa0c7a146155f/clubes_2025/silhuetas/SAN/FORMATO.png,6,0,0,0,gabriel-veron,Gabriel Veron,103764,Gabriel Veron Fonseca de Souza,SAN,False,0,277,5,6,,G. Veron,Atacante,0,0.0,Não Jogou,False
355,1,https://s3.glbimg.com/v1/AUTH_58d78b787ec34892b5aaa0c7a146155f/clubes_2025/silhuetas/CAM/FORMATO.png,7,0,0,0,gabriel-menino,Gabriel Menino,103767,Gabriel Vinícius Menino,CAM,False,0,282,4,8,,G. Menino,Meia,0,0.0,Não Jogou,False
356,1,https://s3.glbimg.com/v1/AUTH_58d78b787ec34892b5aaa0c7a146155f/clubes_2025/silhuetas/MIR/FORMATO.png,7,0,0,0,rafael-guanaes,Rafael Guanaes,104027,Rafael Silva Guanaes,MIR,False,0,2305,6,3,,R. Guanaes,Técnico,0,0.0,Não Jogou,False
357,1,https://s3.glbimg.com/v1/AUTH_58d78b787ec34892b5aaa0c7a146155f/clubes_2025/silhuetas/SAO/FORMATO.png,6,0,0,0,sabino,Sabino,104075,José Sabino Chagas Monteiro,SAO,False,0,276,3,5,,Sabino,Zagueiro,0,0.0,Não Jogou,False
358,1,https://s3.glbimg.com/v1/AUTH_58d78b787ec34892b5aaa0c7a146155f/clubes_2025/silhuetas/PAL/FORMATO.png,6,0,0,0,bruno-fuchs,Bruno Fuchs,104085,Bruno de Lara Fuchs,PAL,False,0,275,3,6,,B. Fuchs,Zagueiro,0,0.0,Não Jogou,False
359,1,https://s3.glbimg.com/v1/AUTH_58d78b787ec34892b5aaa0c7a146155f/clubes_2025/silhuetas/VIT/FORMATO.png,7,0,0,0,lucas-arcanjo,Lucas Arcanjo,104118,Lucas Willians Assis Arcanjo,VIT,False,0,287,1,6,,L. Arcanjo,Goleiro,0,0.0,Não Jogou,False
360,1,https://s3.glbimg.com/v1/AUTH_58d78b787ec34892b5aaa0c7a146155f/clubes_2025/silhuetas/VIT/FORMATO.png,6,0,0,0,fabricio,Fabrício,104134,Fabrício do Rosário dos Santos,VIT,False,0,287,5,4,,Fabrício,Atacante,0,0.0,Não Jogou,False
361,1,https://s3.glbimg.com/v1/AUTH_58d78b787ec34892b5aaa0c7a146155f/clubes_2025/silhuetas/BOT/FORMATO.png,6,0,0,0,raul,Raul,104191,Raul Jonas Steffens,BOT,False,0,263,1,2,,Raul,Goleiro,0,0.0,Não Jogou,False
362,1,https://s3.glbimg.com/v1/AUTH_58d78b787ec34892b5aaa0c7a146155f/clubes_2025/silhuetas/VAS/FORMATO.png,7,0,0,0,joao-victor,João Victor,104250,João Victor da Silva Marcelino,VAS,False,0,267,3,7,,J. Victor,Zagueiro,0,0.0,Não Jogou,False
363,1,https://s3.glbimg.com/v1/AUTH_58d78b787ec34892b5aaa0c7a146155f/clubes_2025/silhuetas/JUV/FORMATO.png,7,0,0,0,adriano-martins,Adriano Martins,104253,Adriano Martins da Fonseca,JUV,False,0,286,3,6,,A. Martins,Zagueiro,0,0.0,Não Jogou,False
364,1,https://s3.glbimg.com/v1/AUTH_58d78b787ec34892b5aaa0c7a146155f/clubes_2025/silhuetas/GRE/FORMATO.png,6,0,0,0,joao-lucas,João Lucas,104257,João Lucas de Almeida Carvalho,GRE,False,0,284,2,5,,J. Lucas,Lateral,0,0.0,Não Jogou,False
365,1,https://s3.glbimg.com/v1/AUTH_58d78b787ec34892b5aaa0c7a146155f/clubes_2025/silhuetas/SPT/FORMATO.png,6,0,0,0,hereda,Hereda,104271,Diogo Hereda da Silva,SPT,False,0,292,2,2,,Hereda,Lateral,0,0.0,Não Jogou,False
366,1,https://s3.glbimg.com/v1/AUTH_58d78b787ec34892b5aaa0c7a146155f/clubes_2025/silhuetas/CRU/FORMATO.png,6,0,0,0,christian,Christian,104502,Christian Roberto Alves Cardoso,CRU,False,0,283,4,6,,Christian,Meia,0,0.0,Não Jogou,False
367,1,https://s3.glbimg.com/v1/AUTH_58d78b787ec34892b5aaa0c7a146155f/clubes_2025/silhuetas/GRE/FORMATO.png,6,0,0,0,camilo,Camilo,104519,Camilo Reijers de Oliveira,GRE,False,0,284,4,4,,Camilo,Meia,0,0.0,Não Jogou,False
368,1,https://s3.glbimg.com/v1/AUTH_58d78b787ec34892b5aaa0c7a146155f/clubes_2025/silhuetas/BOT/FORMATO.png,7,0,0,0,igor-jesus,Igor Jesus,104528,Igor Jesus Maciel da Cruz,BOT,False,0,263,5,13,,I. Jesus,Atacante,0,0.0,Não Jogou,False
369,1,https://s3.glbimg.com/v1/AUTH_58d78b787ec34892b5aaa0c7a146155f/clubes_2025/silhuetas/RBB/FORMATO.png,6,0,0,0,fabricio,Fabrício,104588,Fabrício Oliveira de Souza,RBB,False,0,280,1,2,,Fabrício,Goleiro,0,0.0,Não Jogou,False
370,1,https://s3.glbimg.com/v1/AUTH_58d78b787ec34892b5aaa0c7a146155f/clubes_2025/silhuetas/FOR/FORMATO.png,7,0,0,0,moises,Moisés,104666,Moisés Vieira da Veiga,FOR,False,0,356,5,15,,Moisés,Atacante,0,0.0,Não Jogou,False
371,1,https://s3.glbimg.com/v1/AUTH_58d78b787ec34892b5aaa0c7a146155f/clubes_2025/silhuetas/BOT/FORMATO.png,6,0,0,0,newton,Newton,104693,Newton Araújo da Costa Júnior,BOT,False,0,263,4,4,,Newton,Meia,0,0.0,Não Jogou,False
372,1,https://s3.glbimg.com/v1/AUTH_58d78b787ec34892b5aaa0c7a146155f/clubes_2025/silhuetas/FOR/FORMATO.png,7,0,0,0,juan-vojvoda,Juan Vojvoda,104754,Juan Pablo Vojvoda Rizzo,FOR,False,0,356,6,11,,J. Vojvoda,Técnico,0,0.0,Não Jogou,False
373,1,https://s3.glbimg.com/v1/AUTH_58d78b787ec34892b5aaa0c7a146155f/clubes_2025/silhuetas/SAO/FORMATO.png,7,0,0,0,enzo-diaz,Enzo Díaz,104758,Enzo Hernán Díaz,SAO,False,0,276,2,7,,E. Díaz,Lateral,0,0.0,Não Jogou,False
374,1,https://s3.glbimg.com/v1/AUTH_58d78b787ec34892b5aaa0c7a146155f/clubes_2025/silhuetas/SAN/FORMATO.png,6,0,0,0,leo-godoy,Leo Godoy,104759,Leonardo Ezequiel Godoy,SAN,False,0,277,2,4,,L. Godoy,Lateral,0,0.0,Não Jogou,False
375,1,https://s3.glbimg.com/v1/AUTH_58d78b787ec34892b5aaa0c7a146155f/clubes_2025/silhuetas/BAH/FORMATO.png,6,0,0,0,acevedo,Acevedo,104783,Nicolás Brian Acevedo Tabárez,BAH,False,0,265,4,5,,Acevedo,Meia,0,0.0,Não Jogou,False
376,1,https://s3.glbimg.com/v1/AUTH_58d78b787ec34892b5aaa0c7a146155f/clubes_2025/silhuetas/GRE/FORMATO.png,6,0,0,0,arezo,Arezo,104849,Douglas Matías Arezo Martínez,GRE,False,0,284,5,4,,Arezo,Atacante,0,0.0,Não Jogou,False
377,1,https://s3.glbimg.com/v1/AUTH_58d78b787ec34892b5aaa0c7a146155f/clubes_2025/silhuetas/GRE/FORMATO.png,7,0,0,0,wagner-leonardo,Wagner Leonardo,104994,Wagner Leonardo Calvelo de Souza,GRE,False,0,284,3,9,,W. Leonardo,Zagueiro,0,0.0,Não Jogou,False
378,1,https://s3.glbimg.com/v1/AUTH_58d78b787ec34892b5aaa0c7a146155f/clubes_2025/silhuetas/CRU/FORMATO.png,2,0,0,0,joao-marcelo,João Marcelo,105047,João Marcelo Messias Ferreira,CRU,False,0,283,3,7,,J. Marcelo,Zagueiro,0,0.0,Não Jogou,False
379,1,https://s3.glbimg.com/v1/AUTH_58d78b787ec34892b5aaa0c7a146155f/clubes_2025/silhuetas/RBB/FORMATO.png,6,0,0,0,sant-anna,Sant'Anna,105213,Ariel Agustín Sant'Anna Quintero,RBB,False,0,280,2,4,,Sant'Anna,Lateral,0,0.0,Não Jogou,False
380,1,https://s3.glbimg.com/v1/AUTH_58d78b787ec34892b5aaa0c7a146155f/clubes_2025/silhuetas/BOT/FORMATO.png,7,0,0,0,santiago-rodriguez,Santiago Rodríguez,105214,Santiago Mariano Rodríguez Molina,BOT,False,0,263,4,7,,S. Rodríguez,Meia,0,0.0,Não Jogou,False
381,1,https://s3.glbimg.com/v1/AUTH_58d78b787ec34892b5aaa0c7a146155f/clubes_2025/silhuetas/FOR/FORMATO.png,6,0,0,0,gaston-avila,Gastón Ávila,105258,Gastón Luciano Ávila,FOR,False,0,356,3,7,,G. Ávila,Zagueiro,0,0.0,Não Jogou,False
382,1,https://s3.glbimg.com/v1/AUTH_58d78b787ec34892b5aaa0c7a146155f/clubes_2025/silhuetas/SAO/FORMATO.png,2,0,0,0,ferraresi,Ferraresi,105300,Nahuel Adolfo Ferraresi Hernández,SAO,False,0,276,3,6,,Ferraresi,Zagueiro,0,0.0,Não Jogou,False
383,1,https://s3.glbimg.com/v1/AUTH_58d78b787ec34892b5aaa0c7a146155f/clubes_2025/silhuetas/CEA/FORMATO.png,6,0,0,0,lucas-lima,Lucas Lima,105337,Lucas Eduardo Lima da Silva,CEA,False,0,354,4,4,,L. Lima,Meia,0,0.0,Não Jogou,False
384,1,https://s3.glbimg.com/v1/AUTH_58d78b787ec34892b5aaa0c7a146155f/clubes_2025/silhuetas/BAH/FORMATO.png,2,0,0,0,gabriel-xavier,Gabriel Xavier,105373,Gabriel Lheman Xavier - Lhman,BAH,False,0,265,3,7,,G. Xavier,Zagueiro,0,0.0,Não Jogou,False
385,1,https://s3.glbimg.com/v1/AUTH_58d78b787ec34892b5aaa0c7a146155f/clubes_2025/silhuetas/COR/FORMATO.png,7,0,0,0,matheus-bidu,Matheus Bidu,105531,Matheus Lima Beltrão Oliveira Valin,COR,False,0,264,2,7,,M. Bidu,Lateral,0,0.0,Não Jogou,False
386,1,https://s3.glbimg.com/v1/AUTH_58d78b787ec34892b5aaa0c7a146155f/clubes_2025/silhuetas/MIR/FORMATO.png,6,0,0,0,davo,Davó,105533,Matheus Alvarenga de Oliveira,MIR,False,0,2305,5,3,,Davó,Atacante,0,0.0,Não Jogou,False
387,1,https://s3.glbimg.com/v1/AUTH_58d78b787ec34892b5aaa0c7a146155f/clubes_2025/silhuetas/FOR/FORMATO.png,7,0,0,0,lucero,Lucero,105568,Juan Martín Lucero,FOR,False,0,356,5,11,,Lucero,Atacante,0,0.0,Não Jogou,False
388,1,https://s3.glbimg.com/v1/AUTH_58d78b787ec34892b5aaa0c7a146155f/clubes_2025/silhuetas/VAS/FORMATO.png,7,0,0,0,lucas-piton,Lucas Piton,105584,Lucas Piton Crivellaro,VAS,False,0,267,2,10,,L. Piton,Lateral,0,0.0,Não Jogou,False
389,1,https://s3.glbimg.com/v1/AUTH_58d78b787ec34892b5aaa0c7a146155f/clubes_2025/silhuetas/MIR/FORMATO.png,6,0,0,0,roni,Roni,105585,Roni Medeiros de Moura,MIR,False,0,2305,4,3,,Roni,Meia,0,0.0,Não Jogou,False
390,1,https://s3.glbimg.com/v1/AUTH_58d78b787ec34892b5aaa0c7a146155f/clubes_2025/silhuetas/PAL/FORMATO.png,6,0,0,0,mauricio,Maurício,105647,Maurício Magalhães Prado,PAL,False,0,275,4,14,,Maurício,Meia,0,0.0,Não Jogou,False
391,1,https://s3.glbimg.com/v1/AUTH_58d78b787ec34892b5aaa0c7a146155f/clubes_2025/silhuetas/COR/FORMATO.png,6,0,0,0,talles-magno,Talles Magno,105786,Talles Magno Bacelar Martins,COR,False,0,264,5,8,,T. Magno,Atacante,0,0.0,Não Jogou,False
392,1,https://s3.glbimg.com/v1/AUTH_58d78b787ec34892b5aaa0c7a146155f/clubes_2025/silhuetas/INT/FORMATO.png,6,0,0,0,wesley,Wesley,105811,Wesley Ribeiro Silva,INT,False,0,285,5,14,,Wesley,Atacante,0,0.0,Não Jogou,False
393,1,https://s3.glbimg.com/v1/AUTH_58d78b787ec34892b5aaa0c7a146155f/clubes_2025/silhuetas/VIT/FORMATO.png,6,0,0,0,edu,Edu,105842,Lucas Eduardo Ribeiro de Souza,VIT,False,0,287,3,3,,Edu,Zagueiro,0,0.0,Não Jogou,False
394,1,https://s3.glbimg.com/v1/AUTH_58d78b787ec34892b5aaa0c7a146155f/clubes_2025/silhuetas/CEA/FORMATO.png,6,0,0,0,matheus-araujo,Matheus Araújo,105845,Matheus de Araújo Andrade,CEA,False,0,354,4,4,,M. Araújo,Meia,0,0.0,Não Jogou,False
395,1,https://s3.glbimg.com/v1/AUTH_58d78b787ec34892b5aaa0c7a146155f/clubes_2025/silhuetas/MIR/FORMATO.png,6,0,0,0,jose-aldo,José Aldo,105903,José Aldo Soares de Oliveira Filho,MIR,False,0,2305,4,3,,J. Aldo,Meia,0,0.0,Não Jogou,False
396,1,https://s3.glbimg.com/v1/AUTH_58d78b787ec34892b5aaa0c7a146155f/clubes_2025/silhuetas/INT/FORMATO.png,2,0,0,0,rochet,Rochet,105949,Sergio Ramón Rochet Álvarez,INT,False,0,285,1,10,,Rochet,Goleiro,0,0.0,Não Jogou,False
397,1,https://s3.glbimg.com/v1/AUTH_58d78b787ec34892b5aaa0c7a146155f/clubes_2025/silhuetas/BAH/FORMATO.png,7,0,0,0,santiago-mingo,Santiago Mingo,105990,Santiago Martín Ramos Mingo,BAH,False,0,265,3,5,,S. Mingo,Zagueiro,0,0.0,Não Jogou,False
398,1,https://s3.glbimg.com/v1/AUTH_58d78b787ec34892b5aaa0c7a146155f/clubes_2025/silhuetas/JUV/FORMATO.png,7,0,0,0,ewerthon,Ewerthon,106082,Ewerthon Diógenes da Silva,JUV,False,0,286,2,5,,Ewerthon,Lateral,0,0.0,Não Jogou,False
399,1,https://s3.glbimg.com/v1/AUTH_58d78b787ec34892b5aaa0c7a146155f/clubes_2025/silhuetas/VIT/FORMATO.png,7,0,0,0,thiago-carpini,Thiago Carpini,106147,Thiago Carpini Barbosa,VIT,False,0,287,6,6,,T. Carpini,Técnico,0,0.0,Não Jogou,False
400,1,https://s3.glbimg.com/v1/AUTH_58d78b787ec34892b5aaa0c7a146155f/clubes_2025/silhuetas/RBB/FORMATO.png,6,0,0,0,lucao,Lucão,106160,Lucas Alexandre Galdino de Azevedo,RBB,False,0,280,1,3,,Lucão,Goleiro,0,0.0,Não Jogou,False
401,1,https://s3.glbimg.com/v1/AUTH_58d78b787ec34892b5aaa0c7a146155f/clubes_2025/silhuetas/INT/FORMATO.png,6,0,0,0,bruno-gomes,Bruno Gomes,106202,Bruno Gomes da Silva Clevelário,INT,False,0,285,2,6,,B. Gomes,Lateral,0,0.0,Não Jogou,False
402,1,https://s3.glbimg.com/v1/AUTH_58d78b787ec34892b5aaa0c7a146155f/clubes_2025/silhuetas/SAO/FORMATO.png,7,0,0,0,marcos-antonio,Marcos Antônio,106294,Marcos Antônio Silva Santos,SAO,False,0,276,4,5,,M. Antônio,Meia,0,0.0,Não Jogou,False
403,1,https://s3.glbimg.com/v1/AUTH_58d78b787ec34892b5aaa0c7a146155f/clubes_2025/silhuetas/BAH/FORMATO.png,7,0,0,0,caio-alexandre,Caio Alexandre,106323,Caio Alexandre Souza e Silva,BAH,False,0,265,4,7,,C. Alexandre,Meia,0,0.0,Não Jogou,False
404,1,https://s3.glbimg.com/v1/AUTH_58d78b787ec34892b5aaa0c7a146155f/clubes_2025/silhuetas/RBB/FORMATO.png,6,0,0,0,eduardo-santos,Eduardo Santos,106434,Eduardo Gonzaga Mendes Santos,RBB,False,0,280,3,5,,E. Santos,Zagueiro,0,0.0,Não Jogou,False
405,1,https://s3.glbimg.com/v1/AUTH_58d78b787ec34892b5aaa0c7a146155f/clubes_2025/silhuetas/CRU/FORMATO.png,6,0,0,0,villalba,Villalba,106593,Lucas Hernán Villalba,CRU,False,0,283,3,3,,Villalba,Zagueiro,0,0.0,Não Jogou,False
406,1,https://s3.glbimg.com/v1/AUTH_58d78b787ec34892b5aaa0c7a146155f/clubes_2025/silhuetas/SPT/FORMATO.png,6,0,0,0,carlos-alberto,Carlos Alberto,106704,Carlos Alberto Gomes da Silva Filho,SPT,False,0,292,5,5,,C. Alberto,Atacante,0,0.0,Não Jogou,False
407,1,https://s3.glbimg.com/v1/AUTH_58d78b787ec34892b5aaa0c7a146155f/clubes_2025/silhuetas/BAH/FORMATO.png,6,0,0,0,rodrigo-nestor,Rodrigo Nestor,106822,Rodrigo Nestor Bertalia,BAH,False,0,265,4,7,,R. Nestor,Meia,0,0.0,Não Jogou,False
408,1,https://s3.glbimg.com/v1/AUTH_58d78b787ec34892b5aaa0c7a146155f/clubes_2025/silhuetas/SAO/FORMATO.png,6,0,0,0,patryck,Patryck,106829,Patryck Lanza dos Reis,SAO,False,0,276,2,4,,Patryck,Lateral,0,0.0,Não Jogou,False
409,1,https://s3.glbimg.com/v1/AUTH_58d78b787ec34892b5aaa0c7a146155f/clubes_2025/silhuetas/FOR/FORMATO.png,6,0,0,0,borrero,Borrero,106843,Dylan Felipe Borrero Caicedo,FOR,False,0,356,5,5,,Borrero,Atacante,0,0.0,Não Jogou,False
410,1,https://s3.glbimg.com/v1/AUTH_58d78b787ec34892b5aaa0c7a146155f/clubes_2025/silhuetas/FLU/FORMATO.png,6,0,0,0,paulo-baya,Paulo Baya,106918,Paulo Henrique Silva Ribeiro,FLU,False,0,266,5,4,,P. Baya,Atacante,0,0.0,Não Jogou,False
411,1,https://s3.glbimg.com/v1/AUTH_58d78b787ec34892b5aaa0c7a146155f/clubes_2025/silhuetas/BAH/FORMATO.png,7,0,0,0,luciano-juba,Luciano Juba,107093,Luciano Batista da Silva Júnior,BAH,False,0,265,2,5,,L. Juba,Lateral,0,0.0,Não Jogou,False
412,1,https://s3.glbimg.com/v1/AUTH_58d78b787ec34892b5aaa0c7a146155f/clubes_2025/silhuetas/PAL/FORMATO.png,7,0,0,0,richard-rios,Richard Ríos,107111,Richard Ríos Montoya,PAL,False,0,275,4,10,,R. Ríos,Meia,0,0.0,Não Jogou,False
413,1,https://s3.glbimg.com/v1/AUTH_58d78b787ec34892b5aaa0c7a146155f/clubes_2025/silhuetas/BOT/FORMATO.png,5,0,0,0,jeffinho,Jeffinho,107170,Jefferson Ruan Pereira dos Santos,BOT,False,0,263,5,4,,Jeffinho,Atacante,0,0.0,Não Jogou,False
414,1,https://s3.glbimg.com/v1/AUTH_58d78b787ec34892b5aaa0c7a146155f/clubes_2025/silhuetas/BOT/FORMATO.png,6,0,0,0,patrick-de-paula,Patrick de Paula,107172,Patrick de Paula Carreiro,BOT,False,0,263,4,5,,P. Paula,Meia,0,0.0,Não Jogou,False
415,1,https://s3.glbimg.com/v1/AUTH_58d78b787ec34892b5aaa0c7a146155f/clubes_2025/silhuetas/BAH/FORMATO.png,6,0,0,0,michel-araujo,Michel Araújo,107173,Michel Daryl Araújo Villar,BAH,False,0,265,4,6,,M. Araújo,Meia,0,0.0,Não Jogou,False
416,1,https://s3.glbimg.com/v1/AUTH_58d78b787ec34892b5aaa0c7a146155f/clubes_2025/silhuetas/INT/FORMATO.png,6,0,0,0,bruno-tabata,Bruno Tabata,107174,Bruno Vinícius Souza Ramos,INT,False,0,285,4,5,,B. Tabata,Meia,0,0.0,Não Jogou,False
417,1,https://s3.glbimg.com/v1/AUTH_58d78b787ec34892b5aaa0c7a146155f/clubes_2025/silhuetas/COR/FORMATO.png,6,0,0,0,matheus-donelli,Matheus Donelli,107179,Matheus Planelles Donelli,COR,False,0,264,1,3,,M. Donelli,Goleiro,0,0.0,Não Jogou,False
418,1,https://s3.glbimg.com/v1/AUTH_58d78b787ec34892b5aaa0c7a146155f/clubes_2025/silhuetas/BOT/FORMATO.png,6,0,0,0,leo-linck,Léo Linck,107183,Leonardo Matias Baiersdorf Linck,BOT,False,0,263,1,5,,L. Linck,Goleiro,0,0.0,Não Jogou,False
419,1,https://s3.glbimg.com/v1/AUTH_58d78b787ec34892b5aaa0c7a146155f/clubes_2025/silhuetas/FOR/FORMATO.png,6,0,0,0,magrao,Magrão,107221,Audenirton Soares da Silva,FOR,False,0,356,1,2,,Magrão,Goleiro,0,0.0,Não Jogou,False
420,1,https://s3.glbimg.com/v1/AUTH_58d78b787ec34892b5aaa0c7a146155f/clubes_2025/silhuetas/PAL/FORMATO.png,6,0,0,0,vanderlan,Vanderlan,107236,Vanderlan Barbosa da Silva,PAL,False,0,275,2,4,,Vanderlan,Lateral,0,0.0,Não Jogou,False
421,1,https://s3.glbimg.com/v1/AUTH_58d78b787ec34892b5aaa0c7a146155f/clubes_2025/silhuetas/JUV/FORMATO.png,7,0,0,0,enio,Ênio,107516,Sebastião Ênio Santos de Almeida,JUV,False,0,286,5,3,,Ênio,Atacante,0,0.0,Não Jogou,False
422,1,https://s3.glbimg.com/v1/AUTH_58d78b787ec34892b5aaa0c7a146155f/clubes_2025/silhuetas/CAM/FORMATO.png,7,0,0,0,natanael,Natanael,107554,Natanael Moreira Milouski,CAM,False,0,282,2,7,,Natanael,Lateral,0,0.0,Não Jogou,False
423,1,https://s3.glbimg.com/v1/AUTH_58d78b787ec34892b5aaa0c7a146155f/clubes_2025/silhuetas/INT/FORMATO.png,6,0,0,0,nathan,Nathan,107676,Nathan Santos de Araújo,INT,False,0,285,2,3,,Nathan,Lateral,0,0.0,Não Jogou,False
424,1,https://s3.glbimg.com/v1/AUTH_58d78b787ec34892b5aaa0c7a146155f/clubes_2025/silhuetas/SPT/FORMATO.png,7,0,0,0,chrystian-barletta,Chrystian Barletta,107726,Chrystian Amaral Barletta de Almeida,SPT,False,0,292,5,4,,C. Barletta,Atacante,0,0.0,Não Jogou,False
425,1,https://s3.glbimg.com/v1/AUTH_58d78b787ec34892b5aaa0c7a146155f/clubes_2025/silhuetas/RBB/FORMATO.png,6,0,0,0,praxedes,Praxedes,107744,Bruno Conceição Praxedes,RBB,False,0,280,4,5,,Praxedes,Meia,0,0.0,Não Jogou,False
426,1,https://s3.glbimg.com/v1/AUTH_58d78b787ec34892b5aaa0c7a146155f/clubes_2025/silhuetas/GRE/FORMATO.png,6,0,0,0,adriel,Adriel,107748,Adriel Vasconcelos Ramos,GRE,False,0,284,1,3,,Adriel,Goleiro,0,0.0,Não Jogou,False
427,1,https://s3.glbimg.com/v1/AUTH_58d78b787ec34892b5aaa0c7a146155f/clubes_2025/silhuetas/JUV/FORMATO.png,7,0,0,0,fabio-matias,Fábio Matias,107771,Fábio Henrique Matias,JUV,False,0,286,6,3,,F. Matias,Técnico,0,0.0,Não Jogou,False
428,1,https://s3.glbimg.com/v1/AUTH_58d78b787ec34892b5aaa0c7a146155f/clubes_2025/silhuetas/BOT/FORMATO.png,6,0,0,0,elias-manoel,Elias Manoel,107795,Elias Manoel Alves de Paula,BOT,False,0,263,5,6,,E. Manoel,Atacante,0,0.0,Não Jogou,False
429,1,https://s3.glbimg.com/v1/AUTH_58d78b787ec34892b5aaa0c7a146155f/clubes_2025/silhuetas/GRE/FORMATO.png,6,0,0,0,nata,Natã,107801,Natã Felipe de Amorim Santos,GRE,False,0,284,3,2,,Natã,Zagueiro,0,0.0,Não Jogou,False
430,1,https://s3.glbimg.com/v1/AUTH_58d78b787ec34892b5aaa0c7a146155f/clubes_2025/silhuetas/VIT/FORMATO.png,6,0,0,0,fintelman,Fintelman,107859,Alexandre Fintelman de Mello Ribeiro da Silva,VIT,False,0,287,1,2,,Fintelman,Goleiro,0,0.0,Não Jogou,False
431,1,https://s3.glbimg.com/v1/AUTH_58d78b787ec34892b5aaa0c7a146155f/clubes_2025/silhuetas/SAO/FORMATO.png,6,0,0,0,bobadilla,Bobadilla,107873,Damián Josué Bobadilla Benítez,SAO,False,0,276,4,6,,Bobadilla,Meia,0,0.0,Não Jogou,False
432,1,https://s3.glbimg.com/v1/AUTH_58d78b787ec34892b5aaa0c7a146155f/clubes_2025/silhuetas/COR/FORMATO.png,6,0,0,0,hugo,Hugo,107908,Hugo Ferreira de Farias,COR,False,0,264,2,6,,Hugo,Lateral,0,0.0,Não Jogou,False
433,1,https://s3.glbimg.com/v1/AUTH_58d78b787ec34892b5aaa0c7a146155f/clubes_2025/silhuetas/CAM/FORMATO.png,6,0,0,0,fausto-vera,Fausto Vera,107950,Fausto Mariano Vera,CAM,False,0,282,4,6,,F. Vera,Meia,0,0.0,Não Jogou,False
434,1,https://s3.glbimg.com/v1/AUTH_58d78b787ec34892b5aaa0c7a146155f/clubes_2025/silhuetas/INT/FORMATO.png,7,0,0,0,carbonero,Carbonero,107989,Johan Stiven Carbonero Balanta,INT,False,0,285,5,5,,Carbonero,Atacante,0,0.0,Não Jogou,False
435,1,https://s3.glbimg.com/v1/AUTH_58d78b787ec34892b5aaa0c7a146155f/clubes_2025/silhuetas/RBB/FORMATO.png,7,0,0,0,isidro-pitta,Isidro Pitta,108133,Isidro Miguel Pitta Saldívar,RBB,False,0,280,5,8,,I. Pitta,Atacante,0,0.0,Não Jogou,False
436,1,https://s3.glbimg.com/v1/AUTH_58d78b787ec34892b5aaa0c7a146155f/clubes_2025/silhuetas/CEA/FORMATO.png,6,0,0,0,gabriel-lacerda,Gabriel Lacerda,108176,Gabriel Santos Cordeiro Lacerda,CEA,False,0,354,3,4,,G. Lacerda,Zagueiro,0,0.0,Não Jogou,False
437,1,https://s3.glbimg.com/v1/AUTH_58d78b787ec34892b5aaa0c7a146155f/clubes_2025/silhuetas/BOT/FORMATO.png,6,0,0,0,david-ricardo,David Ricardo,108274,David Ricardo Loiola da Silva,BOT,False,0,263,3,4,,D. Ricardo,Zagueiro,0,0.0,Não Jogou,False
438,1,https://s3.glbimg.com/v1/AUTH_58d78b787ec34892b5aaa0c7a146155f/clubes_2025/silhuetas/SPT/FORMATO.png,6,0,0,0,fabricio-dominguez,Fabricio Domínguez,108509,Fabricio Domínguez Huertas,SPT,False,0,292,4,6,,F. Domínguez,Meia,0,0.0,Não Jogou,False
439,1,https://s3.glbimg.com/v1/AUTH_58d78b787ec34892b5aaa0c7a146155f/clubes_2025/silhuetas/GRE/FORMATO.png,6,0,0,0,aravena,Aravena,108548,Alexander Ernesto Aravena Guzmán,GRE,False,0,284,5,3,,Aravena,Atacante,0,0.0,Não Jogou,False
440,1,https://s3.glbimg.com/v1/AUTH_58d78b787ec34892b5aaa0c7a146155f/clubes_2025/silhuetas/VAS/FORMATO.png,6,0,0,0,garre,Garré,108671,Benjamín Antonio Garré,VAS,False,0,267,5,4,,Garré,Atacante,0,0.0,Não Jogou,False
441,1,https://s3.glbimg.com/v1/AUTH_58d78b787ec34892b5aaa0c7a146155f/clubes_2025/silhuetas/PAL/FORMATO.png,7,0,0,0,emiliano-martinez,Emiliano Martínez,108683,Emiliano Martínez Toranza,PAL,False,0,275,4,4,,E. Martínez,Meia,0,0.0,Não Jogou,False
442,1,https://s3.glbimg.com/v1/AUTH_58d78b787ec34892b5aaa0c7a146155f/clubes_2025/silhuetas/SPT/FORMATO.png,6,0,0,0,gustavo-maia,Gustavo Maia,108712,Gustavo Maia da Silva,SPT,False,0,292,5,2,,G. Maia,Atacante,0,0.0,Não Jogou,False
443,1,https://s3.glbimg.com/v1/AUTH_58d78b787ec34892b5aaa0c7a146155f/clubes_2025/silhuetas/CEA/FORMATO.png,6,0,0,0,galeano,Galeano,108713,Antonio Javier Galeano Ferreira,CEA,False,0,354,5,3,,Galeano,Atacante,0,0.0,Não Jogou,False
444,1,https://s3.glbimg.com/v1/AUTH_58d78b787ec34892b5aaa0c7a146155f/clubes_2025/silhuetas/FLA/FORMATO.png,7,0,0,0,plata,Plata,109096,Gonzalo Jordy Plata Jiménez,FLA,False,0,262,5,7,,Plata,Atacante,0,0.0,Não Jogou,False
445,1,https://s3.glbimg.com/v1/AUTH_58d78b787ec34892b5aaa0c7a146155f/clubes_2025/silhuetas/BAH/FORMATO.png,7,0,0,0,erick-pulga,Erick Pulga,109401,Erick da Costa Farias,BAH,False,0,265,5,6,,E. Pulga,Atacante,0,0.0,Não Jogou,False
446,1,https://s3.glbimg.com/v1/AUTH_58d78b787ec34892b5aaa0c7a146155f/clubes_2025/silhuetas/FOR/FORMATO.png,6,0,0,0,calebe,Calebe,109461,Calebe Gonçalves Ferreira da Silva,FOR,False,0,356,4,5,,Calebe,Meia,0,0.0,Não Jogou,False
447,1,https://s3.glbimg.com/v1/AUTH_58d78b787ec34892b5aaa0c7a146155f/clubes_2025/silhuetas/FLU/FORMATO.png,7,0,0,0,martinelli,Martinelli,109573,Matheus Martinelli Lima,FLU,False,0,266,4,7,,Martinelli,Meia,0,0.0,Não Jogou,False
448,1,https://s3.glbimg.com/v1/AUTH_58d78b787ec34892b5aaa0c7a146155f/clubes_2025/silhuetas/VIT/FORMATO.png,6,0,0,0,hugo,Hugo,109668,Hugo Gonçalves Ferreira Neto,VIT,False,0,287,2,5,,Hugo,Lateral,0,0.0,Não Jogou,False
449,1,https://s3.glbimg.com/v1/AUTH_58d78b787ec34892b5aaa0c7a146155f/clubes_2025/silhuetas/JUV/FORMATO.png,7,0,0,0,batalla,Batalla,109899,Emerson Geovanny Batalla Martínez - Enmerson,JUV,False,0,286,5,6,,Batalla,Atacante,0,0.0,Não Jogou,False
450,1,https://s3.glbimg.com/v1/AUTH_58d78b787ec34892b5aaa0c7a146155f/clubes_2025/silhuetas/GRE/FORMATO.png,2,0,0,0,monsalve,Monsalve,109966,Miguel Ángel Monsalve Gonzáles - González,GRE,False,0,284,4,6,,Monsalve,Meia,0,0.0,Não Jogou,False
451,1,https://s3.glbimg.com/v1/AUTH_58d78b787ec34892b5aaa0c7a146155f/clubes_2025/silhuetas/COR/FORMATO.png,6,0,0,0,palacios,Palacios,110260,Diego José Palacios Espinoza,COR,False,0,264,2,4,,Palacios,Lateral,0,0.0,Não Jogou,False
452,1,https://s3.glbimg.com/v1/AUTH_58d78b787ec34892b5aaa0c7a146155f/clubes_2025/silhuetas/COR/FORMATO.png,7,0,0,0,jose-martinez,José Martínez,110311,José Andrés Martínez Torres,COR,False,0,264,4,5,,J. Martínez,Meia,0,0.0,Não Jogou,False
453,1,https://s3.glbimg.com/v1/AUTH_58d78b787ec34892b5aaa0c7a146155f/clubes_2025/silhuetas/INT/FORMATO.png,7,0,0,0,bernabei,Bernabéi,110426,Alexandro Ezequiel Bernabéi,INT,False,0,285,2,14,,Bernabéi,Lateral,0,0.0,Não Jogou,False
454,1,https://s3.glbimg.com/v1/AUTH_58d78b787ec34892b5aaa0c7a146155f/clubes_2025/silhuetas/PAL/FORMATO.png,7,0,0,0,abel-ferreira,Abel Ferreira,110506,Abel Fernando Moreira Ferreira,PAL,False,0,275,6,13,,A. Ferreira,Técnico,0,0.0,Não Jogou,False
455,1,https://s3.glbimg.com/v1/AUTH_58d78b787ec34892b5aaa0c7a146155f/clubes_2025/silhuetas/INT/FORMATO.png,7,0,0,0,aguirre,Aguirre,110510,Braian Aguirre Nahuel,INT,False,0,285,2,5,,Aguirre,Lateral,0,0.0,Não Jogou,False
456,1,https://s3.glbimg.com/v1/AUTH_58d78b787ec34892b5aaa0c7a146155f/clubes_2025/silhuetas/PAL/FORMATO.png,6,0,0,0,mateus,Mateus,110624,Mateus Oliveira Mendes,PAL,False,0,275,1,2,,Mateus,Goleiro,0,0.0,Não Jogou,False
457,1,https://s3.glbimg.com/v1/AUTH_58d78b787ec34892b5aaa0c7a146155f/clubes_2025/silhuetas/RBB/FORMATO.png,7,0,0,0,andres-hurtado,Andrés Hurtado,110715,José Andrés Hurtado Cheme,RBB,False,0,280,2,4,,A. Hurtado,Lateral,0,0.0,Não Jogou,False
458,1,https://s3.glbimg.com/v1/AUTH_58d78b787ec34892b5aaa0c7a146155f/clubes_2025/silhuetas/CAM/FORMATO.png,6,0,0,0,rubens,Rubens,110727,Rubens Antônio Dias,CAM,False,0,282,4,6,,Rubens,Meia,0,0.0,Não Jogou,False
459,1,https://s3.glbimg.com/v1/AUTH_58d78b787ec34892b5aaa0c7a146155f/clubes_2025/silhuetas/BOT/FORMATO.png,7,0,0,0,renato-paiva,Renato Paiva,110818,Renato Manuel Alves Paiva,BOT,False,0,263,6,7,,R. Paiva,Técnico,0,0.0,Não Jogou,False
460,1,https://s3.glbimg.com/v1/AUTH_58d78b787ec34892b5aaa0c7a146155f/clubes_2025/silhuetas/RBB/FORMATO.png,6,0,0,0,guilherme-lopes,Guilherme Lopes,110909,Guilherme Lopes de Almeida,RBB,False,0,280,2,3,,G. Lopes,Lateral,0,0.0,Não Jogou,False
461,1,https://s3.glbimg.com/v1/AUTH_58d78b787ec34892b5aaa0c7a146155f/clubes_2025/silhuetas/CEA/FORMATO.png,6,0,0,0,romulo,Rômulo,111166,Rômulo Azevedo Simão,CEA,False,0,354,4,6,,Rômulo,Meia,0,0.0,Não Jogou,False
462,1,https://s3.glbimg.com/v1/AUTH_58d78b787ec34892b5aaa0c7a146155f/clubes_2025/silhuetas/GRE/FORMATO.png,6,0,0,0,gustavo-martins,Gustavo Martins,111309,Gustavo Martins de Souza Santos,GRE,False,0,284,3,5,,G. Martins,Zagueiro,0,0.0,Não Jogou,False
463,1,https://s3.glbimg.com/v1/AUTH_58d78b787ec34892b5aaa0c7a146155f/clubes_2025/silhuetas/JUV/FORMATO.png,7,0,0,0,luis-mandaca,Luis Mandaca,111407,Luis Gustavo da Silva Machado Duarte,JUV,False,0,286,4,4,,L. Mandaca,Meia,0,0.0,Não Jogou,False
464,1,https://s3.glbimg.com/v1/AUTH_58d78b787ec34892b5aaa0c7a146155f/clubes_2025/silhuetas/SPT/FORMATO.png,6,0,0,0,renzo,Renzo,111465,Renzo Azevedo Pimentel de Moura,SPT,False,0,292,3,3,,Renzo,Zagueiro,0,0.0,Não Jogou,False
465,1,https://s3.glbimg.com/v1/AUTH_58d78b787ec34892b5aaa0c7a146155f/clubes_2025/silhuetas/INT/FORMATO.png,7,0,0,0,victor-gabriel,Victor Gabriel,111466,Victor Gabriel da Conceição Ribeiro,INT,False,0,285,3,4,,V. Gabriel,Zagueiro,0,0.0,Não Jogou,False
466,1,https://s3.glbimg.com/v1/AUTH_58d78b787ec34892b5aaa0c7a146155f/clubes_2025/silhuetas/CAM/FORMATO.png,6,0,0,0,gabriel-atila,Gabriel Átila,111582,Gabriel Átila Cardoso da Silva,CAM,False,0,282,1,1,,G. Átila,Goleiro,0,0.0,Não Jogou,False
467,1,https://s3.glbimg.com/v1/AUTH_58d78b787ec34892b5aaa0c7a146155f/clubes_2025/silhuetas/PAL/FORMATO.png,7,0,0,0,micael,Micael,111594,Micael dos Santos Silva,PAL,False,0,275,3,4,,Micael,Zagueiro,0,0.0,Não Jogou,False
468,1,https://s3.glbimg.com/v1/AUTH_58d78b787ec34892b5aaa0c7a146155f/clubes_2025/silhuetas/VAS/FORMATO.png,6,0,0,0,adson,Adson,111682,Adson Ferreira Soares,VAS,False,0,267,4,6,,Adson,Meia,0,0.0,Não Jogou,False
469,1,https://s3.glbimg.com/v1/AUTH_58d78b787ec34892b5aaa0c7a146155f/clubes_2025/silhuetas/INT/FORMATO.png,2,0,0,0,anthoni,Anthoni,111683,Anthoni Spier Souza,INT,False,0,285,1,4,,Anthoni,Goleiro,0,0.0,Não Jogou,False
470,1,https://s3.glbimg.com/v1/AUTH_58d78b787ec34892b5aaa0c7a146155f/clubes_2025/silhuetas/FLA/FORMATO.png,6,0,0,0,matheus-cunha,Matheus Cunha,111690,Matheus Cunha Queiroz,FLA,False,0,262,1,5,,M. Cunha,Goleiro,0,0.0,Não Jogou,False
471,1,https://s3.glbimg.com/v1/AUTH_58d78b787ec34892b5aaa0c7a146155f/clubes_2025/silhuetas/RBB/FORMATO.png,6,0,0,0,fabinho,Fabinho,111760,Fábio Silva de Freitas,RBB,False,0,280,4,3,,Fabinho,Meia,0,0.0,Não Jogou,False
472,1,https://s3.glbimg.com/v1/AUTH_58d78b787ec34892b5aaa0c7a146155f/clubes_2025/silhuetas/BAH/FORMATO.png,6,0,0,0,kayky,Kayky,111829,Kayky da Silva Chagas,BAH,False,0,265,5,3,,Kayky,Atacante,0,0.0,Não Jogou,False
473,1,https://s3.glbimg.com/v1/AUTH_58d78b787ec34892b5aaa0c7a146155f/clubes_2025/silhuetas/BOT/FORMATO.png,6,0,0,0,matheus-martins,Matheus Martins,111831,Matheus Martins Silva dos Santos,BOT,False,0,263,5,6,,M. Martins,Atacante,0,0.0,Não Jogou,False
474,1,https://s3.glbimg.com/v1/AUTH_58d78b787ec34892b5aaa0c7a146155f/clubes_2025/silhuetas/GRE/FORMATO.png,6,0,0,0,gabriel-grando,Gabriel Grando,112616,Gabriel Hamester Grando,GRE,False,0,284,1,5,,G. Grando,Goleiro,0,0.0,Não Jogou,False
475,1,https://s3.glbimg.com/v1/AUTH_58d78b787ec34892b5aaa0c7a146155f/clubes_2025/silhuetas/CRU/FORMATO.png,2,0,0,0,kaiki-bruno,Kaiki Bruno,112709,Kaiki Bruno da Silva,CRU,False,0,283,2,5,,K. Bruno,Lateral,0,0.0,Não Jogou,False
476,1,https://s3.glbimg.com/v1/AUTH_58d78b787ec34892b5aaa0c7a146155f/clubes_2025/silhuetas/PAL/FORMATO.png,6,0,0,0,anibal-moreno,Aníbal Moreno,112869,Aníbal Ismael Moreno,PAL,False,0,275,4,6,,A. Moreno,Meia,0,0.0,Não Jogou,False
477,1,https://s3.glbimg.com/v1/AUTH_58d78b787ec34892b5aaa0c7a146155f/clubes_2025/silhuetas/RBB/FORMATO.png,6,0,0,0,lucas-barbosa,Lucas Barbosa,112886,Lucas Henrique Barbosa,RBB,False,0,280,5,7,,L. Barbosa,Atacante,0,0.0,Não Jogou,False
478,1,https://s3.glbimg.com/v1/AUTH_58d78b787ec34892b5aaa0c7a146155f/clubes_2025/silhuetas/VAS/FORMATO.png,6,0,0,0,sforza,Sforza,112906,Juan Sebastián Sforza,VAS,False,0,267,4,5,,Sforza,Meia,0,0.0,Não Jogou,False
479,1,https://s3.glbimg.com/v1/AUTH_58d78b787ec34892b5aaa0c7a146155f/clubes_2025/silhuetas/FLU/FORMATO.png,2,0,0,0,freytes,Freytes,113034,Juan Pablo Freytes,FLU,False,0,266,3,4,,Freytes,Zagueiro,0,0.0,Não Jogou,False
480,1,https://s3.glbimg.com/v1/AUTH_58d78b787ec34892b5aaa0c7a146155f/clubes_2025/silhuetas/FOR/FORMATO.png,6,0,0,0,kervin-andrade,Kervin Andrade,113073,Kervin Mario Andrade Navarro,FOR,False,0,356,4,4,,K. Andrade,Meia,0,0.0,Não Jogou,False
481,1,https://s3.glbimg.com/v1/AUTH_58d78b787ec34892b5aaa0c7a146155f/clubes_2025/silhuetas/FOR/FORMATO.png,7,0,0,0,mancuso,Mancuso,113078,Eros Nazareno Mancuso,FOR,False,0,356,2,7,,Mancuso,Lateral,0,0.0,Não Jogou,False
482,1,https://s3.glbimg.com/v1/AUTH_58d78b787ec34892b5aaa0c7a146155f/clubes_2025/silhuetas/PAL/FORMATO.png,6,0,0,0,flaco-lopez,Flaco López,113103,José Manuel Alberto López,PAL,False,0,275,5,9,,F. López,Atacante,0,0.0,Não Jogou,False
483,1,https://s3.glbimg.com/v1/AUTH_58d78b787ec34892b5aaa0c7a146155f/clubes_2025/silhuetas/RBB/FORMATO.png,6,0,0,0,nathan-mendes,Nathan Mendes,113157,Nathan Gabriel de Souza Mendes,RBB,False,0,280,2,4,,N. Mendes,Lateral,0,0.0,Não Jogou,False
484,1,https://s3.glbimg.com/v1/AUTH_58d78b787ec34892b5aaa0c7a146155f/clubes_2025/silhuetas/CRU/FORMATO.png,6,0,0,0,marquinhos,Marquinhos,113158,Marcus Vinícius Oliveira Alencar,CRU,False,0,283,5,7,,Marquinhos,Atacante,0,0.0,Não Jogou,False
485,1,https://s3.glbimg.com/v1/AUTH_58d78b787ec34892b5aaa0c7a146155f/clubes_2025/silhuetas/SAO/FORMATO.png,6,0,0,0,pablo-maia,Pablo Maia,113359,Pablo Gonçalves Maia Fortunato,SAO,False,0,276,4,8,,P. Maia,Meia,0,0.0,Não Jogou,False
486,1,https://s3.glbimg.com/v1/AUTH_58d78b787ec34892b5aaa0c7a146155f/clubes_2025/silhuetas/GRE/FORMATO.png,7,0,0,0,cristian-olivera,Cristian Olivera,113397,Cristian Gonzalo Olivera Ibarra,GRE,False,0,284,5,7,,C. Olivera,Atacante,0,0.0,Não Jogou,False
487,1,https://s3.glbimg.com/v1/AUTH_58d78b787ec34892b5aaa0c7a146155f/clubes_2025/silhuetas/SPT/FORMATO.png,7,0,0,0,lenny-lobato,Lenny Lobato,113462,Lenny Ivo Lobato Romanelli,SPT,False,0,292,5,4,,L. Lobato,Atacante,0,0.0,Não Jogou,False
488,1,https://s3.glbimg.com/v1/AUTH_58d78b787ec34892b5aaa0c7a146155f/clubes_2025/silhuetas/SAN/FORMATO.png,6,0,0,0,diogenes,Diógenes,113690,Diógenes Vinícius da Silva,SAN,False,0,277,1,2,,Diógenes,Goleiro,0,0.0,Não Jogou,False
489,1,https://s3.glbimg.com/v1/AUTH_58d78b787ec34892b5aaa0c7a146155f/clubes_2025/silhuetas/RBB/FORMATO.png,6,0,0,0,douglas-mendes,Douglas Mendes,114311,Douglas Mendes Moreira,RBB,False,0,280,3,4,,D. Mendes,Zagueiro,0,0.0,Não Jogou,False
490,1,https://s3.glbimg.com/v1/AUTH_58d78b787ec34892b5aaa0c7a146155f/clubes_2025/silhuetas/CRU/FORMATO.png,6,0,0,0,gamarra,Gamarra,114334,Mateo Gamarra González,CRU,False,0,283,3,5,,Gamarra,Zagueiro,0,0.0,Não Jogou,False
491,1,https://s3.glbimg.com/v1/AUTH_58d78b787ec34892b5aaa0c7a146155f/clubes_2025/silhuetas/FLA/FORMATO.png,6,0,0,0,cleiton,Cleiton,114790,Cleiton Santana dos Santos,FLA,False,0,262,3,3,,Cleiton,Zagueiro,0,0.0,Não Jogou,False
492,1,https://s3.glbimg.com/v1/AUTH_58d78b787ec34892b5aaa0c7a146155f/clubes_2025/silhuetas/PAL/FORMATO.png,7,0,0,0,vitor-roque,Vitor Roque,114802,Vitor Hugo Roque Ferreira,PAL,False,0,275,5,15,,V. Roque,Atacante,0,0.0,Não Jogou,False
493,1,https://s3.glbimg.com/v1/AUTH_58d78b787ec34892b5aaa0c7a146155f/clubes_2025/silhuetas/SAN/FORMATO.png,6,0,0,0,miguelito,Miguelito,115025,Miguel Àngel Terceros,SAN,False,0,277,4,3,,Miguelito,Meia,0,0.0,Não Jogou,False
494,1,https://s3.glbimg.com/v1/AUTH_58d78b787ec34892b5aaa0c7a146155f/clubes_2025/silhuetas/VAS/FORMATO.png,7,0,0,0,lucas-freitas,Lucas Freitas,115141,Lucas de Freitas Molarinho Chagas,VAS,False,0,267,3,5,,L. Freitas,Zagueiro,0,0.0,Não Jogou,False
495,1,https://s3.glbimg.com/v1/AUTH_58d78b787ec34892b5aaa0c7a146155f/clubes_2025/silhuetas/FLA/FORMATO.png,7,0,0,0,wesley,Wesley,115239,Wesley Vinícius França Lima,FLA,False,0,262,2,11,,Wesley,Lateral,0,0.0,Não Jogou,False
496,1,https://s3.glbimg.com/v1/AUTH_58d78b787ec34892b5aaa0c7a146155f/clubes_2025/silhuetas/PAL/FORMATO.png,6,0,0,0,naves,Naves,115246,Kaiky Marques Naves,PAL,False,0,275,3,4,,Naves,Zagueiro,0,0.0,Não Jogou,False
497,1,https://s3.glbimg.com/v1/AUTH_58d78b787ec34892b5aaa0c7a146155f/clubes_2025/silhuetas/RBB/FORMATO.png,7,0,0,0,jhon-jhon,Jhon Jhon,115248,Jhonatan dos Santos Rosa,RBB,False,0,280,4,7,,J. Jhon,Meia,0,0.0,Não Jogou,False
498,1,https://s3.glbimg.com/v1/AUTH_58d78b787ec34892b5aaa0c7a146155f/clubes_2025/silhuetas/CAM/FORMATO.png,6,0,0,0,romulo,Rômulo,115268,Rômulo Helberte Pereira Junior,CAM,False,0,282,3,3,,Rômulo,Zagueiro,0,0.0,Não Jogou,False
499,1,https://s3.glbimg.com/v1/AUTH_58d78b787ec34892b5aaa0c7a146155f/clubes_2025/silhuetas/BOT/FORMATO.png,6,0,0,0,rwan-cruz,Rwan Cruz,115404,Rwan Philipe Rodrigues de Souza Cruz,BOT,False,0,263,5,4,,R. Cruz,Atacante,0,0.0,Não Jogou,False
500,1,https://s3.glbimg.com/v1/AUTH_58d78b787ec34892b5aaa0c7a146155f/clubes_2025/silhuetas/CEA/FORMATO.png,6,0,0,0,marcos-victor,Marcos Victor,115537,Marcos Victor Ferreira da Silva,CEA,False,0,354,3,3,,M. Victor,Zagueiro,0,0.0,Não Jogou,False
501,1,https://s3.glbimg.com/v1/AUTH_58d78b787ec34892b5aaa0c7a146155f/clubes_2025/silhuetas/CRU/FORMATO.png,6,0,0,0,rodriguinho,Rodriguinho,115563,Rodrigo Henrique Santos de Souza,CRU,False,0,283,4,4,,Rodriguinho,Meia,0,0.0,Não Jogou,False
502,1,https://s3.glbimg.com/v1/AUTH_58d78b787ec34892b5aaa0c7a146155f/clubes_2025/silhuetas/JUV/FORMATO.png,6,0,0,0,marcos-paulo,Marcos Paulo,115594,Marcos Paulo Lima Batista Silva,JUV,False,0,286,2,2,,M. Paulo,Lateral,0,0.0,Não Jogou,False
503,1,https://s3.glbimg.com/v1/AUTH_58d78b787ec34892b5aaa0c7a146155f/clubes_2025/silhuetas/CAM/FORMATO.png,6,0,0,0,gabriel-delfim,Gabriel Delfim,115674,Gabriel Delfim Ferreira,CAM,False,0,282,1,2,,G. Delfim,Goleiro,0,0.0,Não Jogou,False
504,1,https://s3.glbimg.com/v1/AUTH_58d78b787ec34892b5aaa0c7a146155f/clubes_2025/silhuetas/FLA/FORMATO.png,6,0,0,0,evertton-araujo,Evertton Araújo,115914,Everton Gustavo Fernandes Araújo,FLA,False,0,262,4,4,,E. Araújo,Meia,0,0.0,Não Jogou,False
505,1,https://s3.glbimg.com/v1/AUTH_58d78b787ec34892b5aaa0c7a146155f/clubes_2025/silhuetas/FLU/FORMATO.png,6,0,0,0,lele,Lelê,115915,Leanderson da Silva Genésio,FLU,False,0,266,5,4,,Lelê,Atacante,0,0.0,Não Jogou,False
506,1,https://s3.glbimg.com/v1/AUTH_58d78b787ec34892b5aaa0c7a146155f/clubes_2025/silhuetas/FLA/FORMATO.png,6,0,0,0,matheus-goncalves,Matheus Gonçalves,116012,Matheus Gonçalves Martins,FLA,False,0,262,4,4,,M. Gonçalves,Meia,0,0.0,Não Jogou,False
507,1,https://s3.glbimg.com/v1/AUTH_58d78b787ec34892b5aaa0c7a146155f/clubes_2025/silhuetas/JUV/FORMATO.png,6,0,0,0,petterson,Petterson,116025,Petterson Novaes Reis,JUV,False,0,286,5,2,,Petterson,Atacante,0,0.0,Não Jogou,False
508,1,https://s3.glbimg.com/v1/AUTH_58d78b787ec34892b5aaa0c7a146155f/clubes_2025/silhuetas/BOT/FORMATO.png,6,0,0,0,cuiabano,Cuiabano,116065,Luís Eduardo Soares da Silva,BOT,False,0,263,2,8,,Cuiabano,Lateral,0,0.0,Não Jogou,False
509,1,https://s3.glbimg.com/v1/AUTH_58d78b787ec34892b5aaa0c7a146155f/clubes_2025/silhuetas/FLU/FORMATO.png,6,0,0,0,hercules,Hércules,116447,Hércules Pereira do Nascimento,FLU,False,0,266,4,8,,Hércules,Meia,0,0.0,Não Jogou,False
510,1,https://s3.glbimg.com/v1/AUTH_58d78b787ec34892b5aaa0c7a146155f/clubes_2025/silhuetas/VIT/FORMATO.png,7,0,0,0,jamerson,Jamerson,116461,Jamerson Santos de Jesus,VIT,False,0,287,2,4,,Jamerson,Lateral,0,0.0,Não Jogou,False
511,1,https://s3.glbimg.com/v1/AUTH_58d78b787ec34892b5aaa0c7a146155f/clubes_2025/silhuetas/RBB/FORMATO.png,6,0,0,0,thiago-borbas,Thiago Borbas,117314,Thiago Nicolás Borbas Silva,RBB,False,0,280,5,3,,T. Borbas,Atacante,0,0.0,Não Jogou,False
512,1,https://s3.glbimg.com/v1/AUTH_58d78b787ec34892b5aaa0c7a146155f/clubes_2025/silhuetas/JUV/FORMATO.png,6,0,0,0,cipriano,Cipriano,117336,João Luiz da Silva Cipriano,JUV,False,0,286,3,4,,Cipriano,Zagueiro,0,0.0,Não Jogou,False
513,1,https://s3.glbimg.com/v1/AUTH_58d78b787ec34892b5aaa0c7a146155f/clubes_2025/silhuetas/COR/FORMATO.png,6,0,0,0,leo-mana,Léo Maná,117459,Leonardo Mana Hernandes,COR,False,0,264,2,3,,L. Maná,Lateral,0,0.0,Não Jogou,False
514,1,https://s3.glbimg.com/v1/AUTH_58d78b787ec34892b5aaa0c7a146155f/clubes_2025/silhuetas/COR/FORMATO.png,7,0,0,0,garro,Garro,117632,Rodrigo Garro,COR,False,0,264,4,23,,Garro,Meia,0,0.0,Não Jogou,False
515,1,https://s3.glbimg.com/v1/AUTH_58d78b787ec34892b5aaa0c7a146155f/clubes_2025/silhuetas/SAN/FORMATO.png,7,0,0,0,pedro-caixinha,Pedro Caixinha,117711,Pedro Miguel Faria Caixinha,SAN,False,0,277,6,8,,P. Caixinha,Técnico,0,0.0,Não Jogou,False
516,1,https://s3.glbimg.com/v1/AUTH_58d78b787ec34892b5aaa0c7a146155f/clubes_2025/silhuetas/SAO/FORMATO.png,6,0,0,0,young,Young,117818,Young Navarro Moraes,SAO,False,0,276,1,2,,Young,Goleiro,0,0.0,Não Jogou,False
517,1,https://s3.glbimg.com/v1/AUTH_58d78b787ec34892b5aaa0c7a146155f/clubes_2025/silhuetas/COR/FORMATO.png,6,0,0,0,giovane,Giovane,117849,Giovane Santana do Nascimento,COR,False,0,264,5,4,,Giovane,Atacante,0,0.0,Não Jogou,False
518,1,https://s3.glbimg.com/v1/AUTH_58d78b787ec34892b5aaa0c7a146155f/clubes_2025/silhuetas/COR/FORMATO.png,6,0,0,0,breno-bidon,Breno Bidon,117910,Breno de Souza Bidon,COR,False,0,264,4,7,,B. Bidon,Meia,0,0.0,Não Jogou,False
519,1,https://s3.glbimg.com/v1/AUTH_58d78b787ec34892b5aaa0c7a146155f/clubes_2025/silhuetas/FLU/FORMATO.png,6,0,0,0,lavega,Lavega,117930,Joaquín Lavega Colzada,FLU,False,0,266,5,4,,Lavega,Atacante,0,0.0,Não Jogou,False
520,1,https://s3.glbimg.com/v1/AUTH_58d78b787ec34892b5aaa0c7a146155f/clubes_2025/silhuetas/FLA/FORMATO.png,6,0,0,0,iago,Iago,118090,Iago Teodoro da Silva Nogueira,FLA,False,0,262,3,2,,Iago,Zagueiro,0,0.0,Não Jogou,False
521,1,https://s3.glbimg.com/v1/AUTH_58d78b787ec34892b5aaa0c7a146155f/clubes_2025/silhuetas/GRE/FORMATO.png,6,0,0,0,ronald,Ronald,118238,Ronald Cardoso Falkoski,GRE,False,0,284,4,3,,Ronald,Meia,0,0.0,Não Jogou,False
522,1,https://s3.glbimg.com/v1/AUTH_58d78b787ec34892b5aaa0c7a146155f/clubes_2025/silhuetas/SAO/FORMATO.png,6,0,0,0,rodriguinho,Rodriguinho,118563,Rodrigo Huendra Almeida Mendonça,SAO,False,0,276,4,3,,Rodriguinho,Meia,0,0.0,Não Jogou,False
523,1,https://s3.glbimg.com/v1/AUTH_58d78b787ec34892b5aaa0c7a146155f/clubes_2025/silhuetas/SAN/FORMATO.png,6,0,0,0,kevyson,Kevyson,118701,Kevyson Costa e Silva,SAN,False,0,277,2,2,,Kevyson,Lateral,0,0.0,Não Jogou,False
524,1,https://s3.glbimg.com/v1/AUTH_58d78b787ec34892b5aaa0c7a146155f/clubes_2025/silhuetas/VAS/FORMATO.png,2,0,0,0,mateus-carvalho,Mateus Carvalho,118752,Mateus Carvalho dos Santos,VAS,False,0,267,4,5,,M. Carvalho,Meia,0,0.0,Não Jogou,False
525,1,https://s3.glbimg.com/v1/AUTH_58d78b787ec34892b5aaa0c7a146155f/clubes_2025/silhuetas/BOT/FORMATO.png,2,0,0,0,jair,Jair,118758,Jair Paula da Cunha Filho,BOT,False,0,263,3,6,,Jair,Zagueiro,0,0.0,Não Jogou,False
526,1,https://s3.glbimg.com/v1/AUTH_58d78b787ec34892b5aaa0c7a146155f/clubes_2025/silhuetas/CRU/FORMATO.png,6,0,0,0,lautaro-diaz,Lautaro Díaz,118775,Lautaro Ariel Díaz,CRU,False,0,283,5,6,,L. Díaz,Atacante,0,0.0,Não Jogou,False
527,1,https://s3.glbimg.com/v1/AUTH_58d78b787ec34892b5aaa0c7a146155f/clubes_2025/silhuetas/SPT/FORMATO.png,6,0,0,0,arthur-sousa,Arthur Sousa,120856,Arthur Sousa Araújo,SPT,False,0,292,5,3,,A. Sousa,Atacante,0,0.0,Não Jogou,False
528,1,https://s3.glbimg.com/v1/AUTH_58d78b787ec34892b5aaa0c7a146155f/clubes_2025/silhuetas/VAS/FORMATO.png,6,0,0,0,paulinho-silva,Paulinho Silva,121766,Paulo Ricardo de Souza Babilônia,VAS,False,0,267,2,2,,P. Silva,Lateral,0,0.0,Não Jogou,False
529,1,https://s3.glbimg.com/v1/AUTH_58d78b787ec34892b5aaa0c7a146155f/clubes_2025/silhuetas/GRE/FORMATO.png,6,0,0,0,andre,André,121792,André Henrique da Silva Martins,GRE,False,0,284,5,3,,André,Atacante,0,0.0,Não Jogou,False
530,1,https://s3.glbimg.com/v1/AUTH_58d78b787ec34892b5aaa0c7a146155f/clubes_2025/silhuetas/BOT/FORMATO.png,6,0,0,0,kaue-rodrigues,Kauê Rodrigues,121827,Kauê Rodrigues Pessanha,BOT,False,0,263,4,3,,K. Rodrigues,Meia,0,0.0,Não Jogou,False
531,1,https://s3.glbimg.com/v1/AUTH_58d78b787ec34892b5aaa0c7a146155f/clubes_2025/silhuetas/VIT/FORMATO.png,7,0,0,0,janderson,Janderson,121830,Janderson de Carvalho Costa,VIT,False,0,287,5,5,,Janderson,Atacante,0,0.0,Não Jogou,False
532,1,https://s3.glbimg.com/v1/AUTH_58d78b787ec34892b5aaa0c7a146155f/clubes_2025/silhuetas/BAH/FORMATO.png,6,0,0,0,ryan,Ryan,122300,Ryan Carlos Santos de Sousa,BAH,False,0,265,2,2,,Ryan,Lateral,0,0.0,Não Jogou,False
533,1,https://s3.glbimg.com/v1/AUTH_58d78b787ec34892b5aaa0c7a146155f/clubes_2025/silhuetas/FLA/FORMATO.png,6,0,0,0,dyogo-alves,Dyogo Alves,122318,Francisco Dyogo Bento Alves,FLA,False,0,262,1,3,,D. Alves,Goleiro,0,0.0,Não Jogou,False
534,1,https://s3.glbimg.com/v1/AUTH_58d78b787ec34892b5aaa0c7a146155f/clubes_2025/silhuetas/FLA/FORMATO.png,6,0,0,0,daniel-sales,Daniel Sales,122320,Daniel dos Santos Sales,FLA,False,0,262,2,2,,D. Sales,Lateral,0,0.0,Não Jogou,False
535,1,https://s3.glbimg.com/v1/AUTH_58d78b787ec34892b5aaa0c7a146155f/clubes_2025/silhuetas/FLA/FORMATO.png,6,0,0,0,lorran,Lorran,122321,Lorran Lucas Pereira de Sousa,FLA,False,0,262,4,3,,Lorran,Meia,0,0.0,Não Jogou,False
536,1,https://s3.glbimg.com/v1/AUTH_58d78b787ec34892b5aaa0c7a146155f/clubes_2025/silhuetas/RBB/FORMATO.png,6,0,0,0,gustavinho,Gustavinho,122394,Gustavo Ribeiro Neves,RBB,False,0,280,4,4,,Gustavinho,Meia,0,0.0,Não Jogou,False
537,1,https://s3.glbimg.com/v1/AUTH_58d78b787ec34892b5aaa0c7a146155f/clubes_2025/silhuetas/COR/FORMATO.png,6,0,0,0,ryan,Ryan,122396,Ryan Gustavo de Lima,COR,False,0,264,4,4,,Ryan,Meia,0,0.0,Não Jogou,False
538,1,https://s3.glbimg.com/v1/AUTH_58d78b787ec34892b5aaa0c7a146155f/clubes_2025/silhuetas/SAN/FORMATO.png,6,0,0,0,luisao,Luisão,122406,Luis Fellipe Campos Dória,SAN,False,0,277,3,4,,Luisão,Zagueiro,0,0.0,Não Jogou,False
539,1,https://s3.glbimg.com/v1/AUTH_58d78b787ec34892b5aaa0c7a146155f/clubes_2025/silhuetas/INT/FORMATO.png,6,0,0,0,lucca,Lucca,122420,Lucca Holanda Sampaio Tavares,INT,False,0,285,5,3,,Lucca,Atacante,0,0.0,Não Jogou,False
540,1,https://s3.glbimg.com/v1/AUTH_58d78b787ec34892b5aaa0c7a146155f/clubes_2025/silhuetas/VAS/FORMATO.png,2,0,0,0,rayan,Rayan,122486,Rayan Vitor Simplício Rocha,VAS,False,0,267,5,5,,Rayan,Atacante,0,0.0,Não Jogou,False
541,1,https://s3.glbimg.com/v1/AUTH_58d78b787ec34892b5aaa0c7a146155f/clubes_2025/silhuetas/VAS/FORMATO.png,6,0,0,0,gb,GB,122487,Gabriel Souza da Silva,VAS,False,0,267,5,2,,GB,Atacante,0,0.0,Não Jogou,False
542,1,https://s3.glbimg.com/v1/AUTH_58d78b787ec34892b5aaa0c7a146155f/clubes_2025/silhuetas/FLA/FORMATO.png,6,0,0,0,wallace-yan,Wallace Yan,122573,Wallace Yan de Souza Barreto,FLA,False,0,262,5,3,,W. Yan,Atacante,0,0.0,Não Jogou,False
543,1,https://s3.glbimg.com/v1/AUTH_58d78b787ec34892b5aaa0c7a146155f/clubes_2025/silhuetas/CRU/FORMATO.png,6,0,0,0,japa,Japa,122660,João Wellington Gadelha Melo de Oliveira,CRU,False,0,283,4,3,,Japa,Meia,0,0.0,Não Jogou,False
544,1,https://s3.glbimg.com/v1/AUTH_58d78b787ec34892b5aaa0c7a146155f/clubes_2025/silhuetas/SPT/FORMATO.png,6,0,0,0,lucas-cunha,Lucas Cunha,122755,Lucas de Souza Cunha,SPT,False,0,292,3,4,,L. Cunha,Zagueiro,0,0.0,Não Jogou,False
545,1,https://s3.glbimg.com/v1/AUTH_58d78b787ec34892b5aaa0c7a146155f/clubes_2025/silhuetas/JUV/FORMATO.png,7,0,0,0,abner,Abner,122861,Abner Salles da Silva,JUV,False,0,286,3,3,,Abner,Zagueiro,0,0.0,Não Jogou,False
546,1,https://s3.glbimg.com/v1/AUTH_58d78b787ec34892b5aaa0c7a146155f/clubes_2025/silhuetas/RBB/FORMATO.png,7,0,0,0,guzman-rodriguez,Guzmán Rodríguez,122897,Guzmán Rodríguez Ferrari,RBB,False,0,280,3,6,,G. Rodríguez,Zagueiro,0,0.0,Não Jogou,False
547,1,https://s3.glbimg.com/v1/AUTH_58d78b787ec34892b5aaa0c7a146155f/clubes_2025/silhuetas/CAM/FORMATO.png,6,0,0,0,cadu,Cadu,123359,Carlos Eduardo Amaral Pereira de Castro,CAM,False,0,282,5,3,,Cadu,Atacante,0,0.0,Não Jogou,False
548,1,https://s3.glbimg.com/v1/AUTH_58d78b787ec34892b5aaa0c7a146155f/clubes_2025/silhuetas/BAH/FORMATO.png,6,0,0,0,cauly,Cauly,123360,Cauly Oliveira Souza,BAH,False,0,265,4,8,,Cauly,Meia,0,0.0,Não Jogou,False
549,1,https://s3.glbimg.com/v1/AUTH_58d78b787ec34892b5aaa0c7a146155f/clubes_2025/silhuetas/BAH/FORMATO.png,6,0,0,0,ze-guilherme,Zé Guilherme,123717,José Guilherme de Lima Costa,BAH,False,0,265,2,3,,Z. Guilherme,Lateral,0,0.0,Não Jogou,False
550,1,https://s3.glbimg.com/v1/AUTH_58d78b787ec34892b5aaa0c7a146155f/clubes_2025/silhuetas/FLU/FORMATO.png,6,0,0,0,lezcano,Lezcano,123788,Rubén Darío Lezcano Portillo,FLU,False,0,266,4,6,,Lezcano,Meia,0,0.0,Não Jogou,False
551,1,https://s3.glbimg.com/v1/AUTH_58d78b787ec34892b5aaa0c7a146155f/clubes_2025/silhuetas/BAH/FORMATO.png,7,0,0,0,lucho-rodriguez,Lucho Rodríguez,123795,Luciano Rodríguez Rosales,BAH,False,0,265,5,10,,L. Rodríguez,Atacante,0,0.0,Não Jogou,False
552,1,https://s3.glbimg.com/v1/AUTH_58d78b787ec34892b5aaa0c7a146155f/clubes_2025/silhuetas/CAM/FORMATO.png,6,0,0,0,palacios,Palacios,123873,Brahian Palacios Alzate,CAM,False,0,282,5,4,,Palacios,Atacante,0,0.0,Não Jogou,False
553,1,https://s3.glbimg.com/v1/AUTH_58d78b787ec34892b5aaa0c7a146155f/clubes_2025/silhuetas/SPT/FORMATO.png,7,0,0,0,pepa,Pepa,123907,Pedro Miguel Marques da Costa Filipe,SPT,False,0,292,6,5,,Pepa,Técnico,0,0.0,Não Jogou,False
554,1,https://s3.glbimg.com/v1/AUTH_58d78b787ec34892b5aaa0c7a146155f/clubes_2025/silhuetas/VIT/FORMATO.png,6,0,0,0,fabio,Fábio,123960,Fábio Soares dos Santos,VIT,False,0,287,5,3,,Fábio,Atacante,0,0.0,Não Jogou,False
555,1,https://s3.glbimg.com/v1/AUTH_58d78b787ec34892b5aaa0c7a146155f/clubes_2025/silhuetas/RBB/FORMATO.png,6,0,0,0,henry-mosquera,Henry Mosquera,124239,Henry David Mosquera Sánchez,RBB,False,0,280,5,4,,H. Mosquera,Atacante,0,0.0,Não Jogou,False
556,1,https://s3.glbimg.com/v1/AUTH_58d78b787ec34892b5aaa0c7a146155f/clubes_2025/silhuetas/SAN/FORMATO.png,6,0,0,0,deivid-washington,Deivid Washington,124251,Deivid Washington de Souza Eugênio,SAN,False,0,277,5,6,,D. Washington,Atacante,0,0.0,Não Jogou,False
557,1,https://s3.glbimg.com/v1/AUTH_58d78b787ec34892b5aaa0c7a146155f/clubes_2025/silhuetas/INT/FORMATO.png,6,0,0,0,gustavo-prado,Gustavo Prado,124271,Gustavo Prado Alves,INT,False,0,285,4,3,,G. Prado,Meia,0,0.0,Não Jogou,False
558,1,https://s3.glbimg.com/v1/AUTH_58d78b787ec34892b5aaa0c7a146155f/clubes_2025/silhuetas/INT/FORMATO.png,6,0,0,0,ricardo-mathias,Ricardo Mathias,124280,Ricardo Mathias da Silva,INT,False,0,285,5,3,,R. Mathias,Atacante,0,0.0,Não Jogou,False
559,1,https://s3.glbimg.com/v1/AUTH_58d78b787ec34892b5aaa0c7a146155f/clubes_2025/silhuetas/CRU/FORMATO.png,6,0,0,0,leo-aragao,Léo Aragão,124369,Leonardo de Aragão Carvalho,CRU,False,0,283,1,2,,L. Aragão,Goleiro,0,0.0,Não Jogou,False
560,1,https://s3.glbimg.com/v1/AUTH_58d78b787ec34892b5aaa0c7a146155f/clubes_2025/silhuetas/BOT/FORMATO.png,6,0,0,0,mateo-ponte,Mateo Ponte,124481,Mateo Ponte Costa,BOT,False,0,263,2,5,,M. Ponte,Lateral,0,0.0,Não Jogou,False
561,1,https://s3.glbimg.com/v1/AUTH_58d78b787ec34892b5aaa0c7a146155f/clubes_2025/silhuetas/PAL/FORMATO.png,6,0,0,0,giay,Giay,124526,Agustín Giay,PAL,False,0,275,2,5,,Giay,Lateral,0,0.0,Não Jogou,False
562,1,https://s3.glbimg.com/v1/AUTH_58d78b787ec34892b5aaa0c7a146155f/clubes_2025/silhuetas/SAO/FORMATO.png,6,0,0,0,felipe-negrucci,Felipe Negrucci,124674,Felipe Negrucci Berdague,SAO,False,0,276,4,2,,F. Negrucci,Meia,0,0.0,Não Jogou,False
563,1,https://s3.glbimg.com/v1/AUTH_58d78b787ec34892b5aaa0c7a146155f/clubes_2025/silhuetas/SAO/FORMATO.png,6,0,0,0,leandro,Leandro,124701,Leandro Mathias Silva Bueno,SAO,False,0,276,1,2,,Leandro,Goleiro,0,0.0,Não Jogou,False
564,1,https://s3.glbimg.com/v1/AUTH_58d78b787ec34892b5aaa0c7a146155f/clubes_2025/silhuetas/BOT/FORMATO.png,6,0,0,0,nathan-fernandes,Nathan Fernandes,124757,Nathan Ribeiro Fernandes,BOT,False,0,263,5,5,,N. Fernandes,Atacante,0,0.0,Não Jogou,False
565,1,https://s3.glbimg.com/v1/AUTH_58d78b787ec34892b5aaa0c7a146155f/clubes_2025/silhuetas/CRU/FORMATO.png,2,0,0,0,jonathan-jesus,Jonathan Jesus,124912,Jonathan de Jesus Alves,CRU,False,0,283,3,5,,J. Jesus,Zagueiro,0,0.0,Não Jogou,False
566,1,https://s3.glbimg.com/v1/AUTH_58d78b787ec34892b5aaa0c7a146155f/clubes_2025/silhuetas/CAM/FORMATO.png,6,0,0,0,alisson,Alisson,125469,Alisson Santana Lopes da Fonseca,CAM,False,0,282,4,4,,Alisson,Meia,0,0.0,Não Jogou,False
567,1,https://s3.glbimg.com/v1/AUTH_58d78b787ec34892b5aaa0c7a146155f/clubes_2025/silhuetas/COR/FORMATO.png,6,0,0,0,joao-pedro,João Pedro,125488,João Pedro de Sousa Rodrigues,COR,False,0,264,3,4,,J. Pedro,Zagueiro,0,0.0,Não Jogou,False
568,1,https://s3.glbimg.com/v1/AUTH_58d78b787ec34892b5aaa0c7a146155f/clubes_2025/silhuetas/VAS/FORMATO.png,2,0,0,0,paulinho,Paulinho,126182,Paulo Lucas Santos de Paula,VAS,False,0,267,4,7,,Paulinho,Meia,0,0.0,Não Jogou,False
569,1,https://s3.glbimg.com/v1/AUTH_58d78b787ec34892b5aaa0c7a146155f/clubes_2025/silhuetas/SAN/FORMATO.png,6,0,0,0,barreal,Barreal,126471,Álvaro Martín Barreal,SAN,False,0,277,4,6,,Barreal,Meia,0,0.0,Não Jogou,False
570,1,https://s3.glbimg.com/v1/AUTH_58d78b787ec34892b5aaa0c7a146155f/clubes_2025/silhuetas/COR/FORMATO.png,6,0,0,0,igor-coronado,Igor Coronado,126900,Igor Caique Coronado,COR,False,0,264,4,8,,I. Coronado,Meia,0,0.0,Não Jogou,False
571,1,https://s3.glbimg.com/v1/AUTH_58d78b787ec34892b5aaa0c7a146155f/clubes_2025/silhuetas/RBB/FORMATO.png,7,0,0,0,fernando-seabra,Fernando Seabra,126977,Fernando Seabra,RBB,False,0,280,6,5,,F. Seabra,Técnico,0,0.0,Não Jogou,False
572,1,https://s3.glbimg.com/v1/AUTH_58d78b787ec34892b5aaa0c7a146155f/clubes_2025/silhuetas/FLA/FORMATO.png,6,0,0,0,rayan-lucas,Rayan Lucas,128590,Rayan Lucas Marques de Souza,FLA,False,0,262,4,2,,R. Lucas,Meia,0,0.0,Não Jogou,False
573,1,https://s3.glbimg.com/v1/AUTH_58d78b787ec34892b5aaa0c7a146155f/clubes_2025/silhuetas/PAL/FORMATO.png,7,0,0,0,estevao,Estêvão,128915,Estêvão Willian Almeida de Oliveira Gonçalves,PAL,False,0,275,5,18,,Estêvão,Atacante,0,0.0,Não Jogou,False
574,1,https://s3.glbimg.com/v1/AUTH_58d78b787ec34892b5aaa0c7a146155f/clubes_2025/silhuetas/VAS/FORMATO.png,6,0,0,0,jp,JP,129666,João Pedro Murilo de Paula Morais,VAS,False,0,267,4,2,,JP,Meia,0,0.0,Não Jogou,False
575,1,https://s3.glbimg.com/v1/AUTH_58d78b787ec34892b5aaa0c7a146155f/clubes_2025/silhuetas/FLA/FORMATO.png,6,0,0,0,carbone,Carbone,130190,João Victor Schlickmann Carbone,FLA,False,0,262,2,2,,Carbone,Lateral,0,0.0,Não Jogou,False
576,1,https://s3.glbimg.com/v1/AUTH_58d78b787ec34892b5aaa0c7a146155f/clubes_2025/silhuetas/VAS/FORMATO.png,6,0,0,0,guilherme-estrella,Guilherme Estrella,130255,Guilherme Estrella de Paiva,VAS,False,0,267,4,3,,G. Estrella,Meia,0,0.0,Não Jogou,False
577,1,https://s3.glbimg.com/v1/AUTH_58d78b787ec34892b5aaa0c7a146155f/clubes_2025/silhuetas/VAS/FORMATO.png,6,0,0,0,lukas-zuccarello,Lukas Zuccarello,130279,Lukas Rocha Zuccarello,VAS,False,0,267,4,2,,L. Zuccarello,Meia,0,0.0,Não Jogou,False
578,1,https://s3.glbimg.com/v1/AUTH_58d78b787ec34892b5aaa0c7a146155f/clubes_2025/silhuetas/FLA/FORMATO.png,6,0,0,0,guilherme-gomes,Guilherme Gomes,130382,Guilherme Henrique Bernardineli Gomes,FLA,False,0,262,4,2,,G. Gomes,Meia,0,0.0,Não Jogou,False
579,1,https://s3.glbimg.com/v1/AUTH_58d78b787ec34892b5aaa0c7a146155f/clubes_2025/silhuetas/PAL/FORMATO.png,6,0,0,0,luighi,Luighi,130612,Luighi Hanri Sousa Santos,PAL,False,0,275,5,4,,Luighi,Atacante,0,0.0,Não Jogou,False
580,1,https://s3.glbimg.com/v1/AUTH_58d78b787ec34892b5aaa0c7a146155f/clubes_2025/silhuetas/FLU/FORMATO.png,6,0,0,0,bernal,Bernal,130650,Facundo Bernal Cruz,FLU,False,0,266,4,5,,Bernal,Meia,0,0.0,Não Jogou,False
581,1,https://s3.glbimg.com/v1/AUTH_58d78b787ec34892b5aaa0c7a146155f/clubes_2025/silhuetas/GRE/FORMATO.png,6,0,0,0,igor-serrote,Igor Serrote,130884,Igor Eduardo Schlemper,GRE,False,0,284,2,2,,I. Serrote,Lateral,0,0.0,Não Jogou,False
582,1,https://s3.glbimg.com/v1/AUTH_58d78b787ec34892b5aaa0c7a146155f/clubes_2025/silhuetas/BOT/FORMATO.png,6,0,0,0,yarlen,Yarlen,131512,Yarlen Faustino Augusto,BOT,False,0,263,5,3,,Yarlen,Atacante,0,0.0,Não Jogou,False
583,1,https://s3.glbimg.com/v1/AUTH_58d78b787ec34892b5aaa0c7a146155f/clubes_2025/silhuetas/SAN/FORMATO.png,7,0,0,0,jp-chermont,JP Chermont,131516,João Pedro Chermont Crema,SAN,False,0,277,2,5,,J. Chermont,Lateral,0,0.0,Não Jogou,False
584,1,https://s3.glbimg.com/v1/AUTH_58d78b787ec34892b5aaa0c7a146155f/clubes_2025/silhuetas/SAO/FORMATO.png,6,0,0,0,andre-silva,André Silva,131617,André Oliveira e Silva,SAO,False,0,276,5,6,,A. Silva,Atacante,0,0.0,Não Jogou,False
585,1,https://s3.glbimg.com/v1/AUTH_58d78b787ec34892b5aaa0c7a146155f/clubes_2025/silhuetas/BOT/FORMATO.png,6,0,0,0,serafim,Serafim,131757,Vinicius Lima Serafim,BOT,False,0,263,3,2,,Serafim,Zagueiro,0,0.0,Não Jogou,False
586,1,https://s3.glbimg.com/v1/AUTH_58d78b787ec34892b5aaa0c7a146155f/clubes_2025/silhuetas/JUV/FORMATO.png,7,0,0,0,davi-goes,Davi Góes,131825,Davi Goes Silva Ferreira Carvalho,JUV,False,0,286,4,3,,D. Góes,Meia,0,0.0,Não Jogou,False
587,1,https://s3.glbimg.com/v1/AUTH_58d78b787ec34892b5aaa0c7a146155f/clubes_2025/silhuetas/FLU/FORMATO.png,7,0,0,0,serna,Serna,132071,Kevin Steven Serna Jaramillo,FLU,False,0,266,5,7,,Serna,Atacante,0,0.0,Não Jogou,False
588,1,https://s3.glbimg.com/v1/AUTH_58d78b787ec34892b5aaa0c7a146155f/clubes_2025/silhuetas/CEA/FORMATO.png,6,0,0,0,alejandro-martinez,Alejandro Martínez,132301,Silvio Alejandro Martínez,CEA,False,0,354,5,3,,A. Martínez,Atacante,0,0.0,Não Jogou,False
589,1,https://s3.glbimg.com/v1/AUTH_58d78b787ec34892b5aaa0c7a146155f/clubes_2025/silhuetas/RBB/FORMATO.png,7,0,0,0,vinicinho,Vinicinho,132580,Vinicius Mendonça Pereira,RBB,False,0,280,5,6,,Vinicinho,Atacante,0,0.0,Não Jogou,False
590,1,https://s3.glbimg.com/v1/AUTH_58d78b787ec34892b5aaa0c7a146155f/clubes_2025/silhuetas/COR/FORMATO.png,6,0,0,0,gui-negao,Gui Negão,133543,Guilherme William Silva Inácio,COR,False,0,264,5,2,,G. Negão,Atacante,0,0.0,Não Jogou,False
591,1,https://s3.glbimg.com/v1/AUTH_58d78b787ec34892b5aaa0c7a146155f/clubes_2025/silhuetas/FLA/FORMATO.png,6,0,0,0,shola,Shola,137089,Ogundana Shola Elijah,FLA,False,0,262,5,1,,Shola,Atacante,0,0.0,Não Jogou,False
592,1,https://s3.glbimg.com/v1/AUTH_58d78b787ec34892b5aaa0c7a146155f/clubes_2025/silhuetas/SPT/FORMATO.png,6,0,0,0,micael,Micael,137375,Micael de Barros Viturino,SPT,False,0,292,5,1,,Micael,Atacante,0,0.0,Não Jogou,False
593,1,https://s3.glbimg.com/v1/AUTH_58d78b787ec34892b5aaa0c7a146155f/clubes_2025/silhuetas/INT/FORMATO.png,6,0,0,0,clayton-sampaio,Clayton Sampaio,137618,Clayton Sampaio Pereira,INT,False,0,285,3,3,,C. Sampaio,Zagueiro,0,0.0,Não Jogou,False
594,1,https://s3.glbimg.com/v1/AUTH_58d78b787ec34892b5aaa0c7a146155f/clubes_2025/silhuetas/FLA/FORMATO.png,6,0,0,0,felipe-teresa,Felipe Teresa,139000,Felipe Gabriel Cunha Teresa,FLA,False,0,262,5,2,,F. Teresa,Atacante,0,0.0,Não Jogou,False
595,1,https://s3.glbimg.com/v1/AUTH_58d78b787ec34892b5aaa0c7a146155f/clubes_2025/silhuetas/FLA/FORMATO.png,7,0,0,0,filipe-luis,Filipe Luís,139076,Filipe Luís Kasmirski,FLA,False,0,262,6,12,,F. Luís,Técnico,0,0.0,Não Jogou,False
596,1,https://s3.glbimg.com/v1/AUTH_58d78b787ec34892b5aaa0c7a146155f/clubes_2025/silhuetas/CAM/FORMATO.png,6,0,0,0,caio-maia,Caio Maia,139455,Caio da Silva Maia,CAM,False,0,282,5,2,,C. Maia,Atacante,0,0.0,Não Jogou,False
597,1,https://s3.glbimg.com/v1/AUTH_58d78b787ec34892b5aaa0c7a146155f/clubes_2025/silhuetas/CAM/FORMATO.png,6,0,0,0,joao-marcelo,João Marcelo,140364,João Marcelo Soares de Freitas,CAM,False,0,282,5,3,,J. Marcelo,Atacante,0,0.0,Não Jogou,False
598,1,https://s3.glbimg.com/v1/AUTH_58d78b787ec34892b5aaa0c7a146155f/clubes_2025/silhuetas/FLU/FORMATO.png,6,0,0,0,riquelme-felipe,Riquelme Felipe,140484,Riquelme Felipe Silva de Almeida,FLU,False,0,266,5,5,,R. Felipe,Atacante,0,0.0,Não Jogou,False
599,1,https://s3.glbimg.com/v1/AUTH_58d78b787ec34892b5aaa0c7a146155f/clubes_2025/silhuetas/FLA/FORMATO.png,6,0,0,0,joao-victor,João Victor,140492,João Victor de Souza Cunha,FLA,False,0,262,3,2,,J. Victor,Zagueiro,0,0.0,Não Jogou,False
600,1,https://s3.glbimg.com/v1/AUTH_58d78b787ec34892b5aaa0c7a146155f/clubes_2025/silhuetas/SAO/FORMATO.png,6,0,0,0,ryan-francisco,Ryan Francisco,140542,Ryan Francisco Rodrigues dos Santos Silva,SAO,False,0,276,5,3,,R. Francisco,Atacante,0,0.0,Não Jogou,False
601,1,https://s3.glbimg.com/v1/AUTH_58d78b787ec34892b5aaa0c7a146155f/clubes_2025/silhuetas/FLA/FORMATO.png,6,0,0,0,felipe-vieira,Felipe Vieira,141078,Felipe Vieira da Silva,FLA,False,0,262,3,1,,F. Vieira,Zagueiro,0,0.0,Não Jogou,False
602,1,https://s3.glbimg.com/v1/AUTH_58d78b787ec34892b5aaa0c7a146155f/clubes_2025/silhuetas/BOT/FORMATO.png,6,0,0,0,rafael-lobato,Rafael Lobato,141083,Rafael Genuino Lobato,BOT,False,0,263,5,2,,R. Lobato,Atacante,0,0.0,Não Jogou,False
603,1,https://s3.glbimg.com/v1/AUTH_58d78b787ec34892b5aaa0c7a146155f/clubes_2025/silhuetas/SPT/FORMATO.png,6,0,0,0,davi,Davi,141145,Davi Medeiros Serrano Lira,SPT,False,0,292,1,2,,Davi,Goleiro,0,0.0,Não Jogou,False
604,1,https://s3.glbimg.com/v1/AUTH_58d78b787ec34892b5aaa0c7a146155f/clubes_2025/silhuetas/SPT/FORMATO.png,6,0,0,0,felipinho,Felipinho,141151,Felipe Gabriel dos Santos Silva,SPT,False,0,292,2,3,,Felipinho,Lateral,0,0.0,Não Jogou,False
605,1,https://s3.glbimg.com/v1/AUTH_58d78b787ec34892b5aaa0c7a146155f/clubes_2025/silhuetas/SPT/FORMATO.png,6,0,0,0,breno,Breno,141158,Breno José da Silva Santos,SPT,False,0,292,4,2,,Breno,Meia,0,0.0,Não Jogou,False
606,1,https://s3.glbimg.com/v1/AUTH_58d78b787ec34892b5aaa0c7a146155f/clubes_2025/silhuetas/SPT/FORMATO.png,6,0,0,0,ze-lucas,Zé Lucas,141160,José Lucas Gomes da Silva,SPT,False,0,292,4,5,,Z. Lucas,Meia,0,0.0,Não Jogou,False
607,1,https://s3.glbimg.com/v1/AUTH_58d78b787ec34892b5aaa0c7a146155f/clubes_2025/silhuetas/BOT/FORMATO.png,6,0,0,0,kayke-queiroz,Kayke Queiroz,141401,Kayke Gouvêa Queiroz,BOT,False,0,263,5,3,,K. Queiroz,Atacante,0,0.0,Não Jogou,False
608,1,https://s3.glbimg.com/v1/AUTH_58d78b787ec34892b5aaa0c7a146155f/clubes_2025/silhuetas/PAL/FORMATO.png,6,0,0,0,allan,Allan,141451,Allan Andrade Elias,PAL,False,0,275,4,2,,Allan,Meia,0,0.0,Não Jogou,False
609,1,https://s3.glbimg.com/v1/AUTH_58d78b787ec34892b5aaa0c7a146155f/clubes_2025/silhuetas/PAL/FORMATO.png,6,0,0,0,thalys,Thalys,141452,Thalys Henrique Gomes de Araújo,PAL,False,0,275,5,1,,Thalys,Atacante,0,0.0,Não Jogou,False
610,1,https://s3.glbimg.com/v1/AUTH_58d78b787ec34892b5aaa0c7a146155f/clubes_2025/silhuetas/SPT/FORMATO.png,6,0,0,0,atencio,Atencio,141453,Rodrigo Uriel Atencio,SPT,False,0,292,4,5,,Atencio,Meia,0,0.0,Não Jogou,False
611,1,https://s3.glbimg.com/v1/AUTH_58d78b787ec34892b5aaa0c7a146155f/clubes_2025/silhuetas/VAS/FORMATO.png,6,0,0,0,loide-augusto,Loide Augusto,141493,Loide António Augusto,VAS,False,0,267,5,4,,L. Augusto,Atacante,0,0.0,Não Jogou,False
612,1,https://s3.glbimg.com/v1/AUTH_58d78b787ec34892b5aaa0c7a146155f/clubes_2025/silhuetas/SAN/FORMATO.png,7,0,0,0,gabriel-bontempo,Gabriel Bontempo,141754,Gabriel Morais Silva Bontempo,SAN,False,0,277,4,3,,G. Bontempo,Meia,0,0.0,Não Jogou,False
613,1,https://s3.glbimg.com/v1/AUTH_58d78b787ec34892b5aaa0c7a146155f/clubes_2025/silhuetas/CEA/FORMATO.png,7,0,0,0,fabiano-souza,Fabiano Souza,141763,Fabiano Josué de Souza Silva,CEA,False,0,354,2,4,,F. Souza,Lateral,0,0.0,Não Jogou,False
614,1,https://s3.glbimg.com/v1/AUTH_58d78b787ec34892b5aaa0c7a146155f/clubes_2025/silhuetas/SAN/FORMATO.png,6,0,0,0,vinicius-lira,Vinicius Lira,141868,Vinicius Rodrigues Lira,SAN,False,0,277,2,3,,V. Lira,Lateral,0,0.0,Não Jogou,False
615,1,https://s3.glbimg.com/v1/AUTH_58d78b787ec34892b5aaa0c7a146155f/clubes_2025/silhuetas/SPT/FORMATO.png,7,0,0,0,joao-silva,João Silva,141996,João Pedro Eira Antunes da Silva,SPT,False,0,292,3,3,,J. Silva,Zagueiro,0,0.0,Não Jogou,False
616,1,https://s3.glbimg.com/v1/AUTH_58d78b787ec34892b5aaa0c7a146155f/clubes_2025/silhuetas/GRE/FORMATO.png,7,0,0,0,amuzu,Amuzu,142004,Francis Amuzu,GRE,False,0,284,5,4,,Amuzu,Atacante,0,0.0,Não Jogou,False
617,1,https://s3.glbimg.com/v1/AUTH_58d78b787ec34892b5aaa0c7a146155f/clubes_2025/silhuetas/GRE/FORMATO.png,6,0,0,0,luis-eduardo,Luis Eduardo,142257,Luis Eduardo Guedes de Souza,GRE,False,0,284,3,2,,L. Eduardo,Zagueiro,0,0.0,Não Jogou,False
618,1,https://s3.glbimg.com/v1/AUTH_58d78b787ec34892b5aaa0c7a146155f/clubes_2025/silhuetas/VAS/FORMATO.png,2,0,0,0,nuno-moreira,Nuno Moreira,142279,Nuno Gonçalo Rocha Moreira,VAS,False,0,267,5,5,,N. Moreira,Atacante,0,0.0,Não Jogou,False
