Unnamed: 0,atletas.pontos_num,atletas.clube_id,atletas.posicao_id,atletas.media_num,atletas.entrou_em_campo,atletas.atleta_id,atletas.preco_num,atletas.foto,atletas.apelido_abreviado,atletas.status_id,atletas.slug,atletas.rodada_id,atletas.clube.id.full.name,atletas.variacao_num,atletas.nome,atletas.jogos_num,atletas.apelido,CA,DS,FC,FF,FS,G,I,A,FD,PS,FT,SG,V,CV,DE,DP,GS,PC,PP,GC,posicao_nome,ranking_rodada,percentil_pontuacao,classificacao_desempenho,destaque_rodada
0,4.65,284,6,5.02,True,37281,9.36,https://s3.glbimg.com/v1/AUTH_58d78b787ec34892b5aaa0c7a146155f/clubes_2025/silhuetas/GRE/FORMATO.png,M. Menezes,7,mano-menezes,22,GRE,-0.13,Luis Antônio Venker de Menezes,16,Mano Menezes,,,,,,,,,,,,,4.0,,,,,,,,Técnico,114,65.96,Regular,False
1,3.85,354,6,5.29,True,37457,8.12,https://s3.glbimg.com/v1/AUTH_58d78b787ec34892b5aaa0c7a146155f/clubes_2025/silhuetas/CEA/FORMATO.png,L. Condé,7,leo-conde,22,CEA,-0.19,Leonardo Rodrigues Condé,19,Léo Condé,,,,,,,,,,,,,6.0,,,,,,,,Técnico,141,57.83,Regular,False
2,7.6,266,1,3.37,True,37656,8.89,https://s3.glbimg.com/v1/AUTH_58d78b787ec34892b5aaa0c7a146155f/clubes_2025/silhuetas/FLU/FORMATO.png,Fábio,7,fabio,22,FLU,1.47,Fábio Deivson Lopes Maciel,20,Fábio,1.0,,,,2.0,,,,,,,5.0,,,49.0,1.0,28.0,,,,Goleiro,53,84.04,Bom,False
3,8.2,266,3,2.76,True,37715,8.73,https://s3.glbimg.com/v1/AUTH_58d78b787ec34892b5aaa0c7a146155f/clubes_2025/silhuetas/FLU/FORMATO.png,T. Silva,7,thiago-silva,22,FLU,0.29,Thiago Emiliano da Silva,13,Thiago Silva,,5.0,6.0,3.0,5.0,,,,2.0,,1.0,4.0,,,,,,,,,Zagueiro,44,87.05,Bom,False
4,0.0,286,4,3.38,False,38913,5.2,https://s3.glbimg.com/v1/AUTH_58d78b787ec34892b5aaa0c7a146155f/clubes_2025/silhuetas/JUV/FORMATO.png,Nenê,6,nene,22,JUV,0.0,Anderson Luis de Carvalho - Luiz,11,Nenê,,2.0,2.0,3.0,14.0,1.0,,3.0,2.0,,,,,,,,,,,,Meia,0,0.0,Não Jogou,False
5,6.8,282,5,5.94,True,39148,14.43,https://s3.glbimg.com/v1/AUTH_58d78b787ec34892b5aaa0c7a146155f/clubes_2025/silhuetas/CAM/FORMATO.png,Hulk,7,hulk,22,CAM,0.05,Givanildo Vieira de Souza,17,Hulk,6.0,6.0,22.0,24.0,36.0,4.0,7.0,3.0,15.0,,1.0,,,,,,,,,,Atacante,69,79.37,Bom,False
6,2.2,282,4,1.77,True,39656,4.49,https://s3.glbimg.com/v1/AUTH_58d78b787ec34892b5aaa0c7a146155f/clubes_2025/silhuetas/CAM/FORMATO.png,A. Franco,7,alan-franco,22,CAM,-0.04,Alan Steven Franco Palma,16,Alan Franco,1.0,19.0,19.0,2.0,10.0,,,,,,,,,,,,,,,,Meia,183,44.58,Regular,False
7,3.33,264,6,5.14,True,40990,9.89,https://s3.glbimg.com/v1/AUTH_58d78b787ec34892b5aaa0c7a146155f/clubes_2025/silhuetas/COR/FORMATO.png,D. Júnior,7,dorival-junior,22,COR,-0.73,Dorival Silvestre Júnior,16,Dorival Júnior,,,,,,,,,,,,,4.0,,,,,,,,Técnico,151,54.82,Regular,False
8,5.81,266,6,5.19,True,41929,9.73,https://s3.glbimg.com/v1/AUTH_58d78b787ec34892b5aaa0c7a146155f/clubes_2025/silhuetas/FLU/FORMATO.png,R. Gaúcho,7,renato-gaucho,22,FLU,0.23,Renato Portaluppi,19,Renato Gaúcho,,,,,,,,,,,,,8.0,,,,,,,,Técnico,90,73.19,Bom,False
9,7.8,287,5,2.45,True,42222,4.86,https://s3.glbimg.com/v1/AUTH_58d78b787ec34892b5aaa0c7a146155f/clubes_2025/silhuetas/VIT/FORMATO.png,Osvaldo,7,osvaldo,22,VIT,1.22,Osvaldo Lourenço Filho,16,Osvaldo,3.0,8.0,6.0,7.0,13.0,,3.0,2.0,6.0,,1.0,,,,,,,,,,Atacante,49,85.54,Bom,False
10,10.2,283,1,5.66,True,42234,10.57,https://s3.glbimg.com/v1/AUTH_58d78b787ec34892b5aaa0c7a146155f/clubes_2025/silhuetas/CRU/FORMATO.png,Cássio,7,cassio,22,CRU,1.34,Cássio Roberto Ramos,21,Cássio,3.0,,,,1.0,,,,,,,10.0,,,61.0,1.0,15.0,,,,Goleiro,21,93.83,Muito Bom,True
11,0.0,283,2,6.1,False,42500,8.51,https://s3.glbimg.com/v1/AUTH_58d78b787ec34892b5aaa0c7a146155f/clubes_2025/silhuetas/CRU/FORMATO.png,Fagner,5,fagner,22,CRU,0.0,Fagner Conserva Lemos,9,Fagner,1.0,20.0,11.0,1.0,7.0,,1.0,,,,,5.0,,,,,,,,,Lateral,0,0.0,Não Jogou,False
12,5.5,2305,1,7.53,True,51413,10.72,https://s3.glbimg.com/v1/AUTH_58d78b787ec34892b5aaa0c7a146155f/clubes_2025/silhuetas/MIR/FORMATO.png,Walter,7,walter,22,MIR,-1.5,Walter Leandro Capeloza Artune,14,Walter,2.0,,,,3.0,,,,,,,5.0,,,60.0,2.0,11.0,,,,Goleiro,95,71.54,Bom,False
13,2.8,265,4,4.43,True,51772,7.95,https://s3.glbimg.com/v1/AUTH_58d78b787ec34892b5aaa0c7a146155f/clubes_2025/silhuetas/BAH/FORMATO.png,E. Ribeiro,7,everton-ribeiro,22,BAH,-1.13,Everton Augusto de Barros Ribeiro,18,Everton Ribeiro,3.0,25.0,17.0,6.0,29.0,2.0,,2.0,4.0,,1.0,,,1.0,,,,,,,Meia,167,49.85,Regular,False
14,0.0,267,5,0.66,False,60793,2.47,https://s3.glbimg.com/v1/AUTH_58d78b787ec34892b5aaa0c7a146155f/clubes_2025/silhuetas/VAS/FORMATO.png,A. Teixeira,6,alex-teixeira,22,VAS,0.0,Alex Teixeira Santos,8,Alex Teixeira,1.0,3.0,2.0,,,,,,2.0,,,,,,,,,,,,Atacante,0,0.0,Não Jogou,False
15,0.0,286,5,2.56,False,61188,4.15,https://s3.glbimg.com/v1/AUTH_58d78b787ec34892b5aaa0c7a146155f/clubes_2025/silhuetas/JUV/FORMATO.png,Gilberto,5,gilberto,22,JUV,0.0,Gilberto Oliveira Souza Júnior,13,Gilberto,4.0,3.0,16.0,4.0,11.0,2.0,4.0,1.0,7.0,,,,,,,,,,,,Atacante,0,0.0,Não Jogou,False
16,0.0,262,2,4.48,False,61987,10.0,https://s3.glbimg.com/v1/AUTH_58d78b787ec34892b5aaa0c7a146155f/clubes_2025/silhuetas/FLA/FORMATO.png,A. Sandro,5,alex-sandro,22,FLA,0.0,Alex Sandro Lobo Silva,13,Alex Sandro,1.0,12.0,26.0,3.0,11.0,,1.0,,1.0,,,8.0,,,,,,,,,Lateral,0,0.0,Não Jogou,False
17,-0.3,266,4,1.25,True,62977,5.56,https://s3.glbimg.com/v1/AUTH_58d78b787ec34892b5aaa0c7a146155f/clubes_2025/silhuetas/FLU/FORMATO.png,Ganso,6,ganso,22,FLU,-0.46,Paulo Henrique Chagas de Lima,13,Ganso,1.0,7.0,5.0,2.0,13.0,,,,,,,,,,,,,,,,Meia,310,5.87,Ruim,False
18,4.8,277,4,5.0,True,63007,14.39,https://s3.glbimg.com/v1/AUTH_58d78b787ec34892b5aaa0c7a146155f/clubes_2025/silhuetas/SAN/FORMATO.png,Neymar,7,neymar,22,SAN,0.19,Neymar da Silva Santos Júnior,12,Neymar,4.0,3.0,15.0,9.0,47.0,3.0,2.0,,8.0,,1.0,,,1.0,,,,,,,Meia,111,66.87,Regular,False
19,0.0,276,3,0.0,False,63008,7.0,https://s3.glbimg.com/v1/AUTH_58d78b787ec34892b5aaa0c7a146155f/clubes_2025/silhuetas/SAO/FORMATO.png,R. Tolói,6,rafael-toloi,22,SAO,0.0,Rafael Toloi,0,Rafael Tolói,,,,,,,,,,,,,,,,,,,,,Zagueiro,0,0.0,Não Jogou,False
20,6.5,284,2,7.2,True,63013,9.84,https://s3.glbimg.com/v1/AUTH_58d78b787ec34892b5aaa0c7a146155f/clubes_2025/silhuetas/GRE/FORMATO.png,M. Rocha,7,marcos-rocha,22,GRE,-0.05,Marcos Luis Rocha Aquino,3,Marcos Rocha,,10.0,2.0,,2.0,,,,1.0,,,1.0,,,,,,,,,Lateral,74,77.26,Bom,False
21,0.0,286,2,2.41,False,63110,4.97,https://s3.glbimg.com/v1/AUTH_58d78b787ec34892b5aaa0c7a146155f/clubes_2025/silhuetas/JUV/FORMATO.png,A. Ruschel,6,alan-ruschel,22,JUV,0.0,Alan Luciano Ruschel,12,Alan Ruschel,2.0,10.0,8.0,,17.0,,2.0,,,,,2.0,,,,,,,,,Lateral,0,0.0,Não Jogou,False
22,0.5,284,4,2.45,True,63289,4.86,https://s3.glbimg.com/v1/AUTH_58d78b787ec34892b5aaa0c7a146155f/clubes_2025/silhuetas/GRE/FORMATO.png,Edenílson,7,edenilson,22,GRE,-0.26,Edenílson Andrade dos Santos,15,Edenílson,4.0,8.0,9.0,2.0,16.0,2.0,1.0,1.0,1.0,,,,,,,,,,,,Meia,256,22.14,Regular,False
23,10.2,285,4,6.63,True,68685,14.11,https://s3.glbimg.com/v1/AUTH_58d78b787ec34892b5aaa0c7a146155f/clubes_2025/silhuetas/INT/FORMATO.png,A. Patrick,7,alan-patrick,22,INT,1.2,Alan Patrick Lourenço,15,Alan Patrick,3.0,13.0,14.0,3.0,19.0,5.0,2.0,5.0,6.0,,1.0,,,,,,,,,,Meia,21,93.83,Muito Bom,True
24,0.5,283,4,1.54,True,68708,3.43,https://s3.glbimg.com/v1/AUTH_58d78b787ec34892b5aaa0c7a146155f/clubes_2025/silhuetas/CRU/FORMATO.png,Eduardo,6,eduardo,22,CRU,-0.13,Carlos Eduardo de Oliveira Alves,18,Eduardo,1.0,11.0,9.0,4.0,7.0,1.0,1.0,,2.0,1.0,,,,1.0,,,,,,,Meia,256,22.14,Regular,False
25,1.6,263,1,3.55,True,68806,8.51,https://s3.glbimg.com/v1/AUTH_58d78b787ec34892b5aaa0c7a146155f/clubes_2025/silhuetas/BOT/FORMATO.png,Neto,7,neto,22,BOT,-0.66,Norberto Murara Neto,2,Neto,,,,,,,,,,,,,,,7.0,,2.0,,,,Goleiro,208,37.35,Regular,False
26,0.0,276,4,1.67,False,68811,11.39,https://s3.glbimg.com/v1/AUTH_58d78b787ec34892b5aaa0c7a146155f/clubes_2025/silhuetas/SAO/FORMATO.png,Oscar,6,oscar,22,SAO,0.0,Oscar dos Santos Emboaba Júnior,6,Oscar,1.0,5.0,3.0,,4.0,,,,2.0,,,,,,,,,,,,Meia,0,0.0,Não Jogou,False
27,0.0,275,1,3.2,False,68872,7.63,https://s3.glbimg.com/v1/AUTH_58d78b787ec34892b5aaa0c7a146155f/clubes_2025/silhuetas/PAL/FORMATO.png,M. Lomba,6,marcelo-lomba,22,PAL,0.0,Marcelo Lomba do Nascimento,1,Marcelo Lomba,,,,,,,,,,,,,,,4.0,,2.0,,,,Goleiro,0,0.0,Não Jogou,False
28,10.5,267,4,4.84,True,68899,10.74,https://s3.glbimg.com/v1/AUTH_58d78b787ec34892b5aaa0c7a146155f/clubes_2025/silhuetas/VAS/FORMATO.png,P. Coutinho,7,philippe-coutinho,22,VAS,1.41,Philippe Coutinho Correia,14,Philippe Coutinho,,5.0,10.0,12.0,22.0,3.0,1.0,1.0,13.0,1.0,,,,1.0,,,,,,,Meia,20,94.28,Muito Bom,True
29,0.0,282,5,2.25,True,68920,7.96,https://s3.glbimg.com/v1/AUTH_58d78b787ec34892b5aaa0c7a146155f/clubes_2025/silhuetas/CAM/FORMATO.png,Dudu,7,dudu,22,CAM,-0.43,Eduardo Pereira Rodrigues,8,Dudu,,4.0,5.0,,11.0,1.0,,,,,,,,,,,,,,,Atacante,275,12.65,Regular,False
30,0.0,277,3,1.93,False,68923,4.94,https://s3.glbimg.com/v1/AUTH_58d78b787ec34892b5aaa0c7a146155f/clubes_2025/silhuetas/SAN/FORMATO.png,Gil,6,gil,22,SAN,0.0,Carlos Gilberto do Nascimento Silva,8,Gil,3.0,9.0,7.0,2.0,1.0,,,,,,,1.0,,,,,,,,,Zagueiro,0,0.0,Não Jogou,False
31,6.8,276,1,4.45,True,68928,9.78,https://s3.glbimg.com/v1/AUTH_58d78b787ec34892b5aaa0c7a146155f/clubes_2025/silhuetas/SAO/FORMATO.png,Rafael,7,rafael,22,SAO,0.24,Rafael Pires Monteiro,20,Rafael,2.0,1.0,,,5.0,,,,,,,6.0,,,60.0,,21.0,,,,Goleiro,69,79.37,Bom,False
32,0.0,356,5,3.34,False,68952,6.27,https://s3.glbimg.com/v1/AUTH_58d78b787ec34892b5aaa0c7a146155f/clubes_2025/silhuetas/FOR/FORMATO.png,Marinho,3,marinho,22,FOR,0.0,Mário Sérgio Santos Costa,12,Marinho,2.0,9.0,22.0,8.0,18.0,1.0,12.0,2.0,5.0,,,,,1.0,,,,,,,Atacante,0,0.0,Não Jogou,False
33,0.0,356,4,5.51,False,68991,7.96,https://s3.glbimg.com/v1/AUTH_58d78b787ec34892b5aaa0c7a146155f/clubes_2025/silhuetas/FOR/FORMATO.png,L. Sasha,6,lucas-sasha,22,FOR,0.0,Lucas Pacheco Affini,14,Lucas Sasha,1.0,50.0,20.0,1.0,12.0,,,,2.0,,,,,,,,,,,,Meia,0,0.0,Não Jogou,False
34,0.0,265,5,3.51,False,68996,6.7,https://s3.glbimg.com/v1/AUTH_58d78b787ec34892b5aaa0c7a146155f/clubes_2025/silhuetas/BAH/FORMATO.png,W. José,6,willian-jose,22,BAH,0.0,Willian José da Silva,16,Willian José,2.0,1.0,5.0,5.0,6.0,3.0,,3.0,5.0,,2.0,,,,,,,,,,Atacante,0,0.0,Não Jogou,False
35,0.0,266,3,1.83,False,69014,4.56,https://s3.glbimg.com/v1/AUTH_58d78b787ec34892b5aaa0c7a146155f/clubes_2025/silhuetas/FLU/FORMATO.png,Manoel,6,manoel,22,FLU,0.0,Manoel Messias Silva Carvalho,4,Manoel,,,1.0,2.0,2.0,,,,,,,1.0,,,,,,,,,Zagueiro,0,0.0,Não Jogou,False
36,0.0,265,1,0.0,False,69051,4.0,https://s3.glbimg.com/v1/AUTH_58d78b787ec34892b5aaa0c7a146155f/clubes_2025/silhuetas/BAH/FORMATO.png,D. Fernandes,6,danilo-fernandes,22,BAH,0.0,Danilo Fernandes Batista,0,Danilo Fernandes,,,,,,,,,,,,,,,,,,,,,Goleiro,0,0.0,Não Jogou,False
37,0.0,292,5,2.35,True,69138,5.48,https://s3.glbimg.com/v1/AUTH_58d78b787ec34892b5aaa0c7a146155f/clubes_2025/silhuetas/SPT/FORMATO.png,Pablo,6,pablo,22,SPT,-0.34,Pablo Felipe Teixeira,11,Pablo,1.0,6.0,10.0,5.0,14.0,1.0,6.0,,2.0,,,,,,,,,,,,Atacante,275,12.65,Regular,False
38,0.0,263,4,2.51,False,69140,4.47,https://s3.glbimg.com/v1/AUTH_58d78b787ec34892b5aaa0c7a146155f/clubes_2025/silhuetas/BOT/FORMATO.png,Allan,6,allan,22,BOT,0.0,Allan Marques Loureiro,9,Allan,3.0,17.0,17.0,,8.0,,,,1.0,,,,,,,,,,,,Meia,0,0.0,Não Jogou,False
39,0.0,262,3,5.68,False,69783,12.99,https://s3.glbimg.com/v1/AUTH_58d78b787ec34892b5aaa0c7a146155f/clubes_2025/silhuetas/FLA/FORMATO.png,Danilo,6,danilo,22,FLA,0.0,Danilo Luiz da Silva,7,Danilo,,4.0,8.0,,4.0,1.0,,,1.0,,,5.0,,,,,,,,,Zagueiro,0,0.0,Não Jogou,False
40,0.0,276,4,6.45,False,70164,7.77,https://s3.glbimg.com/v1/AUTH_58d78b787ec34892b5aaa0c7a146155f/clubes_2025/silhuetas/SAO/FORMATO.png,L. Moura,5,lucas-moura,22,SAO,0.0,Lucas Rodrigues Moura da Silva,2,Lucas Moura,,3.0,2.0,,2.0,1.0,,,,,,,,,,,,,,,Meia,0,0.0,Não Jogou,False
41,0.0,287,3,0.0,False,70221,4.0,https://s3.glbimg.com/v1/AUTH_58d78b787ec34892b5aaa0c7a146155f/clubes_2025/silhuetas/VIT/FORMATO.png,B. Uvini,6,bruno-uvini,22,VIT,0.0,Bruno Uvini Bortolança,0,Bruno Uvini,,,,,,,,,,,,,,,,,,,,,Zagueiro,0,0.0,Não Jogou,False
42,-0.3,280,5,3.85,True,70360,7.42,https://s3.glbimg.com/v1/AUTH_58d78b787ec34892b5aaa0c7a146155f/clubes_2025/silhuetas/RBB/FORMATO.png,E. Sasha,7,eduardo-sasha,22,RBB,-1.22,Eduardo Colcenti Antunes,20,Eduardo Sasha,3.0,7.0,7.0,12.0,19.0,4.0,1.0,1.0,13.0,,1.0,,,1.0,,,,,,,Atacante,310,5.87,Ruim,False
43,2.2,292,1,3.98,True,70449,5.13,https://s3.glbimg.com/v1/AUTH_58d78b787ec34892b5aaa0c7a146155f/clubes_2025/silhuetas/SPT/FORMATO.png,Gabriel,7,gabriel,22,SPT,-0.13,Gabriel Vasconcelos Ferreira,9,Gabriel,,,,,1.0,,,,,,,2.0,,,31.0,,15.0,,,,Goleiro,183,44.58,Regular,False
44,6.0,275,4,4.38,True,70592,7.53,https://s3.glbimg.com/v1/AUTH_58d78b787ec34892b5aaa0c7a146155f/clubes_2025/silhuetas/PAL/FORMATO.png,F. Anderson,7,felipe-anderson,22,PAL,0.27,Felipe Anderson Pereira Gomes,15,Felipe Anderson,,30.0,11.0,7.0,8.0,1.0,2.0,,3.0,,1.0,,,,,,,,,,Meia,88,73.64,Bom,False
45,0.0,354,3,3.96,False,70666,7.35,https://s3.glbimg.com/v1/AUTH_58d78b787ec34892b5aaa0c7a146155f/clubes_2025/silhuetas/CEA/FORMATO.png,Marllon,6,marllon,22,CEA,0.0,Marllon Gonçalves Jerônimo Borges,16,Marllon,2.0,12.0,12.0,2.0,7.0,2.0,,,,,,6.0,,,,,,,,,Zagueiro,0,0.0,Não Jogou,False
46,1.9,285,5,1.59,True,70788,5.5,https://s3.glbimg.com/v1/AUTH_58d78b787ec34892b5aaa0c7a146155f/clubes_2025/silhuetas/INT/FORMATO.png,E. Valencia,6,enner-valencia,22,INT,0.34,Enner Remberto Valencia Lastra,14,Enner Valencia,3.0,3.0,17.0,5.0,13.0,1.0,3.0,,4.0,,1.0,,,,,,,,,,Atacante,198,40.36,Regular,False
47,0.0,356,2,4.01,False,70916,7.58,https://s3.glbimg.com/v1/AUTH_58d78b787ec34892b5aaa0c7a146155f/clubes_2025/silhuetas/FOR/FORMATO.png,D. Barbosa,6,diogo-barbosa,22,FOR,0.0,Diogo Barbosa Mendanha,9,Diogo Barbosa,1.0,10.0,4.0,1.0,9.0,1.0,,,,,,2.0,,,,,,,,,Lateral,0,0.0,Não Jogou,False
48,-0.3,285,4,2.53,True,70944,5.71,https://s3.glbimg.com/v1/AUTH_58d78b787ec34892b5aaa0c7a146155f/clubes_2025/silhuetas/INT/FORMATO.png,B. Henrique,6,bruno-henrique,22,INT,-0.18,Bruno Henrique Corsini,16,Bruno Henrique,,20.0,28.0,8.0,8.0,1.0,,,3.0,,,,,1.0,,,,,,,Meia,310,5.87,Ruim,False
49,0.0,267,4,0.2,False,71123,4.96,https://s3.glbimg.com/v1/AUTH_58d78b787ec34892b5aaa0c7a146155f/clubes_2025/silhuetas/VAS/FORMATO.png,T. Mendes,6,thiago-mendes,22,VAS,0.0,Thiago Henrique Mendes Ribeiro,3,Thiago Mendes,1.0,1.0,3.0,,2.0,,,,,,,,,,,,,,,,Meia,0,0.0,Não Jogou,False
50,4.4,354,4,4.4,True,71162,7.09,https://s3.glbimg.com/v1/AUTH_58d78b787ec34892b5aaa0c7a146155f/clubes_2025/silhuetas/CEA/FORMATO.png,Vina,6,vina,22,CEA,1.09,Vinícius Goes Barbosa de Souza,1,Vina,,2.0,1.0,,1.0,,,,1.0,,,,,,,,,,,,Meia,118,63.86,Regular,False
51,0.0,276,4,9.6,False,71536,10.73,https://s3.glbimg.com/v1/AUTH_58d78b787ec34892b5aaa0c7a146155f/clubes_2025/silhuetas/SAO/FORMATO.png,L. Gustavo,5,luiz-gustavo,22,SAO,0.0,Luiz Gustavo Dias,1,Luiz Gustavo,,4.0,4.0,1.0,2.0,,,,,,1.0,,,,,,,,,,Meia,0,0.0,Não Jogou,False
52,0.0,354,1,6.18,False,71571,7.02,https://s3.glbimg.com/v1/AUTH_58d78b787ec34892b5aaa0c7a146155f/clubes_2025/silhuetas/CEA/FORMATO.png,F. Miguel,6,fernando-miguel,22,CEA,0.0,Fernando Miguel Kaufmann,6,Fernando Miguel,,,,,6.0,,,,,,,3.0,,,17.0,,3.0,,,,Goleiro,0,0.0,Não Jogou,False
53,0.8,275,1,4.58,True,71631,7.97,https://s3.glbimg.com/v1/AUTH_58d78b787ec34892b5aaa0c7a146155f/clubes_2025/silhuetas/PAL/FORMATO.png,Weverton,7,weverton,22,PAL,-0.74,Weverton Pereira da Silva,19,Weverton,2.0,,,,8.0,,,,,,,8.0,,,40.0,1.0,14.0,,,,Goleiro,241,25.9,Regular,False
54,0.0,287,2,2.75,False,71680,3.09,https://s3.glbimg.com/v1/AUTH_58d78b787ec34892b5aaa0c7a146155f/clubes_2025/silhuetas/VIT/FORMATO.png,R. Cáceres,6,raul-caceres,22,VIT,0.0,Raúl Alejandro Cáceres Bogado,8,Raúl Cáceres,3.0,4.0,7.0,2.0,2.0,,1.0,1.0,3.0,,,2.0,,,,,,,,,Lateral,0,0.0,Não Jogou,False
55,-0.4,275,3,4.94,True,71684,8.77,https://s3.glbimg.com/v1/AUTH_58d78b787ec34892b5aaa0c7a146155f/clubes_2025/silhuetas/PAL/FORMATO.png,G. Gómez,7,gustavo-gomez,22,PAL,-2.01,Gustavo Raúl Gómez Portillo,16,Gustavo Gómez,4.0,25.0,20.0,5.0,8.0,1.0,6.0,,1.0,,,7.0,,,,,,,,,Zagueiro,318,4.07,Ruim,False
56,3.2,265,2,3.56,True,71701,6.45,https://s3.glbimg.com/v1/AUTH_58d78b787ec34892b5aaa0c7a146155f/clubes_2025/silhuetas/BAH/FORMATO.png,S. Arias,7,santiago-arias,22,BAH,-0.42,Santiago Arias Naranjo,9,Santiago Arias,2.0,10.0,4.0,1.0,4.0,,,,2.0,,,3.0,,,,,,,,,Lateral,153,53.61,Regular,False
57,9.2,284,4,4.12,True,71709,7.16,https://s3.glbimg.com/v1/AUTH_58d78b787ec34892b5aaa0c7a146155f/clubes_2025/silhuetas/GRE/FORMATO.png,Cuéllar,7,cuellar,22,GRE,1.49,Gustavo Leonardo Cuellar Gallego,5,Cuéllar,,12.0,3.0,,7.0,,,,,,,,,,,,,,,,Meia,34,90.06,Bom,True
58,10.9,284,1,4.09,True,72018,8.04,https://s3.glbimg.com/v1/AUTH_58d78b787ec34892b5aaa0c7a146155f/clubes_2025/silhuetas/GRE/FORMATO.png,T. Volpi,7,tiago-volpi,22,GRE,0.25,Tiago Luis Volpi,20,Tiago Volpi,2.0,,,,5.0,1.0,,,,,,4.0,,,61.0,,25.0,1.0,,,Goleiro,17,94.88,Muito Bom,True
59,0.0,2305,1,0.0,False,72279,2.0,https://s3.glbimg.com/v1/AUTH_58d78b787ec34892b5aaa0c7a146155f/clubes_2025/silhuetas/MIR/FORMATO.png,Thomazella,6,thomazella,22,MIR,0.0,Carlos Eduardo Lecciolle Thomazella,0,Thomazella,,,,,,,,,,,,,,,,,,,,,Goleiro,0,0.0,Não Jogou,False
60,2.9,282,1,4.23,True,72294,9.0,https://s3.glbimg.com/v1/AUTH_58d78b787ec34892b5aaa0c7a146155f/clubes_2025/silhuetas/CAM/FORMATO.png,Everson,7,everson,22,CAM,0.3,Everson Felipe Marques Pires,19,Everson,5.0,,,,4.0,,,,,,,7.0,,,54.0,,22.0,,,,Goleiro,164,50.6,Regular,False
61,0.0,354,3,0.0,False,72359,4.0,https://s3.glbimg.com/v1/AUTH_58d78b787ec34892b5aaa0c7a146155f/clubes_2025/silhuetas/CEA/FORMATO.png,L. Otávio,5,luiz-otavio,22,CEA,0.0,Luiz Otávio Anacleto Leandro,0,Luiz Otávio,,,,,,,,,,,,,,,,,,,,,Zagueiro,0,0.0,Não Jogou,False
62,6.05,267,6,5.36,True,72391,9.76,https://s3.glbimg.com/v1/AUTH_58d78b787ec34892b5aaa0c7a146155f/clubes_2025/silhuetas/VAS/FORMATO.png,F. Diniz,7,fernando-diniz,22,VAS,0.35,Fernando Diniz Silva,12,Fernando Diniz,,,,,,,,,,,,,4.0,,,,,,,,Técnico,87,74.1,Bom,False
63,0.0,282,4,0.81,False,72460,3.46,https://s3.glbimg.com/v1/AUTH_58d78b787ec34892b5aaa0c7a146155f/clubes_2025/silhuetas/CAM/FORMATO.png,Bernard,5,bernard,22,CAM,0.0,Bernard Anício Caldeira Duarte,14,Bernard,1.0,8.0,6.0,1.0,3.0,,1.0,,,,,,,,,,,,,,Meia,0,0.0,Não Jogou,False
64,0.0,263,2,5.59,False,72493,10.51,https://s3.glbimg.com/v1/AUTH_58d78b787ec34892b5aaa0c7a146155f/clubes_2025/silhuetas/BOT/FORMATO.png,A. Telles,6,alex-telles,22,BOT,0.0,Alex Nicolao Telles,17,Alex Telles,1.0,8.0,16.0,7.0,10.0,2.0,1.0,2.0,2.0,,,10.0,,,,,,,,,Lateral,0,0.0,Não Jogou,False
65,1.7,354,5,3.29,True,72583,6.8,https://s3.glbimg.com/v1/AUTH_58d78b787ec34892b5aaa0c7a146155f/clubes_2025/silhuetas/CEA/FORMATO.png,P. Henrique,6,pedro-henrique,22,CEA,-0.13,Pedro Henrique Konzen Medina da Silva,13,Pedro Henrique,4.0,15.0,19.0,9.0,12.0,1.0,5.0,,6.0,,1.0,,,,,,,1.0,,,Atacante,203,38.55,Regular,False
66,-1.3,282,3,4.2,True,72605,6.58,https://s3.glbimg.com/v1/AUTH_58d78b787ec34892b5aaa0c7a146155f/clubes_2025/silhuetas/CAM/FORMATO.png,V. Hugo,7,vitor-hugo,22,CAM,-0.66,Vitor Hugo Franchescoli de Souza,7,Vitor Hugo,1.0,6.0,2.0,2.0,1.0,,1.0,,,,,4.0,,,,,,,,,Zagueiro,328,1.36,Ruim,False
67,4.9,286,3,1.63,True,72801,3.57,https://s3.glbimg.com/v1/AUTH_58d78b787ec34892b5aaa0c7a146155f/clubes_2025/silhuetas/JUV/FORMATO.png,W. Ángel,7,wilker-angel,22,JUV,0.7,Wílker José Ángel Romero,13,Wilker Ángel,4.0,5.0,20.0,3.0,4.0,1.0,1.0,,2.0,,,2.0,,,,,,1.0,,,Zagueiro,106,67.92,Regular,False
68,0.0,285,3,2.9,False,72951,6.6,https://s3.glbimg.com/v1/AUTH_58d78b787ec34892b5aaa0c7a146155f/clubes_2025/silhuetas/INT/FORMATO.png,Mercado,5,mercado,22,INT,0.0,Gabriel Iván Mercado,1,Mercado,,2.0,2.0,,1.0,,,,,,,,,,,,,,,,Zagueiro,0,0.0,Não Jogou,False
69,0.0,2305,2,3.72,False,73318,4.38,https://s3.glbimg.com/v1/AUTH_58d78b787ec34892b5aaa0c7a146155f/clubes_2025/silhuetas/MIR/FORMATO.png,D. Borges,6,daniel-borges,22,MIR,0.0,Daniel Fortunato Borges,8,Daniel Borges,2.0,3.0,6.0,2.0,3.0,2.0,,,,,,2.0,,,,,,,,,Lateral,0,0.0,Não Jogou,False
70,0.0,266,2,4.32,False,73384,8.3,https://s3.glbimg.com/v1/AUTH_58d78b787ec34892b5aaa0c7a146155f/clubes_2025/silhuetas/FLU/FORMATO.png,S. Xavier,5,samuel-xavier,22,FLU,0.0,Samuel Xavier Brito,14,Samuel Xavier,3.0,10.0,17.0,3.0,18.0,2.0,,1.0,1.0,,,4.0,,,,,,,,,Lateral,0,0.0,Não Jogou,False
71,0.0,2305,4,3.07,False,73515,6.44,https://s3.glbimg.com/v1/AUTH_58d78b787ec34892b5aaa0c7a146155f/clubes_2025/silhuetas/MIR/FORMATO.png,Gabriel,5,gabriel,22,MIR,0.0,Gabriel Santana Pinto,15,Gabriel,2.0,3.0,5.0,4.0,15.0,3.0,5.0,1.0,4.0,1.0,,,,,,,,,,,Meia,0,0.0,Não Jogou,False
72,3.5,277,4,0.96,True,74187,3.46,https://s3.glbimg.com/v1/AUTH_58d78b787ec34892b5aaa0c7a146155f/clubes_2025/silhuetas/SAN/FORMATO.png,Rincón,7,rincon,22,SAN,0.4,Tomás Eduardo Rincón Hernández,13,Rincón,4.0,13.0,23.0,5.0,6.0,,,,,,,,,1.0,,,,,,,Meia,147,55.57,Regular,False
73,0.0,264,4,3.06,False,77485,6.96,https://s3.glbimg.com/v1/AUTH_58d78b787ec34892b5aaa0c7a146155f/clubes_2025/silhuetas/COR/FORMATO.png,Carrillo,5,carrillo,22,COR,0.0,André Martín Carrillo Díaz,15,Carrillo,1.0,19.0,18.0,5.0,12.0,1.0,2.0,1.0,1.0,,,,,,,,,,,,Meia,0,0.0,Não Jogou,False
74,3.2,276,2,3.28,True,77656,6.84,https://s3.glbimg.com/v1/AUTH_58d78b787ec34892b5aaa0c7a146155f/clubes_2025/silhuetas/SAO/FORMATO.png,C. Soares,7,cedric-soares,22,SAO,-1.05,Cédric Ricardo Alves Soares,18,Cédric Soares,1.0,18.0,9.0,2.0,8.0,,,2.0,,,,4.0,,,,,,,,,Lateral,153,53.61,Regular,False
75,0.0,292,4,4.6,False,77664,8.59,https://s3.glbimg.com/v1/AUTH_58d78b787ec34892b5aaa0c7a146155f/clubes_2025/silhuetas/SPT/FORMATO.png,S. Oliveira,6,sergio-oliveira,22,SPT,0.0,Sérgio Miguel Relvas de Oliveira,8,Sérgio Oliveira,3.0,14.0,12.0,6.0,6.0,1.0,,,3.0,,1.0,,,,,,,,,,Meia,0,0.0,Não Jogou,False
76,0.0,287,5,5.3,False,77738,8.4,https://s3.glbimg.com/v1/AUTH_58d78b787ec34892b5aaa0c7a146155f/clubes_2025/silhuetas/VIT/FORMATO.png,Romarinho,6,romarinho,22,VIT,0.0,Romário Ricardo da Silva,1,Romarinho,,2.0,,1.0,3.0,,,,,,,,,,,,,,,,Atacante,0,0.0,Não Jogou,False
77,3.2,277,4,1.96,True,77777,4.73,https://s3.glbimg.com/v1/AUTH_58d78b787ec34892b5aaa0c7a146155f/clubes_2025/silhuetas/SAN/FORMATO.png,J. Schmidt,6,joao-schmidt,22,SAN,0.51,João Felipe Schmidt Urbano,15,João Schmidt,3.0,18.0,27.0,5.0,7.0,,1.0,1.0,1.0,,,,,,,,,,,,Meia,153,53.61,Regular,False
78,0.0,266,5,1.88,False,78117,3.65,https://s3.glbimg.com/v1/AUTH_58d78b787ec34892b5aaa0c7a146155f/clubes_2025/silhuetas/FLU/FORMATO.png,Everaldo,6,everaldo,22,FLU,0.0,Everaldo Stum,17,Everaldo,1.0,3.0,17.0,9.0,11.0,2.0,1.0,,5.0,,1.0,,,,,,,,1.0,,Atacante,0,0.0,Não Jogou,False
79,0.0,264,3,3.85,True,78248,6.71,https://s3.glbimg.com/v1/AUTH_58d78b787ec34892b5aaa0c7a146155f/clubes_2025/silhuetas/COR/FORMATO.png,G. Henrique,7,gustavo-henrique,22,COR,-1.32,Gustavo Henrique Vernes,9,Gustavo Henrique,,10.0,6.0,2.0,4.0,1.0,,,4.0,,,1.0,,,,,,,,,Zagueiro,275,12.65,Regular,False
80,2.0,264,5,2.73,True,78435,7.73,https://s3.glbimg.com/v1/AUTH_58d78b787ec34892b5aaa0c7a146155f/clubes_2025/silhuetas/COR/FORMATO.png,Vitinho,6,vitinho,22,COR,-0.43,Victor Vinícius Coelho dos Santos,3,Vitinho,,4.0,,,2.0,,,,1.0,,,,,,,,,,,,Atacante,190,42.02,Regular,False
81,9.9,266,2,6.48,True,78445,10.15,https://s3.glbimg.com/v1/AUTH_58d78b787ec34892b5aaa0c7a146155f/clubes_2025/silhuetas/FLU/FORMATO.png,Renê,7,rene,22,FLU,0.66,Renê Rodrigues Martins,13,Renê,,35.0,11.0,2.0,11.0,1.0,,,,,,4.0,,,,,,,,,Lateral,24,92.92,Bom,True
82,0.0,277,4,-0.3,False,78478,7.19,https://s3.glbimg.com/v1/AUTH_58d78b787ec34892b5aaa0c7a146155f/clubes_2025/silhuetas/SAN/FORMATO.png,W. Arão,6,willian-arao,22,SAN,0.0,Willian Souza Arão da Silva,1,Willian Arão,,,1.0,,,,,,,,,,,,,,,,,,Meia,0,0.0,Não Jogou,False
83,1.2,280,4,3.03,True,78605,5.51,https://s3.glbimg.com/v1/AUTH_58d78b787ec34892b5aaa0c7a146155f/clubes_2025/silhuetas/RBB/FORMATO.png,Gabriel,6,gabriel,22,RBB,-0.04,Gabriel Girotto Franco,19,Gabriel,6.0,33.0,28.0,5.0,18.0,1.0,,,1.0,,,,,,,,,,,,Meia,226,31.33,Regular,False
84,12.9,2305,2,7.12,True,78850,10.94,https://s3.glbimg.com/v1/AUTH_58d78b787ec34892b5aaa0c7a146155f/clubes_2025/silhuetas/MIR/FORMATO.png,Reinaldo,7,reinaldo,22,MIR,1.27,Reinaldo Manoel da Silva,19,Reinaldo,3.0,20.0,17.0,8.0,15.0,7.0,,3.0,7.0,,,5.0,,,,,,1.0,1.0,,Lateral,7,98.19,Muito Bom,True
85,0.0,354,1,-1.0,False,78851,4.53,https://s3.glbimg.com/v1/AUTH_58d78b787ec34892b5aaa0c7a146155f/clubes_2025/silhuetas/CEA/FORMATO.png,Richard,6,richard,22,CEA,0.0,Richard de Oliveira Costa,0,Richard,1.0,,,,,,,,,,,,,,,,,,,,Goleiro,0,0.0,Não Jogou,False
86,3.9,266,3,4.35,True,78855,6.98,https://s3.glbimg.com/v1/AUTH_58d78b787ec34892b5aaa0c7a146155f/clubes_2025/silhuetas/FLU/FORMATO.png,T. Santos,6,thiago-santos,22,FLU,0.5,Thiago dos Santos,7,Thiago Santos,2.0,5.0,8.0,1.0,3.0,,,,,,,5.0,,,,,,,,,Zagueiro,137,58.58,Regular,False
87,0.0,2305,1,2.37,False,79066,3.34,https://s3.glbimg.com/v1/AUTH_58d78b787ec34892b5aaa0c7a146155f/clubes_2025/silhuetas/MIR/FORMATO.png,A. Muralha,6,alex-muralha,22,MIR,0.0,Alex Roberto Santana Rafael,6,Alex Muralha,2.0,,,,1.0,,,,,,,,,,19.0,,9.0,,,,Goleiro,0,0.0,Não Jogou,False
88,0.8,354,1,3.42,True,79266,5.5,https://s3.glbimg.com/v1/AUTH_58d78b787ec34892b5aaa0c7a146155f/clubes_2025/silhuetas/CEA/FORMATO.png,B. Ferreira,7,bruno-ferreira,22,CEA,-1.16,Bruno Ferreira Ventura Diniz - de Lins,13,Bruno Ferreira,2.0,,1.0,,4.0,,,,,,,4.0,,,29.0,,13.0,,,,Goleiro,241,25.9,Regular,False
89,5.14,285,6,5.11,True,79437,9.65,https://s3.glbimg.com/v1/AUTH_58d78b787ec34892b5aaa0c7a146155f/clubes_2025/silhuetas/INT/FORMATO.png,R. Machado,7,roger-machado,22,INT,0.39,Roger Machado Marques,21,Roger Machado,,,,,,,,,,,,,7.0,,,,,,,,Técnico,102,69.58,Bom,False
90,0.8,266,5,5.06,True,79631,9.03,https://s3.glbimg.com/v1/AUTH_58d78b787ec34892b5aaa0c7a146155f/clubes_2025/silhuetas/FLU/FORMATO.png,Cano,7,cano,22,FLU,-0.28,Germán Ezequiel Cano,13,Cano,1.0,3.0,4.0,15.0,16.0,5.0,2.0,,3.0,,,,,,,,,,,,Atacante,241,25.9,Regular,False
91,-1.6,283,4,2.37,True,79701,4.41,https://s3.glbimg.com/v1/AUTH_58d78b787ec34892b5aaa0c7a146155f/clubes_2025/silhuetas/CRU/FORMATO.png,L. Silva,7,lucas-silva,22,CRU,-0.87,Lucas Silva Borges,21,Lucas Silva,3.0,17.0,31.0,6.0,17.0,1.0,,2.0,2.0,,1.0,,,,,,,,,,Meia,331,0.6,Ruim,False
92,0.6,356,1,0.93,True,79973,4.66,https://s3.glbimg.com/v1/AUTH_58d78b787ec34892b5aaa0c7a146155f/clubes_2025/silhuetas/FOR/FORMATO.png,H. Leite,7,helton-leite,22,FOR,-0.64,Helton Brant Aleixo Leite,3,Helton Leite,,,,,,,,,,,,,,,6.0,,5.0,,,,Goleiro,254,23.64,Regular,False
93,6.4,262,4,3.38,True,80061,10.29,https://s3.glbimg.com/v1/AUTH_58d78b787ec34892b5aaa0c7a146155f/clubes_2025/silhuetas/FLA/FORMATO.png,Saúl,7,saul,22,FLA,0.34,Saúl Ñíguez Esclapez,4,Saúl,,7.0,8.0,4.0,2.0,,,,1.0,,,,,,,,,,,,Meia,80,75.9,Bom,False
94,0.0,292,5,0.0,False,80076,6.0,https://s3.glbimg.com/v1/AUTH_58d78b787ec34892b5aaa0c7a146155f/clubes_2025/silhuetas/SPT/FORMATO.png,Z. Roberto,6,ze-roberto,22,SPT,0.0,José Roberto Assunção de Araújo Filho,0,Zé Roberto,,,,,,,,,,,,,,,,,,,,,Atacante,0,0.0,Não Jogou,False
95,0.4,286,4,3.55,True,80129,5.78,https://s3.glbimg.com/v1/AUTH_58d78b787ec34892b5aaa0c7a146155f/clubes_2025/silhuetas/JUV/FORMATO.png,Jadson,7,jadson,22,JUV,-0.48,Jadson Alves dos Santos,19,Jadson,5.0,35.0,28.0,6.0,32.0,,2.0,1.0,3.0,,,,,,,,,1.0,,,Meia,264,20.03,Regular,False
96,0.0,356,4,2.67,False,80196,5.34,https://s3.glbimg.com/v1/AUTH_58d78b787ec34892b5aaa0c7a146155f/clubes_2025/silhuetas/FOR/FORMATO.png,Y. Pikachu,6,yago-pikachu,22,FOR,0.0,Glaybson Yago Souza Lisboa,16,Yago Pikachu,2.0,8.0,7.0,4.0,12.0,2.0,3.0,,5.0,1.0,1.0,,,,,,,,,,Meia,0,0.0,Não Jogou,False
97,2.2,276,5,5.71,True,80287,9.29,https://s3.glbimg.com/v1/AUTH_58d78b787ec34892b5aaa0c7a146155f/clubes_2025/silhuetas/SAO/FORMATO.png,Luciano,7,luciano,22,SAO,-0.02,Luciano da Rocha Neves,18,Luciano,6.0,18.0,22.0,19.0,26.0,4.0,4.0,3.0,13.0,2.0,,,,,,,,,1.0,,Atacante,183,44.58,Regular,False
98,0.0,265,2,4.13,False,80313,7.33,https://s3.glbimg.com/v1/AUTH_58d78b787ec34892b5aaa0c7a146155f/clubes_2025/silhuetas/BAH/FORMATO.png,Gilberto,5,gilberto,22,BAH,0.0,Gilberto Moraes Júnior,15,Gilberto,3.0,22.0,11.0,4.0,6.0,1.0,1.0,,1.0,,,4.0,,,,,,,,,Lateral,0,0.0,Não Jogou,False
99,0.0,276,2,4.78,True,80570,9.1,https://s3.glbimg.com/v1/AUTH_58d78b787ec34892b5aaa0c7a146155f/clubes_2025/silhuetas/SAO/FORMATO.png,Wendell,6,wendell,22,SAO,-0.5,Wendell Nascimento Borges,11,Wendell,,15.0,11.0,3.0,12.0,,,1.0,,,,4.0,,,,,,,,,Lateral,275,12.65,Regular,False
100,13.0,292,4,4.1,True,80583,7.64,https://s3.glbimg.com/v1/AUTH_58d78b787ec34892b5aaa0c7a146155f/clubes_2025/silhuetas/SPT/FORMATO.png,L. Lima,7,lucas-lima,22,SPT,1.6,Lucas Rafael Araújo Lima,18,Lucas Lima,8.0,15.0,20.0,3.0,30.0,3.0,6.0,3.0,8.0,,,,,,,,,,,,Meia,6,98.49,Muito Bom,True
101,0.0,267,4,2.07,True,81091,4.63,https://s3.glbimg.com/v1/AUTH_58d78b787ec34892b5aaa0c7a146155f/clubes_2025/silhuetas/VAS/FORMATO.png,Jair,7,jair,22,VAS,-0.63,Jair Rodrigues Júnior,10,Jair,3.0,14.0,12.0,1.0,11.0,,,,,,,,,,,,,,,,Meia,275,12.65,Regular,False
102,2.1,354,4,3.25,True,81121,6.26,https://s3.glbimg.com/v1/AUTH_58d78b787ec34892b5aaa0c7a146155f/clubes_2025/silhuetas/CEA/FORMATO.png,L. Mugni,7,lucas-mugni,22,CEA,0.29,Lucas Andrés Mugni,17,Lucas Mugni,4.0,19.0,22.0,5.0,10.0,1.0,1.0,3.0,2.0,,1.0,,,,,,,,,,Meia,188,43.52,Regular,False
103,7.4,277,2,3.29,True,81150,7.75,https://s3.glbimg.com/v1/AUTH_58d78b787ec34892b5aaa0c7a146155f/clubes_2025/silhuetas/SAN/FORMATO.png,Mayke,7,mayke,22,SAN,1.08,Mayke Rocha de Oliveira,8,Mayke,1.0,12.0,13.0,1.0,5.0,,1.0,,,,,2.0,,,,,,,,,Lateral,58,82.53,Bom,False
104,0.0,292,5,0.58,False,81401,5.5,https://s3.glbimg.com/v1/AUTH_58d78b787ec34892b5aaa0c7a146155f/clubes_2025/silhuetas/SPT/FORMATO.png,G. Paciência,6,goncalo-paciencia,22,SPT,0.0,Gonçalo Mendes Paciência,4,Gonçalo Paciência,,,2.0,3.0,1.0,,,,,,,,,,,,,,,,Atacante,0,0.0,Não Jogou,False
105,0.0,276,4,1.86,False,81845,4.64,https://s3.glbimg.com/v1/AUTH_58d78b787ec34892b5aaa0c7a146155f/clubes_2025/silhuetas/SAO/FORMATO.png,Alisson,6,alisson,22,SAO,0.0,Alisson Euler de Freitas Castro,16,Alisson,4.0,9.0,15.0,4.0,19.0,,1.0,1.0,6.0,,,,,,,,,,,,Meia,0,0.0,Não Jogou,False
106,0.0,356,1,4.75,False,81881,8.76,https://s3.glbimg.com/v1/AUTH_58d78b787ec34892b5aaa0c7a146155f/clubes_2025/silhuetas/FOR/FORMATO.png,J. Ricardo,6,joao-ricardo,22,FOR,0.0,João Ricardo Riedi,11,João Ricardo,,,,,,,,,,,,4.0,,,41.0,,18.0,,,1.0,Goleiro,0,0.0,Não Jogou,False
107,1.4,287,4,2.77,True,81952,4.51,https://s3.glbimg.com/v1/AUTH_58d78b787ec34892b5aaa0c7a146155f/clubes_2025/silhuetas/VIT/FORMATO.png,W. Oliveira,7,willian-oliveira,22,VIT,0.01,Willian Osmar de Oliveira Silva,10,Willian Oliveira,4.0,17.0,16.0,6.0,10.0,,,,1.0,,,,,,,,,,,,Meia,220,33.43,Regular,False
108,0.0,2305,4,1.97,True,82407,4.41,https://s3.glbimg.com/v1/AUTH_58d78b787ec34892b5aaa0c7a146155f/clubes_2025/silhuetas/MIR/FORMATO.png,C. Kim,6,chico-kim,22,MIR,-0.18,Francisco Hyun-Sol Kim,9,Chico Kim,1.0,8.0,4.0,1.0,10.0,,,,1.0,1.0,,,,,,,,,,,Meia,275,12.65,Regular,False
109,7.1,277,4,3.57,True,82455,7.6,https://s3.glbimg.com/v1/AUTH_58d78b787ec34892b5aaa0c7a146155f/clubes_2025/silhuetas/SAN/FORMATO.png,Z. Rafael,7,ze-rafael,22,SAN,0.34,José Rafael Vivian,12,Zé Rafael,2.0,25.0,15.0,3.0,19.0,,,,,,,,,,,,,,,,Meia,65,80.72,Bom,False
110,-0.4,266,4,-0.4,True,82463,6.14,https://s3.glbimg.com/v1/AUTH_58d78b787ec34892b5aaa0c7a146155f/clubes_2025/silhuetas/FLU/FORMATO.png,Otávio,6,otavio,22,FLU,-0.86,Otávio Henrique Passos Santos,1,Otávio,,,3.0,,1.0,,,,,,,,,,,,,,,,Meia,318,4.07,Ruim,False
111,0.0,262,5,5.35,True,82627,8.63,https://s3.glbimg.com/v1/AUTH_58d78b787ec34892b5aaa0c7a146155f/clubes_2025/silhuetas/FLA/FORMATO.png,L. Araújo,6,luiz-araujo,22,FLA,-1.39,Luiz de Araújo Guimarães Neto,19,Luiz Araújo,,25.0,14.0,9.0,12.0,4.0,1.0,2.0,6.0,,2.0,,,,,,,,,,Atacante,275,12.65,Regular,False
112,0.0,356,2,4.11,False,82628,8.33,https://s3.glbimg.com/v1/AUTH_58d78b787ec34892b5aaa0c7a146155f/clubes_2025/silhuetas/FOR/FORMATO.png,Tinga,6,tinga,22,FOR,0.0,Guilherme de Jesus da Silva,10,Tinga,1.0,11.0,6.0,3.0,4.0,1.0,,,,,,3.0,,,,,,,,,Lateral,0,0.0,Não Jogou,False
113,6.4,286,2,5.04,True,82639,7.58,https://s3.glbimg.com/v1/AUTH_58d78b787ec34892b5aaa0c7a146155f/clubes_2025/silhuetas/JUV/FORMATO.png,M. Hermes,7,marcelo-hermes,22,JUV,0.6,Marcelo Gazella Hermes,9,Marcelo Hermes,2.0,13.0,9.0,5.0,6.0,,,2.0,3.0,,,2.0,,,,,,,,,Lateral,80,75.9,Bom,False
114,11.0,2305,2,6.59,True,82775,10.2,https://s3.glbimg.com/v1/AUTH_58d78b787ec34892b5aaa0c7a146155f/clubes_2025/silhuetas/MIR/FORMATO.png,L. Ramon,7,lucas-ramon,22,MIR,0.62,Lucas Ramon Batista Silva,18,Lucas Ramon,5.0,41.0,20.0,4.0,22.0,2.0,2.0,2.0,6.0,1.0,,4.0,,,,,,,,,Lateral,14,95.78,Muito Bom,True
115,0.0,292,3,3.69,False,83048,6.09,https://s3.glbimg.com/v1/AUTH_58d78b787ec34892b5aaa0c7a146155f/clubes_2025/silhuetas/SPT/FORMATO.png,R. Thyere,6,rafael-thyere,22,SPT,0.0,Rafael Thyere de Albuquerque Marques,8,Rafael Thyere,,9.0,6.0,2.0,4.0,,,,1.0,,1.0,2.0,,,,,,,,,Zagueiro,0,0.0,Não Jogou,False
116,0.0,285,2,2.38,False,83251,5.79,https://s3.glbimg.com/v1/AUTH_58d78b787ec34892b5aaa0c7a146155f/clubes_2025/silhuetas/INT/FORMATO.png,A. Benítez,6,alan-benitez,22,INT,0.0,Alan Max Benítez Domínguez,5,Alan Benítez,,3.0,4.0,,,,,,3.0,,,1.0,,,,,,,,,Lateral,0,0.0,Não Jogou,False
117,3.1,283,5,3.36,True,83257,6.94,https://s3.glbimg.com/v1/AUTH_58d78b787ec34892b5aaa0c7a146155f/clubes_2025/silhuetas/CRU/FORMATO.png,Gabriel,6,gabriel,22,CRU,0.3,Gabriel Barbosa Almeida,17,Gabriel,1.0,3.0,3.0,6.0,5.0,4.0,5.0,2.0,8.0,,,,,,,,,,1.0,,Atacante,159,52.11,Regular,False
118,7.2,262,3,5.51,True,83528,9.94,https://s3.glbimg.com/v1/AUTH_58d78b787ec34892b5aaa0c7a146155f/clubes_2025/silhuetas/FLA/FORMATO.png,L. Pereira,7,leo-pereira,22,FLA,0.17,Leonardo Pereira,20,Léo Pereira,2.0,15.0,15.0,7.0,8.0,3.0,,,3.0,,1.0,11.0,,,,,,1.0,,,Zagueiro,64,81.02,Bom,False
119,0.0,287,3,-0.85,False,83786,2.13,https://s3.glbimg.com/v1/AUTH_58d78b787ec34892b5aaa0c7a146155f/clubes_2025/silhuetas/VIT/FORMATO.png,Neris,6,neris,22,VIT,0.0,Hueglo dos Santos Neris,4,Neris,1.0,1.0,8.0,,1.0,,2.0,,1.0,,,,,1.0,,,,,,,Zagueiro,0,0.0,Não Jogou,False
120,0.4,277,5,2.85,True,84042,7.4,https://s3.glbimg.com/v1/AUTH_58d78b787ec34892b5aaa0c7a146155f/clubes_2025/silhuetas/SAN/FORMATO.png,T. Soares,6,tiquinho-soares,22,SAN,-0.04,Francisco das Chagas Soares dos Santos Meireles,17,Tiquinho Soares,2.0,6.0,24.0,9.0,28.0,1.0,4.0,3.0,4.0,,,,,,,,,,,,Atacante,264,20.03,Regular,False
121,0.0,286,1,2.55,False,84094,2.41,https://s3.glbimg.com/v1/AUTH_58d78b787ec34892b5aaa0c7a146155f/clubes_2025/silhuetas/JUV/FORMATO.png,R. Carneiro,6,ruan-carneiro,22,JUV,0.0,Eudes Ruan de Souza Carneiro,2,Ruan Carneiro,,,,,,,,,,,,,,,7.0,,4.0,,,,Goleiro,0,0.0,Não Jogou,False
122,0.0,284,3,3.2,False,84263,4.77,https://s3.glbimg.com/v1/AUTH_58d78b787ec34892b5aaa0c7a146155f/clubes_2025/silhuetas/GRE/FORMATO.png,Jemerson,6,jemerson,22,GRE,0.0,Jemerson de Jesus Nascimento,9,Jemerson,3.0,11.0,14.0,1.0,3.0,1.0,,,1.0,,1.0,1.0,,,,,,,,,Zagueiro,0,0.0,Não Jogou,False
123,1.7,354,4,1.39,True,84428,4.1,https://s3.glbimg.com/v1/AUTH_58d78b787ec34892b5aaa0c7a146155f/clubes_2025/silhuetas/CEA/FORMATO.png,F. Sobral,6,fernando-sobral,22,CEA,0.33,Fernando Pereira do Nascimento,17,Fernando Sobral,6.0,18.0,22.0,4.0,12.0,,1.0,,,,,,,,,,,,,,Meia,203,38.55,Regular,False
124,0.4,292,5,2.24,True,84523,3.57,https://s3.glbimg.com/v1/AUTH_58d78b787ec34892b5aaa0c7a146155f/clubes_2025/silhuetas/SPT/FORMATO.png,Romarinho,6,romarinho,22,SPT,-0.01,José Romário Silva de Souza,10,Romarinho,,,,2.0,5.0,2.0,1.0,,2.0,,,,,,,,,,,,Atacante,264,20.03,Regular,False
125,4.5,283,4,4.6,True,84558,7.98,https://s3.glbimg.com/v1/AUTH_58d78b787ec34892b5aaa0c7a146155f/clubes_2025/silhuetas/CRU/FORMATO.png,L. Romero,7,lucas-romero,22,CRU,0.27,Lucas Daniel Romero,20,Lucas Romero,7.0,44.0,22.0,5.0,31.0,1.0,1.0,2.0,2.0,,,,,,,,,,,,Meia,116,65.21,Regular,False
126,1.9,275,4,3.21,True,84674,6.23,https://s3.glbimg.com/v1/AUTH_58d78b787ec34892b5aaa0c7a146155f/clubes_2025/silhuetas/PAL/FORMATO.png,L. Evangelista,7,lucas-evangelista,22,PAL,0.27,Lucas Evangelista Santana de Oliveira,16,Lucas Evangelista,2.0,20.0,18.0,2.0,19.0,1.0,,1.0,4.0,,,,,,,,,,,,Meia,198,40.36,Regular,False
127,0.0,262,4,1.93,False,84735,7.1,https://s3.glbimg.com/v1/AUTH_58d78b787ec34892b5aaa0c7a146155f/clubes_2025/silhuetas/FLA/FORMATO.png,Jorginho,6,jorginho,22,FLA,0.0,Jorge Luiz Frello Filho,8,Jorginho,3.0,13.0,12.0,1.0,1.0,,,,1.0,,,,,,,,,,,,Meia,0,0.0,Não Jogou,False
128,1.7,262,2,4.93,True,84816,7.85,https://s3.glbimg.com/v1/AUTH_58d78b787ec34892b5aaa0c7a146155f/clubes_2025/silhuetas/FLA/FORMATO.png,Varela,7,varela,22,FLA,-1.06,Guillermo Varela Olivera,16,Varela,,8.0,4.0,,6.0,,1.0,4.0,1.0,,,9.0,,,,,,1.0,,,Lateral,203,38.55,Regular,False
129,6.5,277,3,2.5,True,84847,5.57,https://s3.glbimg.com/v1/AUTH_58d78b787ec34892b5aaa0c7a146155f/clubes_2025/silhuetas/SAN/FORMATO.png,L. Peres,7,luan-peres,22,SAN,0.85,Luan Peres Petroni,13,Luan Peres,4.0,11.0,17.0,,8.0,,,,1.0,,,4.0,,,,,,,,,Zagueiro,74,77.26,Bom,False
130,0.2,285,4,1.42,True,85034,4.5,https://s3.glbimg.com/v1/AUTH_58d78b787ec34892b5aaa0c7a146155f/clubes_2025/silhuetas/INT/FORMATO.png,O. Romero,6,oscar-romero,22,INT,-0.21,Óscar David Romero Villamayor,9,Óscar Romero,1.0,2.0,2.0,4.0,6.0,,,1.0,1.0,,,,,,,,,1.0,,,Meia,272,18.22,Regular,False
131,3.3,264,5,5.95,True,85048,13.85,https://s3.glbimg.com/v1/AUTH_58d78b787ec34892b5aaa0c7a146155f/clubes_2025/silhuetas/COR/FORMATO.png,M. Depay,7,memphis-depay,22,COR,-0.62,Memphis Depay,14,Memphis Depay,4.0,7.0,11.0,10.0,20.0,4.0,1.0,3.0,11.0,,2.0,,,,,,,,1.0,,Atacante,152,54.52,Regular,False
132,0.0,356,1,4.4,False,85083,6.75,https://s3.glbimg.com/v1/AUTH_58d78b787ec34892b5aaa0c7a146155f/clubes_2025/silhuetas/FOR/FORMATO.png,V. Silvestre,6,vinicius-silvestre,22,FOR,0.0,Vinicius Silvestre da Costa,2,Vinicius Silvestre,,,,,1.0,,,,,,,,,,11.0,,6.0,,,,Goleiro,0,0.0,Não Jogou,False
133,1.0,2305,4,2.89,True,85403,4.95,https://s3.glbimg.com/v1/AUTH_58d78b787ec34892b5aaa0c7a146155f/clubes_2025/silhuetas/MIR/FORMATO.png,Danielzinho,7,danielzinho,22,MIR,-0.02,Daniel de Oliveira Sertanejo,19,Danielzinho,3.0,16.0,22.0,7.0,35.0,,1.0,2.0,3.0,1.0,1.0,,,,,,,,,,Meia,234,29.22,Regular,False
134,0.0,265,1,-1.0,False,85425,6.45,https://s3.glbimg.com/v1/AUTH_58d78b787ec34892b5aaa0c7a146155f/clubes_2025/silhuetas/BAH/FORMATO.png,J. Paulo,6,joao-paulo,22,BAH,0.0,João Paulo Silva Martins,0,João Paulo,2.0,,,,,,,,,,,,,,,,,,,,Goleiro,0,0.0,Não Jogou,False
135,0.0,284,4,0.45,False,85465,2.96,https://s3.glbimg.com/v1/AUTH_58d78b787ec34892b5aaa0c7a146155f/clubes_2025/silhuetas/GRE/FORMATO.png,A. Santana,3,alex-santana,22,GRE,0.0,Alex Paulo Menezes Santana,8,Alex Santana,3.0,1.0,10.0,4.0,10.0,,1.0,,,,,,,,,,,,,,Meia,0,0.0,Não Jogou,False
136,0.0,287,4,1.3,False,85856,2.69,https://s3.glbimg.com/v1/AUTH_58d78b787ec34892b5aaa0c7a146155f/clubes_2025/silhuetas/VIT/FORMATO.png,R. Ryller,6,ricardo-ryller,22,VIT,0.0,Ricardo Ryller Ribeiro Lino Silva,16,Ricardo Ryller,3.0,15.0,28.0,2.0,7.0,,1.0,,4.0,,,,,,,,,,,,Meia,0,0.0,Não Jogou,False
137,7.6,354,5,3.33,True,85930,5.52,https://s3.glbimg.com/v1/AUTH_58d78b787ec34892b5aaa0c7a146155f/clubes_2025/silhuetas/CEA/FORMATO.png,Aylon,7,aylon,22,CEA,0.95,Aylon Darwin Tavella,13,Aylon,2.0,11.0,17.0,6.0,17.0,2.0,2.0,,4.0,,,,,,,,,,,,Atacante,53,84.04,Bom,False
138,0.0,292,4,-0.57,False,85931,3.22,https://s3.glbimg.com/v1/AUTH_58d78b787ec34892b5aaa0c7a146155f/clubes_2025/silhuetas/SPT/FORMATO.png,Hyoran,6,hyoran,22,SPT,0.0,Hyoran Kaue Dalmoro,3,Hyoran,1.0,,4.0,,1.0,,,,,,,,,,,,,,,,Meia,0,0.0,Não Jogou,False
139,0.0,283,5,0.91,False,86292,3.59,https://s3.glbimg.com/v1/AUTH_58d78b787ec34892b5aaa0c7a146155f/clubes_2025/silhuetas/CRU/FORMATO.png,Bolasie,6,bolasie,22,CRU,0.0,Yannick Bolasie,10,Bolasie,1.0,3.0,8.0,1.0,2.0,,1.0,1.0,1.0,,,,,,,,,,,,Atacante,0,0.0,Não Jogou,False
140,0.0,267,2,0.57,False,86410,3.34,https://s3.glbimg.com/v1/AUTH_58d78b787ec34892b5aaa0c7a146155f/clubes_2025/silhuetas/VAS/FORMATO.png,V. Luis,6,victor-luis,22,VAS,0.0,Victor Luis Chuab Zamblauskas,3,Victor Luis,,,,,1.0,,,,1.0,,,,,,,,,,,,Lateral,0,0.0,Não Jogou,False
141,0.0,266,5,3.04,False,86485,6.04,https://s3.glbimg.com/v1/AUTH_58d78b787ec34892b5aaa0c7a146155f/clubes_2025/silhuetas/FLU/FORMATO.png,Keno,6,keno,22,FLU,0.0,Marcos da Silva França,9,Keno,,1.0,2.0,7.0,17.0,,,2.0,2.0,,,,,,,,,,,,Atacante,0,0.0,Não Jogou,False
142,13.1,286,1,4.87,True,86508,7.18,https://s3.glbimg.com/v1/AUTH_58d78b787ec34892b5aaa0c7a146155f/clubes_2025/silhuetas/JUV/FORMATO.png,Jandrei,7,jandrei,22,JUV,2.82,Jandrei Chitolina Carniel,3,Jandrei,1.0,,,,,,,,,,,1.0,,,12.0,,5.0,,,,Goleiro,5,98.8,Muito Bom,True
143,2.0,354,4,1.17,True,86536,2.87,https://s3.glbimg.com/v1/AUTH_58d78b787ec34892b5aaa0c7a146155f/clubes_2025/silhuetas/CEA/FORMATO.png,Richardson,7,richardson,22,CEA,-0.1,Richardson Fernandes dos Santos,7,Richardson,2.0,7.0,6.0,,3.0,,,,,,,,,,,,,,,,Meia,190,42.02,Regular,False
144,0.0,267,4,1.48,False,86686,3.64,https://s3.glbimg.com/v1/AUTH_58d78b787ec34892b5aaa0c7a146155f/clubes_2025/silhuetas/VAS/FORMATO.png,T. Tchê,5,tche-tche,22,VAS,0.0,Danilo das Neves Pinheiro,16,Tchê Tchê,1.0,2.0,12.0,4.0,26.0,1.0,1.0,,1.0,,,,,,,,,,,,Meia,0,0.0,Não Jogou,False
145,0.0,285,4,1.47,False,86711,3.98,https://s3.glbimg.com/v1/AUTH_58d78b787ec34892b5aaa0c7a146155f/clubes_2025/silhuetas/INT/FORMATO.png,Richard,6,richard,22,INT,0.0,Richard Cândido Coelho,3,Richard,,2.0,2.0,,4.0,,,,,,,,,,,,,,,,Meia,0,0.0,Não Jogou,False
146,0.0,262,5,2.41,False,86757,7.27,https://s3.glbimg.com/v1/AUTH_58d78b787ec34892b5aaa0c7a146155f/clubes_2025/silhuetas/FLA/FORMATO.png,Everton,6,everton,22,FLA,0.0,Everton Sousa Soares,14,Everton,,7.0,7.0,9.0,1.0,1.0,1.0,1.0,4.0,,,,,,,,,,,,Atacante,0,0.0,Não Jogou,False
147,0.0,356,4,0.82,True,86766,3.15,https://s3.glbimg.com/v1/AUTH_58d78b787ec34892b5aaa0c7a146155f/clubes_2025/silhuetas/FOR/FORMATO.png,M. Rossetto,7,matheus-rossetto,22,FOR,-0.13,Matheus Rossetto,10,Matheus Rossetto,,5.0,3.0,,3.0,,,,,,,,,,,,,,,,Meia,275,12.65,Regular,False
148,9.7,286,2,3.06,True,86820,5.39,https://s3.glbimg.com/v1/AUTH_58d78b787ec34892b5aaa0c7a146155f/clubes_2025/silhuetas/JUV/FORMATO.png,Reginaldo,7,reginaldo,22,JUV,1.16,Reginaldo Lopes de Jesus,13,Reginaldo,1.0,8.0,6.0,,9.0,,1.0,2.0,1.0,,,3.0,,,,,,,,,Lateral,27,91.42,Bom,True
149,0.0,356,4,1.89,False,86859,3.82,https://s3.glbimg.com/v1/AUTH_58d78b787ec34892b5aaa0c7a146155f/clubes_2025/silhuetas/FOR/FORMATO.png,J. Welison,6,jose-welison,22,FOR,0.0,José Welison da Silva,9,José Welison,3.0,12.0,7.0,2.0,5.0,,,,,,,,,,,,,,,,Meia,0,0.0,Não Jogou,False
150,0.0,2305,3,0.0,False,86863,4.0,https://s3.glbimg.com/v1/AUTH_58d78b787ec34892b5aaa0c7a146155f/clubes_2025/silhuetas/MIR/FORMATO.png,L. Otávio,6,luiz-otavio,22,MIR,0.0,Luiz Otávio da Silva Santos,0,Luiz Otávio,,,,,,,,,,,,,,,,,,,,,Zagueiro,0,0.0,Não Jogou,False
151,-0.2,267,1,2.95,True,87008,6.6,https://s3.glbimg.com/v1/AUTH_58d78b787ec34892b5aaa0c7a146155f/clubes_2025/silhuetas/VAS/FORMATO.png,L. Jardim,7,leo-jardim,22,VAS,-0.34,Leonardo César Jardim,18,Léo Jardim,,,,,4.0,,,,,,,3.0,,1.0,48.0,,23.0,,,,Goleiro,308,7.38,Ruim,False
152,0.0,280,3,3.64,False,87225,6.94,https://s3.glbimg.com/v1/AUTH_58d78b787ec34892b5aaa0c7a146155f/clubes_2025/silhuetas/RBB/FORMATO.png,P. Henrique,3,pedro-henrique,22,RBB,0.0,Pedro Henrique Ribeiro Gonçalves,19,Pedro Henrique,3.0,19.0,12.0,4.0,17.0,,,1.0,2.0,,1.0,5.0,,,,,,,,,Zagueiro,0,0.0,Não Jogou,False
153,2.0,282,2,3.72,True,87228,8.89,https://s3.glbimg.com/v1/AUTH_58d78b787ec34892b5aaa0c7a146155f/clubes_2025/silhuetas/CAM/FORMATO.png,G. Arana,7,guilherme-arana,22,CAM,-0.5,Guilherme Antonio Arana Lopes,9,Guilherme Arana,2.0,12.0,7.0,3.0,6.0,,,,1.0,,1.0,2.0,,,,,,,,,Lateral,190,42.02,Regular,False
154,1.0,266,5,1.19,True,87258,7.03,https://s3.glbimg.com/v1/AUTH_58d78b787ec34892b5aaa0c7a146155f/clubes_2025/silhuetas/FLU/FORMATO.png,Soteldo,6,soteldo,22,FLU,-0.02,Yeferson Julio Soteldo Martínez,11,Soteldo,1.0,3.0,3.0,3.0,14.0,,1.0,,1.0,,,,,,,,,,,,Atacante,234,29.22,Regular,False
155,0.6,284,3,2.93,True,87342,5.32,https://s3.glbimg.com/v1/AUTH_58d78b787ec34892b5aaa0c7a146155f/clubes_2025/silhuetas/GRE/FORMATO.png,Kannemann,7,kannemann,22,GRE,-1.15,Walter Kannemann,10,Kannemann,5.0,11.0,15.0,1.0,5.0,,,,,1.0,1.0,3.0,,,,,,,,,Zagueiro,254,23.64,Regular,False
156,0.0,277,4,2.16,False,87470,5.1,https://s3.glbimg.com/v1/AUTH_58d78b787ec34892b5aaa0c7a146155f/clubes_2025/silhuetas/SAN/FORMATO.png,Thaciano,6,thaciano,22,SAN,0.0,Thaciano Mickael da Silva,11,Thaciano,,7.0,2.0,3.0,6.0,1.0,7.0,,1.0,,,,,,,,,,,,Meia,0,0.0,Não Jogou,False
157,4.4,2305,4,3.21,True,87742,4.87,https://s3.glbimg.com/v1/AUTH_58d78b787ec34892b5aaa0c7a146155f/clubes_2025/silhuetas/MIR/FORMATO.png,N. Moura,7,neto-moura,22,MIR,-0.01,Antônio Francisco Moura Neto,18,Neto Moura,4.0,41.0,21.0,2.0,12.0,,,,,,,,,,,,,1.0,,,Meia,118,63.86,Regular,False
158,0.0,2305,4,2.07,False,87747,4.31,https://s3.glbimg.com/v1/AUTH_58d78b787ec34892b5aaa0c7a146155f/clubes_2025/silhuetas/MIR/FORMATO.png,Y. Felipe,6,yago-felipe,22,MIR,0.0,Yago Felipe da Costa Rocha,13,Yago Felipe,1.0,9.0,8.0,3.0,19.0,,,1.0,,,,,,,,,,,,,Meia,0,0.0,Não Jogou,False
159,0.0,263,3,0.0,False,87808,3.0,https://s3.glbimg.com/v1/AUTH_58d78b787ec34892b5aaa0c7a146155f/clubes_2025/silhuetas/BOT/FORMATO.png,P. Sampaio,6,philipe-sampaio,22,BOT,0.0,Philipe Sampaio Azevedo,0,Philipe Sampaio,,,,,,,,,,,,,,,,,,,,,Zagueiro,0,0.0,Não Jogou,False
160,0.0,267,3,1.93,False,87853,5.2,https://s3.glbimg.com/v1/AUTH_58d78b787ec34892b5aaa0c7a146155f/clubes_2025/silhuetas/VAS/FORMATO.png,M. Lemos,6,mauricio-lemos,22,VAS,0.0,Paolo Mauricio Lemos Merladett,4,Mauricio Lemos,,2.0,1.0,,,,,,,,,1.0,,,,,,,,,Zagueiro,0,0.0,Não Jogou,False
161,9.0,262,4,10.05,True,87863,18.98,https://s3.glbimg.com/v1/AUTH_58d78b787ec34892b5aaa0c7a146155f/clubes_2025/silhuetas/FLA/FORMATO.png,Arrascaeta,7,arrascaeta,22,FLA,-1.22,Giorgian Daniel de Arrascaeta Benedetti,19,Arrascaeta,1.0,10.0,9.0,13.0,30.0,12.0,2.0,10.0,3.0,2.0,1.0,,,,,,,,,,Meia,36,89.31,Bom,False
162,0.0,284,3,6.33,False,87887,8.94,https://s3.glbimg.com/v1/AUTH_58d78b787ec34892b5aaa0c7a146155f/clubes_2025/silhuetas/GRE/FORMATO.png,Balbuena,5,balbuena,22,GRE,0.0,Fabián Cornelio Balbuena González,3,Balbuena,,3.0,,,3.0,1.0,,,,,,1.0,,,,,,,,,Zagueiro,0,0.0,Não Jogou,False
163,6.1,282,4,3.82,True,87999,10.27,https://s3.glbimg.com/v1/AUTH_58d78b787ec34892b5aaa0c7a146155f/clubes_2025/silhuetas/CAM/FORMATO.png,G. Scarpa,7,gustavo-scarpa,22,CAM,0.53,Gustavo Henrique Furtado Scarpa,20,Gustavo Scarpa,2.0,13.0,14.0,15.0,27.0,2.0,3.0,1.0,9.0,,2.0,,,,,,,,,,Meia,86,74.4,Bom,False
164,8.0,292,3,4.26,True,88087,7.74,https://s3.glbimg.com/v1/AUTH_58d78b787ec34892b5aaa0c7a146155f/clubes_2025/silhuetas/SPT/FORMATO.png,R. Menezes,7,ramon-menezes,22,SPT,0.93,Ramon Menezes Roma,8,Ramon Menezes,,9.0,8.0,2.0,2.0,1.0,,,2.0,,,2.0,,,,,,,,,Zagueiro,45,86.45,Bom,False
165,0.0,285,1,0.0,False,88136,4.0,https://s3.glbimg.com/v1/AUTH_58d78b787ec34892b5aaa0c7a146155f/clubes_2025/silhuetas/INT/FORMATO.png,Ivan,5,ivan,22,INT,0.0,Ivan Quaresma da Silva,0,Ivan,,,,,,,,,,,,,,,,,,,,,Goleiro,0,0.0,Não Jogou,False
166,6.7,282,3,4.03,True,88312,6.83,https://s3.glbimg.com/v1/AUTH_58d78b787ec34892b5aaa0c7a146155f/clubes_2025/silhuetas/CAM/FORMATO.png,J. Alonso,7,junior-alonso,22,CAM,0.43,Júnior Osmar Ignacio Alonso Mujica,19,Junior Alonso,3.0,24.0,15.0,7.0,10.0,,,1.0,3.0,,,7.0,,1.0,,,,,,1.0,Zagueiro,71,78.77,Bom,False
167,0.0,264,5,2.07,False,88323,5.29,https://s3.glbimg.com/v1/AUTH_58d78b787ec34892b5aaa0c7a146155f/clubes_2025/silhuetas/COR/FORMATO.png,A. Romero,6,angel-romero,22,COR,0.0,Ángel Rodrigo Romero Villamayor,19,Ángel Romero,3.0,12.0,9.0,10.0,20.0,,7.0,1.0,4.0,,1.0,,,1.0,,,,,,,Atacante,0,0.0,Não Jogou,False
168,3.1,262,2,6.4,True,88393,10.02,https://s3.glbimg.com/v1/AUTH_58d78b787ec34892b5aaa0c7a146155f/clubes_2025/silhuetas/FLA/FORMATO.png,A. Lucas,7,ayrton-lucas,22,FLA,-0.34,Ayrton Lucas Dantas de Medeiros,8,Ayrton Lucas,1.0,11.0,10.0,1.0,7.0,1.0,,,2.0,,,5.0,,,,,,1.0,,,Lateral,159,52.11,Regular,False
169,1.0,292,2,2.6,True,88423,5.17,https://s3.glbimg.com/v1/AUTH_58d78b787ec34892b5aaa0c7a146155f/clubes_2025/silhuetas/SPT/FORMATO.png,Aderlan,7,aderlan,22,SPT,-0.21,Aderlan de Lima Silva,4,Aderlan,,3.0,1.0,1.0,3.0,,1.0,,,,,1.0,,,,,,1.0,,,Lateral,234,29.22,Regular,False
170,0.0,283,4,0.64,False,88479,3.42,https://s3.glbimg.com/v1/AUTH_58d78b787ec34892b5aaa0c7a146155f/clubes_2025/silhuetas/CRU/FORMATO.png,Walace,6,walace,22,CRU,0.0,Walace Souza Silva,8,Walace,2.0,6.0,8.0,,1.0,,,,,,,,,,,,,,,,Meia,0,0.0,Não Jogou,False
171,7.58,283,6,6.89,True,88963,11.09,https://s3.glbimg.com/v1/AUTH_58d78b787ec34892b5aaa0c7a146155f/clubes_2025/silhuetas/CRU/FORMATO.png,L. Jardim,7,leonardo-jardim,22,CRU,0.06,José Leonardo Nunes Alves Sousa Jardim,22,Leonardo Jardim,,,,,,,,,,,,,13.0,,,,,,,,Técnico,56,83.43,Bom,False
172,0.0,264,5,2.18,False,89048,4.39,https://s3.glbimg.com/v1/AUTH_58d78b787ec34892b5aaa0c7a146155f/clubes_2025/silhuetas/COR/FORMATO.png,H. Hernández,6,hector-hernandez,22,COR,0.0,Héctor José Hernández Marrero,9,Héctor Hernández,,5.0,4.0,2.0,3.0,1.0,2.0,,2.0,,,,,,,,,,,,Atacante,0,0.0,Não Jogou,False
173,0.0,284,2,2.43,False,89273,5.81,https://s3.glbimg.com/v1/AUTH_58d78b787ec34892b5aaa0c7a146155f/clubes_2025/silhuetas/GRE/FORMATO.png,J. Pedro,6,joao-pedro,22,GRE,0.0,João Pedro Maturano dos Santos,6,João Pedro,,7.0,5.0,,1.0,,1.0,,1.0,,,1.0,,,,,,1.0,,,Lateral,0,0.0,Não Jogou,False
174,0.0,275,4,0.0,False,89274,13.0,https://s3.glbimg.com/v1/AUTH_58d78b787ec34892b5aaa0c7a146155f/clubes_2025/silhuetas/PAL/FORMATO.png,A. Pereira,6,andreas-pereira,22,PAL,0.0,Andreas Hugo Hoelgebaum Pereira,0,Andreas Pereira,,,,,,,,,,,,,,,,,,,,,Meia,0,0.0,Não Jogou,False
175,6.2,283,2,8.64,True,89275,15.7,https://s3.glbimg.com/v1/AUTH_58d78b787ec34892b5aaa0c7a146155f/clubes_2025/silhuetas/CRU/FORMATO.png,William,7,william,22,CRU,-0.72,Willian de Asevedo Furtado,16,William,1.0,43.0,20.0,7.0,11.0,,2.0,3.0,4.0,,,10.0,,,,,,,,,Lateral,83,75.0,Bom,False
176,0.0,2305,4,0.0,False,89285,4.0,https://s3.glbimg.com/v1/AUTH_58d78b787ec34892b5aaa0c7a146155f/clubes_2025/silhuetas/MIR/FORMATO.png,M. Sales,6,matheus-sales,22,MIR,0.0,Matheus de Sales Cabral,0,Matheus Sales,,,,,,,,,,,,,,,,,,,,,Meia,0,0.0,Não Jogou,False
177,-0.6,284,5,4.43,True,89368,11.34,https://s3.glbimg.com/v1/AUTH_58d78b787ec34892b5aaa0c7a146155f/clubes_2025/silhuetas/GRE/FORMATO.png,Braithwaite,7,braithwaite,22,GRE,-0.57,Martin Christensen Braithwaite,16,Braithwaite,3.0,8.0,21.0,10.0,20.0,4.0,2.0,1.0,8.0,1.0,1.0,,,,,,,,,,Atacante,322,3.16,Ruim,False
178,5.0,266,3,3.96,True,89493,6.12,https://s3.glbimg.com/v1/AUTH_58d78b787ec34892b5aaa0c7a146155f/clubes_2025/silhuetas/FLU/FORMATO.png,I. Rabello,6,igor-rabello,22,FLU,0.12,Igor Rabello da Costa,5,Igor Rabello,,4.0,4.0,,,,,,,,,3.0,,,,,,,,,Zagueiro,103,68.98,Bom,False
179,1.5,285,4,2.74,True,89637,5.0,https://s3.glbimg.com/v1/AUTH_58d78b787ec34892b5aaa0c7a146155f/clubes_2025/silhuetas/INT/FORMATO.png,T. Maia,7,thiago-maia,22,INT,-0.08,Thiago Maia Alencar,17,Thiago Maia,1.0,22.0,10.0,2.0,6.0,1.0,,1.0,,,,,,,,,,,,,Meia,211,35.54,Regular,False
180,0.4,266,4,6.4,True,89837,9.57,https://s3.glbimg.com/v1/AUTH_58d78b787ec34892b5aaa0c7a146155f/clubes_2025/silhuetas/FLU/FORMATO.png,L. Acosta,7,lucho-acosta,22,FLU,-1.33,Luciano Federico Acosta,2,Lucho Acosta,1.0,3.0,2.0,,4.0,1.0,1.0,,,,,,,,,,,,,,Meia,264,20.03,Regular,False
181,0.0,276,5,-0.77,False,89840,5.78,https://s3.glbimg.com/v1/AUTH_58d78b787ec34892b5aaa0c7a146155f/clubes_2025/silhuetas/SAO/FORMATO.png,Calleri,5,calleri,22,SAO,0.0,Jonathan Calleri,3,Calleri,,1.0,2.0,2.0,2.0,,,,1.0,,,,,1.0,,,,,1.0,,Atacante,0,0.0,Não Jogou,False
182,1.5,284,4,2.16,True,89846,6.14,https://s3.glbimg.com/v1/AUTH_58d78b787ec34892b5aaa0c7a146155f/clubes_2025/silhuetas/GRE/FORMATO.png,Cristaldo,6,cristaldo,22,GRE,-0.14,Franco Cristaldo,14,Cristaldo,1.0,8.0,4.0,3.0,19.0,,1.0,1.0,3.0,,,,,,,,,,,,Meia,211,35.54,Regular,False
183,1.9,284,4,2.02,True,89883,4.26,https://s3.glbimg.com/v1/AUTH_58d78b787ec34892b5aaa0c7a146155f/clubes_2025/silhuetas/GRE/FORMATO.png,Dodi,7,dodi,22,GRE,0.45,Douglas Moreira Fagundes,16,Dodi,4.0,21.0,22.0,3.0,26.0,,,,,,,,,1.0,,,,1.0,,,Meia,198,40.36,Regular,False
184,9.7,356,2,4.25,True,90061,8.55,https://s3.glbimg.com/v1/AUTH_58d78b787ec34892b5aaa0c7a146155f/clubes_2025/silhuetas/FOR/FORMATO.png,B. Pacheco,7,bruno-pacheco,22,FOR,1.53,Bruno de Jesus Pacheco,4,Bruno Pacheco,1.0,8.0,3.0,,4.0,,1.0,1.0,,,,,,,,,,,,,Lateral,27,91.42,Bom,True
185,-0.4,262,5,2.63,True,90285,5.64,https://s3.glbimg.com/v1/AUTH_58d78b787ec34892b5aaa0c7a146155f/clubes_2025/silhuetas/FLA/FORMATO.png,B. Henrique,6,bruno-henrique,22,FLA,-1.27,Bruno Henrique Pinto,19,Bruno Henrique,4.0,12.0,25.0,11.0,18.0,2.0,10.0,,9.0,,,,,,,,,,,,Atacante,318,4.07,Ruim,False
186,0.0,262,5,1.56,False,90307,4.24,https://s3.glbimg.com/v1/AUTH_58d78b787ec34892b5aaa0c7a146155f/clubes_2025/silhuetas/FLA/FORMATO.png,Juninho,6,juninho,22,FLA,0.0,Olávio Vieira dos Santos Júnior,11,Juninho,,5.0,7.0,2.0,4.0,,2.0,,2.0,,2.0,,,,,,,,,,Atacante,0,0.0,Não Jogou,False
187,0.0,267,5,4.08,True,90309,6.41,https://s3.glbimg.com/v1/AUTH_58d78b787ec34892b5aaa0c7a146155f/clubes_2025/silhuetas/VAS/FORMATO.png,David,6,david,22,VAS,-0.08,David Correa da Fonseca,8,David,1.0,5.0,5.0,1.0,3.0,1.0,1.0,3.0,2.0,,,,,,,,,,,,Atacante,275,12.65,Regular,False
188,4.0,356,4,2.41,True,90370,5.16,https://s3.glbimg.com/v1/AUTH_58d78b787ec34892b5aaa0c7a146155f/clubes_2025/silhuetas/FOR/FORMATO.png,M. Pereira,7,matheus-pereira,22,FOR,0.35,Matheus Pereira da Silva,7,Matheus Pereira,2.0,5.0,7.0,1.0,3.0,,,2.0,1.0,,,,,,,,,,,,Meia,134,59.64,Regular,False
189,2.7,265,4,1.9,True,90449,3.76,https://s3.glbimg.com/v1/AUTH_58d78b787ec34892b5aaa0c7a146155f/clubes_2025/silhuetas/BAH/FORMATO.png,Rezende,6,rezende,22,BAH,0.46,Júlio César de Rezende Miranda,3,Rezende,,3.0,6.0,,6.0,,,,,,,,,,,,,,,,Meia,170,48.95,Regular,False
190,0.0,284,4,0.0,False,90532,10.0,https://s3.glbimg.com/v1/AUTH_58d78b787ec34892b5aaa0c7a146155f/clubes_2025/silhuetas/GRE/FORMATO.png,A. Melo,6,arthur-melo,22,GRE,0.0,Arthur Henrique Ramos de Oliveira Melo,0,Arthur Melo,,,,,,,,,,,,,,,,,,,,,Meia,0,0.0,Não Jogou,False
191,-0.2,286,4,1.98,True,90588,3.78,https://s3.glbimg.com/v1/AUTH_58d78b787ec34892b5aaa0c7a146155f/clubes_2025/silhuetas/JUV/FORMATO.png,Caíque,7,caique,22,JUV,-0.16,Caique de Jesus Gonçalves,13,Caíque,5.0,20.0,27.0,1.0,18.0,,,,,,,,,,,,,1.0,,,Meia,308,7.38,Ruim,False
192,7.7,2305,5,5.55,True,90608,8.99,https://s3.glbimg.com/v1/AUTH_58d78b787ec34892b5aaa0c7a146155f/clubes_2025/silhuetas/MIR/FORMATO.png,C. Costa,7,chico-da-costa,22,MIR,1.2,Francisco da Costa Aragão,9,Chico da Costa,,2.0,8.0,5.0,9.0,5.0,4.0,,1.0,,,,,,,,,,,,Atacante,50,84.94,Bom,False
193,-0.3,287,4,4.32,True,90703,9.4,https://s3.glbimg.com/v1/AUTH_58d78b787ec34892b5aaa0c7a146155f/clubes_2025/silhuetas/VIT/FORMATO.png,Matheuzinho,6,matheuzinho,22,VIT,-1.13,Matheus Martins Fogaça de Paulo,14,Matheuzinho,3.0,17.0,11.0,2.0,35.0,2.0,2.0,,8.0,,,,,1.0,,,,,,,Meia,310,5.87,Ruim,False
194,4.4,283,3,4.91,True,90768,8.62,https://s3.glbimg.com/v1/AUTH_58d78b787ec34892b5aaa0c7a146155f/clubes_2025/silhuetas/CRU/FORMATO.png,F. Bruno,7,fabricio-bruno,22,CRU,0.41,Fabrício Bruno Soares de Faria,21,Fabrício Bruno,4.0,23.0,13.0,3.0,14.0,2.0,,,1.0,,,10.0,,,,,,,,,Zagueiro,118,63.86,Regular,False
195,6.6,2305,5,2.63,True,90917,4.82,https://s3.glbimg.com/v1/AUTH_58d78b787ec34892b5aaa0c7a146155f/clubes_2025/silhuetas/MIR/FORMATO.png,C. Eduardo,6,carlos-eduardo,22,MIR,1.1,Carlos Eduardo Ferreira de Souza,9,Carlos Eduardo,1.0,3.0,6.0,1.0,8.0,,2.0,3.0,2.0,,,,,,,,,,,,Atacante,73,78.31,Bom,False
196,0.0,287,3,1.75,False,90943,3.07,https://s3.glbimg.com/v1/AUTH_58d78b787ec34892b5aaa0c7a146155f/clubes_2025/silhuetas/VIT/FORMATO.png,Z. Marcos,6,ze-marcos,22,VIT,0.0,José Marcos Alves Luis,17,Zé Marcos,3.0,8.0,14.0,,10.0,,1.0,,,,,4.0,,,,,,,,,Zagueiro,0,0.0,Não Jogou,False
197,1.5,265,1,4.45,True,91101,5.92,https://s3.glbimg.com/v1/AUTH_58d78b787ec34892b5aaa0c7a146155f/clubes_2025/silhuetas/BAH/FORMATO.png,Ronaldo,7,ronaldo,22,BAH,-0.91,Ronaldo de Oliveira Strada,10,Ronaldo,,,,,3.0,,,,,,,3.0,,,27.0,1.0,13.0,1.0,,,Goleiro,211,35.54,Regular,False
198,0.0,354,5,3.48,False,91130,6.11,https://s3.glbimg.com/v1/AUTH_58d78b787ec34892b5aaa0c7a146155f/clubes_2025/silhuetas/CEA/FORMATO.png,Fernandinho,5,fernandinho,22,CEA,0.0,Fernando José Marques Maciel,6,Fernandinho,1.0,8.0,4.0,4.0,4.0,,3.0,1.0,1.0,,,,,,,,,,,,Atacante,0,0.0,Não Jogou,False
199,3.0,263,3,5.77,True,91158,9.43,https://s3.glbimg.com/v1/AUTH_58d78b787ec34892b5aaa0c7a146155f/clubes_2025/silhuetas/BOT/FORMATO.png,Kaio,7,kaio,22,BOT,-0.04,Kaio Fernando da Silva Pantaleão,6,Kaio,,7.0,5.0,4.0,10.0,,,,2.0,,,3.0,,,,,,,,,Zagueiro,162,51.36,Regular,False
200,0.8,354,3,0.8,True,91203,2.82,https://s3.glbimg.com/v1/AUTH_58d78b787ec34892b5aaa0c7a146155f/clubes_2025/silhuetas/CEA/FORMATO.png,Éder,7,eder,22,CEA,-0.08,Éder Ferreira Graminho,2,Éder,,,3.0,1.0,1.0,,,,1.0,,,,,,,,,,,,Zagueiro,241,25.9,Regular,False
201,0.0,262,4,2.89,False,91473,6.34,https://s3.glbimg.com/v1/AUTH_58d78b787ec34892b5aaa0c7a146155f/clubes_2025/silhuetas/FLA/FORMATO.png,E. Pulgar,5,erick-pulgar,22,FLA,0.0,Erick Antonio Pulgar Farfán,9,Erick Pulgar,2.0,12.0,13.0,,7.0,1.0,,,2.0,,,,,,,,,,,,Meia,0,0.0,Não Jogou,False
202,0.0,286,3,2.04,False,91509,4.25,https://s3.glbimg.com/v1/AUTH_58d78b787ec34892b5aaa0c7a146155f/clubes_2025/silhuetas/JUV/FORMATO.png,R. Sam,5,rodrigo-sam,22,JUV,0.0,Rodrigo Eduardo da Silva,5,Rodrigo Sam,2.0,8.0,8.0,1.0,4.0,,2.0,,,,,,,,,,,,,,Zagueiro,0,0.0,Não Jogou,False
203,0.0,276,3,5.9,False,91573,10.16,https://s3.glbimg.com/v1/AUTH_58d78b787ec34892b5aaa0c7a146155f/clubes_2025/silhuetas/SAO/FORMATO.png,Arboleda,5,arboleda,22,SAO,0.0,Robert Abel Arboleda Escobar,13,Arboleda,2.0,20.0,9.0,5.0,7.0,3.0,2.0,,,,,4.0,,,,,,,,,Zagueiro,0,0.0,Não Jogou,False
204,0.0,282,5,4.25,True,91607,9.61,https://s3.glbimg.com/v1/AUTH_58d78b787ec34892b5aaa0c7a146155f/clubes_2025/silhuetas/CAM/FORMATO.png,Rony,6,rony,22,CAM,-0.22,Ronielson da Silva Barbosa,19,Rony,3.0,15.0,34.0,11.0,34.0,3.0,15.0,,16.0,1.0,1.0,,,,,,,,,,Atacante,275,12.65,Regular,False
205,0.0,286,4,0.0,False,91627,3.0,https://s3.glbimg.com/v1/AUTH_58d78b787ec34892b5aaa0c7a146155f/clubes_2025/silhuetas/JUV/FORMATO.png,D. Vieira,6,dudu-vieira,22,JUV,0.0,Carlos Eduardo de Souza Vieira,0,Dudu Vieira,,,,,,,,,,,,,,,,,,,,,Meia,0,0.0,Não Jogou,False
206,0.0,292,2,4.97,False,91639,8.06,https://s3.glbimg.com/v1/AUTH_58d78b787ec34892b5aaa0c7a146155f/clubes_2025/silhuetas/SPT/FORMATO.png,I. Cariús,5,igor-carius,22,SPT,0.0,Igor Aquino da Silva,15,Igor Cariús,1.0,31.0,17.0,4.0,19.0,,5.0,,5.0,,,4.0,,,,,,1.0,,1.0,Lateral,0,0.0,Não Jogou,False
207,8.8,284,2,5.49,True,91706,8.41,https://s3.glbimg.com/v1/AUTH_58d78b787ec34892b5aaa0c7a146155f/clubes_2025/silhuetas/GRE/FORMATO.png,Marlon,7,marlon,22,GRE,0.49,Marlon Rodrigues Xavier,15,Marlon,2.0,36.0,15.0,2.0,14.0,,,1.0,1.0,,,4.0,,,,,,,,,Lateral,39,88.55,Bom,False
208,1.5,265,3,3.08,True,91772,4.98,https://s3.glbimg.com/v1/AUTH_58d78b787ec34892b5aaa0c7a146155f/clubes_2025/silhuetas/BAH/FORMATO.png,D. Duarte,7,david-duarte,22,BAH,-0.58,David de Duarte Macedo,17,David Duarte,2.0,8.0,12.0,6.0,8.0,,1.0,,2.0,,,7.0,,,,,,,,,Zagueiro,211,35.54,Regular,False
209,0.0,292,1,3.52,False,91808,6.53,https://s3.glbimg.com/v1/AUTH_58d78b787ec34892b5aaa0c7a146155f/clubes_2025/silhuetas/SPT/FORMATO.png,C. França,6,caique-franca,22,SPT,0.0,Caíque França Godoy,12,Caíque França,2.0,2.0,,,1.0,,,,,,,2.0,,,39.0,,20.0,,,,Goleiro,0,0.0,Não Jogou,False
210,7.0,277,3,4.37,True,91866,7.35,https://s3.glbimg.com/v1/AUTH_58d78b787ec34892b5aaa0c7a146155f/clubes_2025/silhuetas/SAN/FORMATO.png,Z. Ivaldo,7,ze-ivaldo,22,SAN,0.46,José Ivaldo Almeida Silva,13,Zé Ivaldo,4.0,20.0,13.0,10.0,10.0,1.0,3.0,,,,,3.0,,,,,,1.0,,,Zagueiro,66,80.27,Bom,False
211,0.8,284,5,2.56,True,91908,4.83,https://s3.glbimg.com/v1/AUTH_58d78b787ec34892b5aaa0c7a146155f/clubes_2025/silhuetas/GRE/FORMATO.png,Pavón,6,pavon,22,GRE,-0.55,Cristian David Pavón,11,Pavón,4.0,10.0,6.0,5.0,8.0,,,1.0,5.0,,,,,,,,,,,,Atacante,241,25.9,Regular,False
212,0.0,286,5,1.72,False,92085,3.2,https://s3.glbimg.com/v1/AUTH_58d78b787ec34892b5aaa0c7a146155f/clubes_2025/silhuetas/JUV/FORMATO.png,Giovanny,6,giovanny,22,JUV,0.0,Giovanny Bariani Marques,10,Giovanny,,3.0,4.0,5.0,10.0,,1.0,1.0,,,,,,,,,,,,,Atacante,0,0.0,Não Jogou,False
213,0.0,282,3,5.46,False,92087,8.86,https://s3.glbimg.com/v1/AUTH_58d78b787ec34892b5aaa0c7a146155f/clubes_2025/silhuetas/CAM/FORMATO.png,Lyanco,5,lyanco,22,CAM,0.0,Lyanco Evangelista Silveira Neves Vojnovic,12,Lyanco,4.0,28.0,22.0,4.0,17.0,,2.0,,3.0,,,5.0,,2.0,,,,,,,Zagueiro,0,0.0,Não Jogou,False
214,5.7,263,5,7.11,True,92171,13.26,https://s3.glbimg.com/v1/AUTH_58d78b787ec34892b5aaa0c7a146155f/clubes_2025/silhuetas/BOT/FORMATO.png,A. Cabral,7,arthur-cabral,22,BOT,-0.28,Arthur Mendonça Cabral,8,Arthur Cabral,,6.0,10.0,7.0,13.0,3.0,2.0,1.0,5.0,1.0,1.0,,,,,,,,,,Atacante,92,72.44,Bom,False
215,3.2,285,3,2.72,True,92182,4.62,https://s3.glbimg.com/v1/AUTH_58d78b787ec34892b5aaa0c7a146155f/clubes_2025/silhuetas/INT/FORMATO.png,Juninho,7,juninho,22,INT,0.31,José Carlos Ferreira Júnior,9,Juninho,2.0,12.0,4.0,6.0,5.0,,,,2.0,,,,,,,,,,,,Zagueiro,153,53.61,Regular,False
216,0.0,284,3,0.6,False,92237,4.75,https://s3.glbimg.com/v1/AUTH_58d78b787ec34892b5aaa0c7a146155f/clubes_2025/silhuetas/GRE/FORMATO.png,R. Ely,5,rodrigo-ely,22,GRE,0.0,Rodrigo Ely,2,Rodrigo Ely,,1.0,1.0,,,,,,,,,,,,,,,,,,Zagueiro,0,0.0,Não Jogou,False
217,2.0,264,3,3.43,True,92440,5.93,https://s3.glbimg.com/v1/AUTH_58d78b787ec34892b5aaa0c7a146155f/clubes_2025/silhuetas/COR/FORMATO.png,A. Ramalho,7,andre-ramalho,22,COR,0.01,André Ramalho Silva,16,André Ramalho,4.0,21.0,18.0,7.0,6.0,,,,,,,5.0,,,,,,1.0,,,Zagueiro,190,42.02,Regular,False
218,3.7,287,5,5.89,True,92696,9.85,https://s3.glbimg.com/v1/AUTH_58d78b787ec34892b5aaa0c7a146155f/clubes_2025/silhuetas/VIT/FORMATO.png,R. Kayzer,7,renato-kayzer,22,VIT,0.22,Renato Kayzer de Souza,15,Renato Kayzer,1.0,6.0,21.0,8.0,30.0,7.0,9.0,,6.0,,1.0,,,,,,,,,,Atacante,144,56.78,Regular,False
219,4.81,292,6,4.96,True,92702,8.08,https://s3.glbimg.com/v1/AUTH_58d78b787ec34892b5aaa0c7a146155f/clubes_2025/silhuetas/SPT/FORMATO.png,D. Paulista,7,daniel-paulista,22,SPT,0.42,Daniel Pollo Barioni,9,Daniel Paulista,,,,,,,,,,,,,1.0,,,,,,,,Técnico,110,67.17,Regular,False
220,0.0,356,5,3.04,False,92708,5.47,https://s3.glbimg.com/v1/AUTH_58d78b787ec34892b5aaa0c7a146155f/clubes_2025/silhuetas/FOR/FORMATO.png,Deyverson,6,deyverson,22,FOR,0.0,Deyverson Brum Silva Acosta,14,Deyverson,1.0,4.0,12.0,11.0,14.0,2.0,3.0,,3.0,,2.0,,,,,,,,,,Atacante,0,0.0,Não Jogou,False
221,0.0,275,5,0.0,False,92811,6.0,https://s3.glbimg.com/v1/AUTH_58d78b787ec34892b5aaa0c7a146155f/clubes_2025/silhuetas/PAL/FORMATO.png,B. Rodrigues,6,bruno-rodrigues,22,PAL,0.0,Bruno Rafael Rodrigues do Nascimento,0,Bruno Rodrigues,,,,,,,,,,,,,,,,,,,,,Atacante,0,0.0,Não Jogou,False
222,0.0,285,5,3.86,False,92854,9.38,https://s3.glbimg.com/v1/AUTH_58d78b787ec34892b5aaa0c7a146155f/clubes_2025/silhuetas/INT/FORMATO.png,Borré,3,borre,22,INT,0.0,Rafael Santos Borré Maury,16,Borré,1.0,11.0,19.0,9.0,5.0,4.0,5.0,1.0,5.0,,1.0,,,1.0,,,,,,,Atacante,0,0.0,Não Jogou,False
223,0.0,285,4,1.95,False,92981,4.2,https://s3.glbimg.com/v1/AUTH_58d78b787ec34892b5aaa0c7a146155f/clubes_2025/silhuetas/INT/FORMATO.png,Ronaldo,5,ronaldo,22,INT,0.0,Ronaldo da Silva Souza Guerrero,11,Ronaldo,3.0,19.0,20.0,2.0,2.0,,2.0,,2.0,,,,,1.0,,,,,,,Meia,0,0.0,Não Jogou,False
224,0.0,354,2,3.62,False,93236,5.29,https://s3.glbimg.com/v1/AUTH_58d78b787ec34892b5aaa0c7a146155f/clubes_2025/silhuetas/CEA/FORMATO.png,R. Ramos,6,rafael-ramos,22,CEA,0.0,Rafael António Figueiredo Ramos,13,Rafael Ramos,2.0,16.0,15.0,3.0,2.0,,,,1.0,,,5.0,,,,,,,,,Lateral,0,0.0,Não Jogou,False
225,0.0,277,3,4.42,False,93372,7.74,https://s3.glbimg.com/v1/AUTH_58d78b787ec34892b5aaa0c7a146155f/clubes_2025/silhuetas/SAN/FORMATO.png,J. Basso,6,joao-basso,22,SAN,0.0,João Othávio Basso,6,João Basso,2.0,7.0,10.0,,6.0,1.0,,,,,,2.0,,,,,,,,,Zagueiro,0,0.0,Não Jogou,False
226,3.0,287,5,3.4,True,93411,5.78,https://s3.glbimg.com/v1/AUTH_58d78b787ec34892b5aaa0c7a146155f/clubes_2025/silhuetas/VIT/FORMATO.png,Cantalapiedra,7,cantalapiedra,22,VIT,0.18,Aitor Cantalapiedra Fernández,4,Cantalapiedra,,2.0,1.0,2.0,4.0,,1.0,1.0,2.0,,,,,,,,,,,,Atacante,162,51.36,Regular,False
227,1.7,283,5,2.17,True,93478,5.06,https://s3.glbimg.com/v1/AUTH_58d78b787ec34892b5aaa0c7a146155f/clubes_2025/silhuetas/CRU/FORMATO.png,Wanderson,7,wanderson,22,CRU,-0.76,Wanderson Maciel Sousa Campos,21,Wanderson,2.0,9.0,24.0,15.0,12.0,,6.0,2.0,9.0,,1.0,,,,,,,,,,Atacante,203,38.55,Regular,False
228,0.0,267,2,7.65,False,93716,13.13,https://s3.glbimg.com/v1/AUTH_58d78b787ec34892b5aaa0c7a146155f/clubes_2025/silhuetas/VAS/FORMATO.png,P. Henrique,6,paulo-henrique,22,VAS,0.0,Paulo Henrique de Oliveira Alves,14,Paulo Henrique,6.0,48.0,32.0,4.0,9.0,,1.0,3.0,6.0,,2.0,3.0,,,,,,,,,Lateral,0,0.0,Não Jogou,False
229,0.0,263,4,2.33,True,93790,5.17,https://s3.glbimg.com/v1/AUTH_58d78b787ec34892b5aaa0c7a146155f/clubes_2025/silhuetas/BOT/FORMATO.png,M. Freitas,6,marlon-freitas,22,BOT,-0.39,Marlon Rodrigues Freitas,17,Marlon Freitas,3.0,13.0,19.0,7.0,7.0,,,3.0,4.0,,,,,,,,,,,,Meia,275,12.65,Regular,False
230,0.0,354,1,0.0,False,93834,3.0,https://s3.glbimg.com/v1/AUTH_58d78b787ec34892b5aaa0c7a146155f/clubes_2025/silhuetas/CEA/FORMATO.png,Keiller,6,keiller,22,CEA,0.0,Keiller da Silva Nunes,0,Keiller,,,,,,,,,,,,,,,,,,,,,Goleiro,0,0.0,Não Jogou,False
231,0.4,280,1,4.28,True,93882,7.08,https://s3.glbimg.com/v1/AUTH_58d78b787ec34892b5aaa0c7a146155f/clubes_2025/silhuetas/RBB/FORMATO.png,Cleiton,7,cleiton,22,RBB,-0.4,Cleiton Schwengber,19,Cleiton,4.0,,,,5.0,,,,,,,5.0,,,66.0,,28.0,,,,Goleiro,264,20.03,Regular,False
232,4.3,292,4,5.23,True,93886,7.74,https://s3.glbimg.com/v1/AUTH_58d78b787ec34892b5aaa0c7a146155f/clubes_2025/silhuetas/SPT/FORMATO.png,Matheusinho,7,matheusinho,22,SPT,0.02,Matheus Leonardo Sales Cardoso,8,Matheusinho,,9.0,6.0,6.0,10.0,1.0,1.0,2.0,2.0,,,,,,,,,,,,Meia,126,62.35,Regular,False
233,1.2,356,5,3.8,True,93988,6.58,https://s3.glbimg.com/v1/AUTH_58d78b787ec34892b5aaa0c7a146155f/clubes_2025/silhuetas/FOR/FORMATO.png,B. Lopes,7,breno-lopes,22,FOR,-0.88,Breno Henrique Vasconcelos Lopes,13,Breno Lopes,2.0,3.0,7.0,9.0,22.0,3.0,10.0,,4.0,,1.0,,,,,,,,,,Atacante,226,31.33,Regular,False
234,0.0,263,1,6.11,False,94044,10.88,https://s3.glbimg.com/v1/AUTH_58d78b787ec34892b5aaa0c7a146155f/clubes_2025/silhuetas/BOT/FORMATO.png,John,6,john,22,BOT,0.0,John Victor Maciel Furtado,16,John,2.0,1.0,1.0,,3.0,,,,,,,9.0,,,47.0,,9.0,,,,Goleiro,0,0.0,Não Jogou,False
235,0.0,280,4,2.02,False,94067,4.46,https://s3.glbimg.com/v1/AUTH_58d78b787ec34892b5aaa0c7a146155f/clubes_2025/silhuetas/RBB/FORMATO.png,M. Fernandes,6,matheus-fernandes,22,RBB,0.0,Matheus Fernandes Siqueira,9,Matheus Fernandes,1.0,13.0,7.0,1.0,2.0,,,,,,,,,,,,,,,,Meia,0,0.0,Não Jogou,False
236,2.2,264,4,2.08,True,94154,4.02,https://s3.glbimg.com/v1/AUTH_58d78b787ec34892b5aaa0c7a146155f/clubes_2025/silhuetas/COR/FORMATO.png,Maycon,7,maycon,22,COR,-0.94,Maycon de Andrade Barberan,13,Maycon,,11.0,6.0,3.0,4.0,1.0,,,,,,,,,,,,,,,Meia,183,44.58,Regular,False
237,0.8,277,5,6.87,True,94207,9.4,https://s3.glbimg.com/v1/AUTH_58d78b787ec34892b5aaa0c7a146155f/clubes_2025/silhuetas/SAN/FORMATO.png,Guilherme,7,guilherme,22,SAN,-0.96,Guilherme Augusto Vieira dos Santos,15,Guilherme,,26.0,7.0,14.0,27.0,3.0,10.0,2.0,7.0,,,,,,,,,,,,Atacante,241,25.9,Regular,False
238,2.9,286,5,1.96,True,94444,3.96,https://s3.glbimg.com/v1/AUTH_58d78b787ec34892b5aaa0c7a146155f/clubes_2025/silhuetas/JUV/FORMATO.png,M. Babi,6,matheus-babi,22,JUV,0.47,Matheus Barcelos da Silva,12,Matheus Babi,4.0,6.0,13.0,3.0,9.0,2.0,4.0,,,,,,,,,,,,,,Atacante,164,50.6,Regular,False
239,0.0,275,4,2.25,False,94509,10.89,https://s3.glbimg.com/v1/AUTH_58d78b787ec34892b5aaa0c7a146155f/clubes_2025/silhuetas/PAL/FORMATO.png,R. Veiga,6,raphael-veiga,22,PAL,0.0,Raphael Cavalcante Veiga,10,Raphael Veiga,,4.0,9.0,4.0,15.0,,,1.0,2.0,1.0,,,,,,,,,,,Meia,0,0.0,Não Jogou,False
240,0.0,267,3,2.5,True,94514,4.79,https://s3.glbimg.com/v1/AUTH_58d78b787ec34892b5aaa0c7a146155f/clubes_2025/silhuetas/VAS/FORMATO.png,L. Oliveira,6,lucas-oliveira,22,VAS,-0.77,Lucas da Cruz Oliveira,2,Lucas Oliveira,,,,,,,,,,,,1.0,,,,,,,,,Zagueiro,275,12.65,Regular,False
241,9.1,262,5,8.48,True,94583,17.55,https://s3.glbimg.com/v1/AUTH_58d78b787ec34892b5aaa0c7a146155f/clubes_2025/silhuetas/FLA/FORMATO.png,Pedro,7,pedro,22,FLA,-2.54,Pedro Guilherme Abreu dos Santos,15,Pedro,3.0,8.0,9.0,2.0,8.0,10.0,1.0,4.0,13.0,1.0,1.0,,,,,,,,1.0,,Atacante,35,89.76,Bom,False
242,0.0,286,4,3.0,False,94931,5.77,https://s3.glbimg.com/v1/AUTH_58d78b787ec34892b5aaa0c7a146155f/clubes_2025/silhuetas/JUV/FORMATO.png,L. Fernandes,5,lucas-fernandes,22,JUV,0.0,Lucas Fernandes da Silva,1,Lucas Fernandes,,1.0,1.0,1.0,2.0,,,,,,,,,,,,,,,,Meia,0,0.0,Não Jogou,False
243,0.0,280,2,8.26,False,94968,11.57,https://s3.glbimg.com/v1/AUTH_58d78b787ec34892b5aaa0c7a146155f/clubes_2025/silhuetas/RBB/FORMATO.png,J. Capixaba,5,juninho-capixaba,22,RBB,0.0,Luis Antônio da Rocha Júnior,12,Juninho Capixaba,1.0,29.0,17.0,7.0,27.0,1.0,1.0,,4.0,,,6.0,,,,,,,,,Lateral,0,0.0,Não Jogou,False
244,0.0,263,3,0.0,False,95106,3.0,https://s3.glbimg.com/v1/AUTH_58d78b787ec34892b5aaa0c7a146155f/clubes_2025/silhuetas/BOT/FORMATO.png,G. Bahia,6,gabriel-bahia,22,BOT,0.0,Gabriel Henrique Feitosa da Silva,0,Gabriel Bahia,,,,,,,,,,,,,,,,,,,,,Zagueiro,0,0.0,Não Jogou,False
245,2.2,354,2,2.98,True,95127,5.27,https://s3.glbimg.com/v1/AUTH_58d78b787ec34892b5aaa0c7a146155f/clubes_2025/silhuetas/CEA/FORMATO.png,Nicolas,7,nicolas,22,CEA,-0.68,Nicolas Vecchiato da Silva - Vichiatto / Vechiatto,9,Nicolas,1.0,7.0,8.0,2.0,4.0,,,,1.0,,,3.0,,,,,,,,,Lateral,183,44.58,Regular,False
246,2.0,286,5,4.54,True,95131,8.2,https://s3.glbimg.com/v1/AUTH_58d78b787ec34892b5aaa0c7a146155f/clubes_2025/silhuetas/JUV/FORMATO.png,G. Taliari,7,gabriel-taliari,22,JUV,-0.27,Gabriel Pereira Taliari,18,Gabriel Taliari,1.0,15.0,24.0,9.0,29.0,3.0,3.0,2.0,5.0,,2.0,,,,,,,,,,Atacante,190,42.02,Regular,False
247,-1.9,286,4,0.37,True,95354,1.74,https://s3.glbimg.com/v1/AUTH_58d78b787ec34892b5aaa0c7a146155f/clubes_2025/silhuetas/JUV/FORMATO.png,Giraldo,6,giraldo,22,JUV,-0.36,Daniel Eduardo Giraldo Cárdenas,12,Giraldo,3.0,6.0,15.0,2.0,3.0,,1.0,,,,,,,,,,,,,,Meia,332,0.3,Ruim,False
248,-0.7,292,4,2.69,True,95357,4.35,https://s3.glbimg.com/v1/AUTH_58d78b787ec34892b5aaa0c7a146155f/clubes_2025/silhuetas/SPT/FORMATO.png,Rivera,7,rivera,22,SPT,-0.18,Christian Hernando Rivera Cuéllar,18,Rivera,5.0,38.0,46.0,,21.0,,2.0,,,,,,,,,,,,,,Meia,324,2.71,Ruim,False
249,8.0,277,2,3.24,True,95466,7.25,https://s3.glbimg.com/v1/AUTH_58d78b787ec34892b5aaa0c7a146155f/clubes_2025/silhuetas/SAN/FORMATO.png,I. Vinícius,6,igor-vinicius,22,SAN,1.36,Igor Vinícius de Souza,9,Igor Vinícius,2.0,10.0,8.0,3.0,5.0,,,,3.0,,,2.0,,,,,,,,,Lateral,45,86.45,Bom,False
250,1.7,264,4,3.54,True,95556,5.77,https://s3.glbimg.com/v1/AUTH_58d78b787ec34892b5aaa0c7a146155f/clubes_2025/silhuetas/COR/FORMATO.png,Raniele,7,raniele,22,COR,-0.49,Raniele Almeida Melo,18,Raniele,4.0,31.0,21.0,4.0,29.0,,,1.0,4.0,,,,,,,,,,,,Meia,203,38.55,Regular,False
251,0.0,292,4,0.0,False,95662,5.0,https://s3.glbimg.com/v1/AUTH_58d78b787ec34892b5aaa0c7a146155f/clubes_2025/silhuetas/SPT/FORMATO.png,L. Kal,6,lucas-kal,22,SPT,0.0,Lucas Kal Schenfeld Prigioli,0,Lucas Kal,,,,,,,,,,,,,,,,,,,,,Meia,0,0.0,Não Jogou,False
252,6.2,263,5,4.72,True,95799,9.43,https://s3.glbimg.com/v1/AUTH_58d78b787ec34892b5aaa0c7a146155f/clubes_2025/silhuetas/BOT/FORMATO.png,Artur,6,artur,22,BOT,0.57,Artur Victor Guimarães,15,Artur,1.0,8.0,8.0,10.0,16.0,2.0,1.0,4.0,6.0,,1.0,,,,,,,,,,Atacante,83,75.0,Bom,False
253,0.0,267,1,-0.7,False,95936,2.04,https://s3.glbimg.com/v1/AUTH_58d78b787ec34892b5aaa0c7a146155f/clubes_2025/silhuetas/VAS/FORMATO.png,D. Fuzato,6,daniel-fuzato,22,VAS,0.0,Daniel Cerântula Fuzato,2,Daniel Fuzato,,,,,,,,,,,,,,,2.0,,4.0,,,,Goleiro,0,0.0,Não Jogou,False
254,0.0,266,4,1.97,False,96340,4.68,https://s3.glbimg.com/v1/AUTH_58d78b787ec34892b5aaa0c7a146155f/clubes_2025/silhuetas/FLU/FORMATO.png,Lima,6,lima,22,FLU,0.0,Vinícius Moreira de Lima,14,Lima,2.0,4.0,12.0,6.0,18.0,1.0,1.0,,2.0,,1.0,,,,,,,,,,Meia,0,0.0,Não Jogou,False
255,-0.4,264,4,1.49,True,96342,2.96,https://s3.glbimg.com/v1/AUTH_58d78b787ec34892b5aaa0c7a146155f/clubes_2025/silhuetas/COR/FORMATO.png,Charles,7,charles,22,COR,-1.15,Charles Rigon Mattos,11,Charles,2.0,15.0,17.0,,2.0,,2.0,,1.0,,,,,,,,,1.0,,,Meia,318,4.07,Ruim,False
256,0.4,263,5,1.76,True,96353,7.71,https://s3.glbimg.com/v1/AUTH_58d78b787ec34892b5aaa0c7a146155f/clubes_2025/silhuetas/BOT/FORMATO.png,J. Correa,6,joaquin-correa,22,BOT,-0.25,Carlos Joaquín Correa,9,Joaquín Correa,1.0,5.0,3.0,2.0,8.0,,2.0,,4.0,,,,,,,,,,,,Atacante,264,20.03,Regular,False
257,10.9,283,4,8.14,True,96610,15.63,https://s3.glbimg.com/v1/AUTH_58d78b787ec34892b5aaa0c7a146155f/clubes_2025/silhuetas/CRU/FORMATO.png,M. Pereira,7,matheus-pereira,22,CRU,-0.07,Matheus Fellipe Costa Pereira,20,Matheus Pereira,5.0,30.0,24.0,15.0,63.0,5.0,5.0,6.0,14.0,,,,,,,,,,,,Meia,17,94.88,Muito Bom,True
258,0.0,262,4,0.45,False,96652,2.04,https://s3.glbimg.com/v1/AUTH_58d78b787ec34892b5aaa0c7a146155f/clubes_2025/silhuetas/FLA/FORMATO.png,Allan,6,allan,22,FLA,0.0,Allan Rodrigues de Souza,11,Allan,2.0,3.0,17.0,2.0,7.0,,,,2.0,,,,,,,,,,,,Meia,0,0.0,Não Jogou,False
259,0.0,282,2,3.48,False,96725,6.02,https://s3.glbimg.com/v1/AUTH_58d78b787ec34892b5aaa0c7a146155f/clubes_2025/silhuetas/CAM/FORMATO.png,Saravia,5,saravia,22,CAM,0.0,Renzo Saravia,8,Saravia,1.0,6.0,11.0,2.0,3.0,,,,,,,4.0,,,,,,,,,Lateral,0,0.0,Não Jogou,False
260,5.4,287,3,5.4,True,96793,5.67,https://s3.glbimg.com/v1/AUTH_58d78b787ec34892b5aaa0c7a146155f/clubes_2025/silhuetas/VIT/FORMATO.png,Camutanga,7,camutanga,22,VIT,1.67,Cleidson Andrade da Souza Silva,1,Camutanga,,,,,1.0,,1.0,,,,,1.0,,,,,,,,,Zagueiro,97,70.78,Bom,False
261,2.3,287,5,2.02,True,96831,4.71,https://s3.glbimg.com/v1/AUTH_58d78b787ec34892b5aaa0c7a146155f/clubes_2025/silhuetas/VIT/FORMATO.png,Carlinhos,6,carlinhos,22,VIT,0.14,Carlos Moisés de Lima,4,Carlinhos,2.0,1.0,8.0,4.0,,1.0,2.0,,,,,,,,,,,,,,Atacante,180,45.78,Regular,False
262,0.0,262,2,2.7,True,96870,8.88,https://s3.glbimg.com/v1/AUTH_58d78b787ec34892b5aaa0c7a146155f/clubes_2025/silhuetas/FLA/FORMATO.png,E. Royal,6,emerson-royal,22,FLA,-1.61,Emerson Aparecido Leite de Souza Júnior,3,Emerson Royal,,4.0,4.0,1.0,5.0,,,,,,,,,,,,,,,,Lateral,275,12.65,Regular,False
263,0.0,286,1,0.0,False,96874,4.0,https://s3.glbimg.com/v1/AUTH_58d78b787ec34892b5aaa0c7a146155f/clubes_2025/silhuetas/JUV/FORMATO.png,Guruceaga,6,guruceaga,22,JUV,0.0,Gastón Guruceaga Fagúndez,0,Guruceaga,,,,,,,,,,,,,,,,,,,,,Goleiro,0,0.0,Não Jogou,False
264,0.0,284,4,3.93,False,97145,9.45,https://s3.glbimg.com/v1/AUTH_58d78b787ec34892b5aaa0c7a146155f/clubes_2025/silhuetas/GRE/FORMATO.png,Villasanti,5,villasanti,22,GRE,0.0,Mathías Adalberto Villasanti Rolón,15,Villasanti,5.0,42.0,24.0,4.0,10.0,,,,,,,,,,,,,,,,Meia,0,0.0,Não Jogou,False
265,7.5,2305,5,3.77,True,97321,6.44,https://s3.glbimg.com/v1/AUTH_58d78b787ec34892b5aaa0c7a146155f/clubes_2025/silhuetas/MIR/FORMATO.png,Alesson,6,alesson,22,MIR,1.0,Alesson dos Santos Batista,8,Alesson,,4.0,11.0,,4.0,2.0,5.0,2.0,,,,,,,,,,,,,Atacante,57,83.13,Bom,False
266,4.05,265,6,5.65,True,97341,9.05,https://s3.glbimg.com/v1/AUTH_58d78b787ec34892b5aaa0c7a146155f/clubes_2025/silhuetas/BAH/FORMATO.png,R. Ceni,7,rogerio-ceni,22,BAH,-0.51,Rogério Mücke Ceni,20,Rogério Ceni,,,,,,,,,,,,,10.0,,,,,,,,Técnico,133,60.24,Regular,False
267,9.5,2305,3,2.76,True,97460,4.15,https://s3.glbimg.com/v1/AUTH_58d78b787ec34892b5aaa0c7a146155f/clubes_2025/silhuetas/MIR/FORMATO.png,J. Victor,7,joao-victor,22,MIR,0.85,João Victor Carroll Santana,17,João Victor,4.0,12.0,14.0,3.0,7.0,1.0,1.0,1.0,1.0,,,4.0,,1.0,,,,,,,Zagueiro,33,90.36,Bom,True
268,0.3,263,2,6.42,True,97468,8.6,https://s3.glbimg.com/v1/AUTH_58d78b787ec34892b5aaa0c7a146155f/clubes_2025/silhuetas/BOT/FORMATO.png,Marçal,7,marcal,22,BOT,-0.46,Fernando Marçal de Oliveira,6,Marçal,2.0,7.0,11.0,1.0,1.0,2.0,,,,,,3.0,,,,,,,,,Lateral,270,18.83,Regular,False
269,0.0,2305,4,0.0,False,97520,6.0,https://s3.glbimg.com/v1/AUTH_58d78b787ec34892b5aaa0c7a146155f/clubes_2025/silhuetas/MIR/FORMATO.png,Shaylon,6,shaylon,22,MIR,0.0,Shaylon Kallyson Cardozo - Cardoso,0,Shaylon,,,,,,,,,,,,,,,,,,,,,Meia,0,0.0,Não Jogou,False
270,0.0,264,3,3.72,False,97642,6.74,https://s3.glbimg.com/v1/AUTH_58d78b787ec34892b5aaa0c7a146155f/clubes_2025/silhuetas/COR/FORMATO.png,F. Torres,6,felix-torres,22,COR,0.0,Félix Eduardo Torres Caicedo,9,Félix Torres,1.0,14.0,12.0,2.0,1.0,,,,,,,3.0,,,,,,,,,Zagueiro,0,0.0,Não Jogou,False
271,0.0,287,1,0.0,False,97645,3.0,https://s3.glbimg.com/v1/AUTH_58d78b787ec34892b5aaa0c7a146155f/clubes_2025/silhuetas/VIT/FORMATO.png,T. Couto,6,thiago-couto,22,VIT,0.0,Thiago Couto Wenceslau,0,Thiago Couto,,,,,,,,,,,,,,,,,,,,,Goleiro,0,0.0,Não Jogou,False
272,0.5,275,3,3.5,True,97653,7.53,https://s3.glbimg.com/v1/AUTH_58d78b787ec34892b5aaa0c7a146155f/clubes_2025/silhuetas/PAL/FORMATO.png,Murilo,7,murilo,22,PAL,-0.75,Murilo Cerqueira Paim,7,Murilo,4.0,4.0,12.0,3.0,1.0,1.0,,,1.0,,,3.0,,,,,,1.0,,,Zagueiro,256,22.14,Regular,False
273,9.7,287,5,4.82,True,97810,7.6,https://s3.glbimg.com/v1/AUTH_58d78b787ec34892b5aaa0c7a146155f/clubes_2025/silhuetas/VIT/FORMATO.png,Erick,7,erick,22,VIT,1.14,Erick de Arruda Serafim,16,Erick,4.0,10.0,11.0,10.0,37.0,3.0,,2.0,5.0,,1.0,,,,,,,,,,Atacante,27,91.42,Bom,True
274,-0.8,262,3,5.37,True,97867,6.94,https://s3.glbimg.com/v1/AUTH_58d78b787ec34892b5aaa0c7a146155f/clubes_2025/silhuetas/FLA/FORMATO.png,L. Ortiz,7,leo-ortiz,22,FLA,-0.73,Leonardo Rech Ortiz,20,Léo Ortiz,3.0,17.0,16.0,7.0,3.0,1.0,1.0,2.0,3.0,,2.0,11.0,,,,,,,,,Zagueiro,325,2.41,Ruim,False
275,0.0,265,2,3.18,False,97868,5.4,https://s3.glbimg.com/v1/AUTH_58d78b787ec34892b5aaa0c7a146155f/clubes_2025/silhuetas/BAH/FORMATO.png,Iago,6,iago,22,BAH,0.0,Iago Amaral Borduchi,6,Iago,,4.0,2.0,2.0,2.0,,1.0,,1.0,,,2.0,,,,,,,,,Lateral,0,0.0,Não Jogou,False
276,0.0,354,2,5.25,False,97899,7.98,https://s3.glbimg.com/v1/AUTH_58d78b787ec34892b5aaa0c7a146155f/clubes_2025/silhuetas/CEA/FORMATO.png,M. Bahia,6,matheus-bahia,22,CEA,0.0,Matheus Bahia Santos,12,Matheus Bahia,3.0,19.0,10.0,2.0,13.0,,,1.0,2.0,,,5.0,,,,,,,,,Lateral,0,0.0,Não Jogou,False
277,2.8,285,3,3.11,True,97900,7.29,https://s3.glbimg.com/v1/AUTH_58d78b787ec34892b5aaa0c7a146155f/clubes_2025/silhuetas/INT/FORMATO.png,Vitão,7,vitao,22,INT,0.39,Vitor Eduardo da Silva Matos,15,Vitão,4.0,18.0,10.0,3.0,2.0,,,1.0,1.0,,,4.0,,,,,,,,1.0,Zagueiro,167,49.85,Regular,False
278,0.0,265,4,3.53,False,98022,8.32,https://s3.glbimg.com/v1/AUTH_58d78b787ec34892b5aaa0c7a146155f/clubes_2025/silhuetas/BAH/FORMATO.png,Erick,5,erick,22,BAH,0.0,Erick Luis Conrado de Carvalho,8,Erick,3.0,14.0,12.0,2.0,3.0,1.0,2.0,,,,1.0,,,,,,,,,,Meia,0,0.0,Não Jogou,False
279,3.8,354,5,3.83,True,98225,7.94,https://s3.glbimg.com/v1/AUTH_58d78b787ec34892b5aaa0c7a146155f/clubes_2025/silhuetas/CEA/FORMATO.png,P. Raul,7,pedro-raul,22,CEA,-0.2,Pedro Raul Garay da Silva,18,Pedro Raul,3.0,5.0,30.0,19.0,25.0,3.0,24.0,,15.0,,2.0,,,,,,,,,,Atacante,142,57.38,Regular,False
280,0.0,263,3,0.0,False,98280,11.0,https://s3.glbimg.com/v1/AUTH_58d78b787ec34892b5aaa0c7a146155f/clubes_2025/silhuetas/BOT/FORMATO.png,Bastos,5,bastos,22,BOT,0.0,Bartolomeu Jacinto Quissanga,0,Bastos,,,,,,,,,,,,,,,,,,,,,Zagueiro,0,0.0,Não Jogou,False
281,0.0,287,4,0.0,False,98306,3.0,https://s3.glbimg.com/v1/AUTH_58d78b787ec34892b5aaa0c7a146155f/clubes_2025/silhuetas/VIT/FORMATO.png,V. Soares,5,val-soares,22,VIT,0.0,Valdemir de Oliveira Soares,0,Val Soares,,,,,,,,,,,,,,,,,,,,,Meia,0,0.0,Não Jogou,False
282,7.4,2305,5,4.1,True,98384,5.5,https://s3.glbimg.com/v1/AUTH_58d78b787ec34892b5aaa0c7a146155f/clubes_2025/silhuetas/MIR/FORMATO.png,Negueba,7,negueba,22,MIR,0.58,Luiz Henrique Soares Firmino,16,Negueba,2.0,12.0,9.0,5.0,27.0,3.0,2.0,1.0,5.0,,,,,,,,,,,,Atacante,58,82.53,Bom,False
283,0.0,265,3,2.85,False,98484,4.58,https://s3.glbimg.com/v1/AUTH_58d78b787ec34892b5aaa0c7a146155f/clubes_2025/silhuetas/BAH/FORMATO.png,Kanu,5,kanu,22,BAH,0.0,Victor Hugo Soares dos Santos,2,Kanu,,4.0,1.0,,,,,,,,,,,,,,,,,,Zagueiro,0,0.0,Não Jogou,False
284,4.9,265,4,3.96,True,98517,6.46,https://s3.glbimg.com/v1/AUTH_58d78b787ec34892b5aaa0c7a146155f/clubes_2025/silhuetas/BAH/FORMATO.png,J. Lucas,7,jean-lucas,22,BAH,0.2,Jean Lucas de Souza Oliveira,18,Jean Lucas,2.0,27.0,23.0,9.0,18.0,2.0,1.0,1.0,3.0,,1.0,,,1.0,,,,1.0,,,Meia,106,67.92,Regular,False
285,0.0,356,3,4.0,False,98619,6.58,https://s3.glbimg.com/v1/AUTH_58d78b787ec34892b5aaa0c7a146155f/clubes_2025/silhuetas/FOR/FORMATO.png,Kuscevic,5,kuscevic,22,FOR,0.0,Benjamín Kuščević Jaramillo,15,Kuscevic,1.0,22.0,13.0,3.0,3.0,1.0,,,,,,4.0,,,,,,,,,Zagueiro,0,0.0,Não Jogou,False
286,10.9,263,4,4.92,True,98672,10.91,https://s3.glbimg.com/v1/AUTH_58d78b787ec34892b5aaa0c7a146155f/clubes_2025/silhuetas/BOT/FORMATO.png,Savarino,7,savarino,22,BOT,1.21,Jefferson David Savarino Quintero,14,Savarino,1.0,5.0,7.0,11.0,12.0,3.0,5.0,2.0,11.0,,1.0,,,,,,,,,,Meia,17,94.88,Muito Bom,True
287,8.3,264,2,2.89,True,98720,5.55,https://s3.glbimg.com/v1/AUTH_58d78b787ec34892b5aaa0c7a146155f/clubes_2025/silhuetas/COR/FORMATO.png,Angileri,7,angileri,22,COR,1.17,Fabrizio Germán Angileri - Fabricio,14,Angileri,3.0,18.0,8.0,4.0,3.0,,1.0,,1.0,,1.0,2.0,,,,,,,,,Lateral,43,87.35,Bom,False
288,6.5,262,5,11.64,True,98873,17.56,https://s3.glbimg.com/v1/AUTH_58d78b787ec34892b5aaa0c7a146155f/clubes_2025/silhuetas/FLA/FORMATO.png,S. Lino,7,samuel-lino,22,FLA,-3.29,Samuel Dias Lino,5,Samuel Lino,,9.0,5.0,8.0,3.0,2.0,1.0,4.0,2.0,,,,,,,,,,,,Atacante,74,77.26,Bom,False
289,11.2,282,5,4.37,True,98909,8.98,https://s3.glbimg.com/v1/AUTH_58d78b787ec34892b5aaa0c7a146155f/clubes_2025/silhuetas/CAM/FORMATO.png,Cuello,7,cuello,22,CAM,1.86,Tomás Esteban Cuello,14,Cuello,3.0,11.0,17.0,13.0,25.0,1.0,2.0,1.0,10.0,,3.0,,,1.0,,,,1.0,,,Atacante,13,96.39,Muito Bom,True
290,0.0,262,2,4.5,False,98974,8.61,https://s3.glbimg.com/v1/AUTH_58d78b787ec34892b5aaa0c7a146155f/clubes_2025/silhuetas/FLA/FORMATO.png,Viña,6,vina,22,FLA,0.0,Matías Nicolás Viña Susperreguy,5,Viña,1.0,3.0,5.0,,1.0,,,,,,,4.0,,,,,,,,,Lateral,0,0.0,Não Jogou,False
291,0.0,354,4,3.21,False,99032,4.77,https://s3.glbimg.com/v1/AUTH_58d78b787ec34892b5aaa0c7a146155f/clubes_2025/silhuetas/CEA/FORMATO.png,Lourenço,6,lourenco,22,CEA,0.0,João Paulo Ferreira Lourenço,16,Lourenço,,20.0,16.0,3.0,12.0,1.0,,1.0,4.0,,,,,,,,,,,,Meia,0,0.0,Não Jogou,False
292,0.0,287,5,2.23,False,99119,4.71,https://s3.glbimg.com/v1/AUTH_58d78b787ec34892b5aaa0c7a146155f/clubes_2025/silhuetas/VIT/FORMATO.png,L. Braga,6,lucas-braga,22,VIT,0.0,Lucas Braga Ribeiro,14,Lucas Braga,1.0,9.0,12.0,3.0,20.0,1.0,3.0,,2.0,,,,,,,,,,,,Atacante,0,0.0,Não Jogou,False
293,9.7,267,5,7.94,True,99198,15.9,https://s3.glbimg.com/v1/AUTH_58d78b787ec34892b5aaa0c7a146155f/clubes_2025/silhuetas/VAS/FORMATO.png,Vegetti,7,vegetti,22,VAS,0.13,Pablo Vegetti,17,Vegetti,2.0,8.0,19.0,22.0,23.0,11.0,4.0,1.0,5.0,,2.0,,,,,,,,,1.0,Atacante,27,91.42,Bom,True
294,7.7,267,2,3.88,True,99213,6.14,https://s3.glbimg.com/v1/AUTH_58d78b787ec34892b5aaa0c7a146155f/clubes_2025/silhuetas/VAS/FORMATO.png,P. Rodríguez,7,puma-rodriguez,22,VAS,1.1,José Luis Rodríguez Bebanz,10,Puma Rodríguez,,6.0,4.0,4.0,1.0,1.0,,2.0,1.0,,1.0,1.0,,,,,,,,,Lateral,50,84.94,Bom,False
295,0.0,292,5,0.92,False,99221,2.38,https://s3.glbimg.com/v1/AUTH_58d78b787ec34892b5aaa0c7a146155f/clubes_2025/silhuetas/SPT/FORMATO.png,I. Ramírez,6,ignacio-ramirez,22,SPT,0.0,Juan Ignacio Ramírez Polero,5,Ignacio Ramírez,,,4.0,3.0,2.0,,,,2.0,,,,,,,,,,,,Atacante,0,0.0,Não Jogou,False
296,7.3,262,4,2.36,True,99228,8.5,https://s3.glbimg.com/v1/AUTH_58d78b787ec34892b5aaa0c7a146155f/clubes_2025/silhuetas/FLA/FORMATO.png,D. Cruz,7,de-la-cruz,22,FLA,1.13,Diego Nicolás de la Cruz Arcosa,12,De la Cruz,3.0,12.0,13.0,4.0,21.0,,,,3.0,,,,,,,,,,,,Meia,61,81.78,Bom,False
297,6.0,356,5,1.12,True,99248,4.96,https://s3.glbimg.com/v1/AUTH_58d78b787ec34892b5aaa0c7a146155f/clubes_2025/silhuetas/FOR/FORMATO.png,Bareiro,6,bareiro,22,FOR,1.47,Adam Fernando Bareiro Gamarra,6,Bareiro,2.0,3.0,8.0,1.0,4.0,,,,4.0,,1.0,,,,,,,,1.0,,Atacante,88,73.64,Bom,False
298,0.0,356,4,5.32,True,99267,10.57,https://s3.glbimg.com/v1/AUTH_58d78b787ec34892b5aaa0c7a146155f/clubes_2025/silhuetas/FOR/FORMATO.png,Pochettino,7,pochettino,22,FOR,-0.58,Tomás Pochettino,11,Pochettino,,16.0,4.0,8.0,6.0,1.0,1.0,2.0,7.0,,,,,,,,,,,,Meia,275,12.65,Regular,False
299,0.0,263,3,5.11,False,99274,9.28,https://s3.glbimg.com/v1/AUTH_58d78b787ec34892b5aaa0c7a146155f/clubes_2025/silhuetas/BOT/FORMATO.png,A. Barboza,6,alexander-barboza,22,BOT,0.0,Alexander Nahuel Barboza Ullúa,12,Alexander Barboza,7.0,25.0,20.0,5.0,1.0,,,,2.0,,,6.0,,,,,,,,,Zagueiro,0,0.0,Não Jogou,False
300,2.9,276,5,1.02,True,99316,4.58,https://s3.glbimg.com/v1/AUTH_58d78b787ec34892b5aaa0c7a146155f/clubes_2025/silhuetas/SAO/FORMATO.png,Dinenno,6,dinenno,22,SAO,-0.1,Juan Ignacio Dinenno de Cara,5,Dinenno,1.0,1.0,3.0,2.0,3.0,,,,2.0,,,,,,,,,,,,Atacante,164,50.6,Regular,False
301,0.0,262,5,3.89,False,99392,8.08,https://s3.glbimg.com/v1/AUTH_58d78b787ec34892b5aaa0c7a146155f/clubes_2025/silhuetas/FLA/FORMATO.png,Michael,5,michael,22,FLA,0.0,Michael Richard Delgado de Oliveira,10,Michael,,7.0,1.0,3.0,2.0,1.0,1.0,3.0,2.0,,,,,,,,,,,,Atacante,0,0.0,Não Jogou,False
302,6.2,287,4,3.88,True,99440,6.57,https://s3.glbimg.com/v1/AUTH_58d78b787ec34892b5aaa0c7a146155f/clubes_2025/silhuetas/VIT/FORMATO.png,Baralhas,7,baralhas,22,VIT,-0.67,Gabriel Baralhas dos Santos,16,Baralhas,5.0,29.0,25.0,10.0,11.0,1.0,,1.0,2.0,,1.0,,,,,,,1.0,,,Meia,83,75.0,Bom,False
303,-1.0,262,1,5.87,True,99552,8.83,https://s3.glbimg.com/v1/AUTH_58d78b787ec34892b5aaa0c7a146155f/clubes_2025/silhuetas/FLA/FORMATO.png,Rossi,7,rossi,22,FLA,-0.96,Agustín Daniel Rossi,21,Rossi,1.0,,,,4.0,,,,,,,12.0,,,45.0,2.0,10.0,,,,Goleiro,327,1.81,Ruim,False
304,0.0,275,5,1.03,False,99818,5.0,https://s3.glbimg.com/v1/AUTH_58d78b787ec34892b5aaa0c7a146155f/clubes_2025/silhuetas/PAL/FORMATO.png,Paulinho,5,paulinho,22,PAL,0.0,Paulo Henrique Sampaio Filho,7,Paulinho,,2.0,1.0,3.0,2.0,,1.0,,1.0,,,,,,,,,,,,Atacante,0,0.0,Não Jogou,False
305,1.5,276,3,2.5,True,99889,5.73,https://s3.glbimg.com/v1/AUTH_58d78b787ec34892b5aaa0c7a146155f/clubes_2025/silhuetas/SAO/FORMATO.png,A. Franco,7,alan-franco,22,SAO,-0.59,Alan Javier Franco,16,Alan Franco,4.0,13.0,16.0,1.0,7.0,,1.0,,,,,5.0,,,,,,,,,Zagueiro,211,35.54,Regular,False
306,2.3,282,4,2.84,True,100084,5.39,https://s3.glbimg.com/v1/AUTH_58d78b787ec34892b5aaa0c7a146155f/clubes_2025/silhuetas/CAM/FORMATO.png,I. Gomes,6,igor-gomes,22,CAM,0.23,Igor Silveira Gomes,18,Igor Gomes,1.0,11.0,11.0,5.0,7.0,3.0,1.0,1.0,2.0,,,,,,,,,,,,Meia,180,45.78,Regular,False
307,0.0,292,4,0.38,False,100085,1.28,https://s3.glbimg.com/v1/AUTH_58d78b787ec34892b5aaa0c7a146155f/clubes_2025/silhuetas/SPT/FORMATO.png,P. Augusto,6,pedro-augusto,22,SPT,0.0,Pedro Augusto Borges da Costa,7,Pedro Augusto,2.0,5.0,7.0,1.0,3.0,,,,,,,,,1.0,,,,,,,Meia,0,0.0,Não Jogou,False
308,0.0,264,5,5.24,False,100652,11.44,https://s3.glbimg.com/v1/AUTH_58d78b787ec34892b5aaa0c7a146155f/clubes_2025/silhuetas/COR/FORMATO.png,Y. Alberto,5,yuri-alberto,22,COR,0.0,Yuri Alberto Monteiro da Silva,13,Yuri Alberto,2.0,1.0,13.0,17.0,12.0,5.0,3.0,1.0,7.0,,,,,,,,,,,,Atacante,0,0.0,Não Jogou,False
309,1.3,280,5,1.3,True,100695,4.99,https://s3.glbimg.com/v1/AUTH_58d78b787ec34892b5aaa0c7a146155f/clubes_2025/silhuetas/RBB/FORMATO.png,Fernando,6,fernando,22,RBB,-0.01,Fernando dos Santos Pedro,1,Fernando,,,,1.0,1.0,,,,,,,,,,,,,,,,Atacante,225,32.53,Regular,False
310,6.7,283,4,1.94,True,100742,6.65,https://s3.glbimg.com/v1/AUTH_58d78b787ec34892b5aaa0c7a146155f/clubes_2025/silhuetas/CRU/FORMATO.png,M. Henrique,7,matheus-henrique,22,CRU,0.45,Matheus Henrique de Souza,8,Matheus Henrique,1.0,9.0,4.0,,6.0,,,,1.0,,,,,,,,,,,,Meia,71,78.77,Bom,False
311,0.0,356,1,0.8,False,100830,4.83,https://s3.glbimg.com/v1/AUTH_58d78b787ec34892b5aaa0c7a146155f/clubes_2025/silhuetas/FOR/FORMATO.png,Brenno,5,brenno,22,FOR,0.0,Brenno Oliveira Fraga Costa,1,Brenno,,,,,1.0,,,,,,,,,1.0,1.0,,1.0,,,,Goleiro,0,0.0,Não Jogou,False
312,0.0,282,3,2.75,False,100842,6.04,https://s3.glbimg.com/v1/AUTH_58d78b787ec34892b5aaa0c7a146155f/clubes_2025/silhuetas/CAM/FORMATO.png,Ruan,6,ruan,22,CAM,0.0,Ruan Tressoldi Netto,4,Ruan,1.0,5.0,5.0,,2.0,,,,,,,1.0,,,,,,,,,Zagueiro,0,0.0,Não Jogou,False
313,0.0,284,2,1.83,False,100846,4.65,https://s3.glbimg.com/v1/AUTH_58d78b787ec34892b5aaa0c7a146155f/clubes_2025/silhuetas/GRE/FORMATO.png,L. Esteves,6,lucas-esteves,22,GRE,0.0,Lucas Esteves de Souza,6,Lucas Esteves,1.0,7.0,7.0,3.0,2.0,,,,1.0,,,,,,,,,1.0,,,Lateral,0,0.0,Não Jogou,False
314,0.0,284,2,0.0,False,100848,7.0,https://s3.glbimg.com/v1/AUTH_58d78b787ec34892b5aaa0c7a146155f/clubes_2025/silhuetas/GRE/FORMATO.png,L. Cândido,6,luan-candido,22,GRE,0.0,Luan Cândido de Almeida,0,Luan Cândido,,,,,,,,,,,,,,,,,,,,,Lateral,0,0.0,Não Jogou,False
315,4.2,263,2,6.04,True,100898,9.84,https://s3.glbimg.com/v1/AUTH_58d78b787ec34892b5aaa0c7a146155f/clubes_2025/silhuetas/BOT/FORMATO.png,Vitinho,7,vitinho,22,BOT,0.0,Victor Alexander da Silva,19,Vitinho,1.0,35.0,12.0,5.0,8.0,1.0,3.0,,1.0,,,10.0,,,,,,,,,Lateral,127,61.6,Regular,False
316,1.4,287,4,2.71,True,100969,3.86,https://s3.glbimg.com/v1/AUTH_58d78b787ec34892b5aaa0c7a146155f/clubes_2025/silhuetas/VIT/FORMATO.png,R. Lopes,6,ronald-lopes,22,VIT,-0.4,Ronald dos Santos Lopes,19,Ronald Lopes,3.0,23.0,22.0,3.0,19.0,,3.0,2.0,4.0,,,,,,,,,,,,Meia,220,33.43,Regular,False
317,0.0,266,4,2.59,False,100987,4.95,https://s3.glbimg.com/v1/AUTH_58d78b787ec34892b5aaa0c7a146155f/clubes_2025/silhuetas/FLU/FORMATO.png,Nonato,6,nonato,22,FLU,0.0,Gustavo Nonato Santana,12,Nonato,3.0,13.0,10.0,3.0,12.0,1.0,,,1.0,,,,,,,,,,,,Meia,0,0.0,Não Jogou,False
318,0.0,282,5,2.3,False,101002,6.51,https://s3.glbimg.com/v1/AUTH_58d78b787ec34892b5aaa0c7a146155f/clubes_2025/silhuetas/CAM/FORMATO.png,J. Santos,6,junior-santos,22,CAM,0.0,José Antonio dos Santos Júnior,14,Júnior Santos,1.0,4.0,7.0,5.0,14.0,2.0,2.0,,2.0,,,,,,,,,,,,Atacante,0,0.0,Não Jogou,False
319,2.4,354,2,5.67,True,101027,9.44,https://s3.glbimg.com/v1/AUTH_58d78b787ec34892b5aaa0c7a146155f/clubes_2025/silhuetas/CEA/FORMATO.png,Diego,7,diego,22,CEA,-0.52,Jackson Diego Ibraim Fagundes - Ibrahim,19,Diego,2.0,26.0,16.0,5.0,48.0,,,2.0,2.0,,,7.0,,,,,,,,,Lateral,177,46.69,Regular,False
320,0.9,276,5,4.71,True,101290,8.41,https://s3.glbimg.com/v1/AUTH_58d78b787ec34892b5aaa0c7a146155f/clubes_2025/silhuetas/SAO/FORMATO.png,Ferreira,7,ferreira,22,SAO,-0.09,Aldemir dos Santos Ferreira,16,Ferreira,3.0,10.0,10.0,8.0,26.0,4.0,1.0,2.0,4.0,,,,,,,,,,,,Atacante,239,28.16,Regular,False
321,0.0,265,5,3.73,False,101314,5.21,https://s3.glbimg.com/v1/AUTH_58d78b787ec34892b5aaa0c7a146155f/clubes_2025/silhuetas/BAH/FORMATO.png,Ademir,5,ademir,22,BAH,0.0,Ademir da Silva Santos Júnior,16,Ademir,3.0,23.0,15.0,9.0,25.0,,4.0,1.0,7.0,,,,,,,,,,,,Atacante,0,0.0,Não Jogou,False
322,11.0,266,2,5.94,True,101319,9.51,https://s3.glbimg.com/v1/AUTH_58d78b787ec34892b5aaa0c7a146155f/clubes_2025/silhuetas/FLU/FORMATO.png,Guga,7,guga,22,FLU,1.19,Cláudio Rodrigues Gomes,11,Guga,1.0,21.0,5.0,2.0,11.0,1.0,,1.0,1.0,,,3.0,,,,,,,,,Lateral,14,95.78,Muito Bom,True
323,0.0,266,1,-1.0,False,101478,2.53,https://s3.glbimg.com/v1/AUTH_58d78b787ec34892b5aaa0c7a146155f/clubes_2025/silhuetas/FLU/FORMATO.png,M. Pitaluga,6,marcelo-pitaluga,22,FLU,0.0,Marcelo de Araújo Pitaluga Filho,0,Marcelo Pitaluga,1.0,,,,,,,,,,,,,,,,,,,,Goleiro,0,0.0,Não Jogou,False
324,0.0,287,4,2.66,False,101573,5.71,https://s3.glbimg.com/v1/AUTH_58d78b787ec34892b5aaa0c7a146155f/clubes_2025/silhuetas/VIT/FORMATO.png,Pepê,6,pepe,22,VIT,0.0,João Pedro Vilardi Pinto,11,Pepê,2.0,20.0,18.0,,17.0,,,,1.0,,,,,1.0,,,,,,,Meia,0,0.0,Não Jogou,False
325,7.3,264,1,3.43,True,101574,8.35,https://s3.glbimg.com/v1/AUTH_58d78b787ec34892b5aaa0c7a146155f/clubes_2025/silhuetas/COR/FORMATO.png,H. Souza,7,hugo-souza,22,COR,1.19,Hugo de Souza Nogueira,17,Hugo Souza,1.0,,,,1.0,,,,,,,5.0,,,43.0,,22.0,,,,Goleiro,61,81.78,Bom,False
326,-1.3,267,4,2.24,True,101594,4.56,https://s3.glbimg.com/v1/AUTH_58d78b787ec34892b5aaa0c7a146155f/clubes_2025/silhuetas/VAS/FORMATO.png,H. Moura,7,hugo-moura,22,VAS,-0.58,Hugo Moura Arruda da Silva,18,Hugo Moura,5.0,25.0,29.0,5.0,9.0,,,1.0,5.0,,,,,,,,,,,1.0,Meia,328,1.36,Ruim,False
327,6.4,287,2,3.31,True,101597,6.36,https://s3.glbimg.com/v1/AUTH_58d78b787ec34892b5aaa0c7a146155f/clubes_2025/silhuetas/VIT/FORMATO.png,Ramon,7,ramon,22,VIT,0.57,Ramon Ramos Lima,9,Ramon,2.0,13.0,9.0,3.0,5.0,,1.0,,1.0,,,2.0,,,,,,1.0,,,Lateral,80,75.9,Bom,False
328,0.0,286,4,2.0,False,101651,3.54,https://s3.glbimg.com/v1/AUTH_58d78b787ec34892b5aaa0c7a146155f/clubes_2025/silhuetas/JUV/FORMATO.png,Peixoto,6,peixoto,22,JUV,0.0,Daniel Nascimento Peixoto dos Santos,2,Peixoto,,2.0,,,2.0,,,,,,,,,,,,,,,,Meia,0,0.0,Não Jogou,False
329,0.0,2305,2,-0.6,False,101708,5.24,https://s3.glbimg.com/v1/AUTH_58d78b787ec34892b5aaa0c7a146155f/clubes_2025/silhuetas/MIR/FORMATO.png,F. Jonatan,6,felipe-jonatan,22,MIR,0.0,Felipe Jonatan Rocha Andrade,1,Felipe Jonatan,,,2.0,,,,,,,,,,,,,,,,,,Lateral,0,0.0,Não Jogou,False
330,0.0,264,2,5.72,False,101727,10.89,https://s3.glbimg.com/v1/AUTH_58d78b787ec34892b5aaa0c7a146155f/clubes_2025/silhuetas/COR/FORMATO.png,Matheuzinho,6,matheuzinho,22,COR,0.0,Matheus França Silva,17,Matheuzinho,6.0,40.0,13.0,5.0,10.0,1.0,1.0,1.0,1.0,,,5.0,,,,,,1.0,,,Lateral,0,0.0,Não Jogou,False
331,-0.9,356,4,0.3,True,101733,4.15,https://s3.glbimg.com/v1/AUTH_58d78b787ec34892b5aaa0c7a146155f/clubes_2025/silhuetas/FOR/FORMATO.png,P. Roberto,6,pablo-roberto,22,FOR,-0.85,Pablo Roberto dos Santos Barbosa,2,Pablo Roberto,,1.0,3.0,,,,,,,,,,,,,,,,,,Meia,326,2.11,Ruim,False
332,0.0,287,2,2.14,False,101752,4.89,https://s3.glbimg.com/v1/AUTH_58d78b787ec34892b5aaa0c7a146155f/clubes_2025/silhuetas/VIT/FORMATO.png,Claudinho,6,claudinho,22,VIT,0.0,Claudio Coelho Salvático,12,Claudinho,5.0,11.0,10.0,3.0,7.0,,,,1.0,,,2.0,,,,,,,,,Lateral,0,0.0,Não Jogou,False
333,0.0,267,4,0.0,False,101768,3.0,https://s3.glbimg.com/v1/AUTH_58d78b787ec34892b5aaa0c7a146155f/clubes_2025/silhuetas/VAS/FORMATO.png,J. David,6,jean-david,22,VAS,0.0,Jean David Meneses Villarroel,0,Jean David,,,,,,,,,,,,,,,,,,,,,Meia,0,0.0,Não Jogou,False
334,0.0,354,3,3.82,False,101908,5.21,https://s3.glbimg.com/v1/AUTH_58d78b787ec34892b5aaa0c7a146155f/clubes_2025/silhuetas/CEA/FORMATO.png,W. Machado,3,willian-machado,22,CEA,0.0,Willian Estefani Machado,18,Willian Machado,2.0,16.0,9.0,3.0,8.0,,,,5.0,,1.0,7.0,,,,,,1.0,,,Zagueiro,0,0.0,Não Jogou,False
335,11.3,285,5,2.66,True,101960,6.32,https://s3.glbimg.com/v1/AUTH_58d78b787ec34892b5aaa0c7a146155f/clubes_2025/silhuetas/INT/FORMATO.png,Vitinho,7,vitinho,22,INT,1.73,Vitor Hugo Naum dos Santos,12,Vitinho,3.0,12.0,17.0,4.0,14.0,1.0,4.0,,1.0,,1.0,,,,,,,,,,Atacante,12,96.69,Muito Bom,True
336,7.7,356,3,1.46,True,101995,5.33,https://s3.glbimg.com/v1/AUTH_58d78b787ec34892b5aaa0c7a146155f/clubes_2025/silhuetas/FOR/FORMATO.png,Brítez,7,britez,22,FOR,1.27,Emanuel Fermín Brítez,5,Brítez,4.0,8.0,9.0,,6.0,,,,,,,,,,,,,1.0,,,Zagueiro,50,84.94,Bom,False
337,0.8,275,2,6.22,True,102130,11.25,https://s3.glbimg.com/v1/AUTH_58d78b787ec34892b5aaa0c7a146155f/clubes_2025/silhuetas/PAL/FORMATO.png,Piquerez,7,piquerez,22,PAL,-1.16,Joaquín Piquerez Moreira,19,Piquerez,2.0,26.0,6.0,14.0,12.0,3.0,,1.0,3.0,,,8.0,,,,,,,1.0,1.0,Lateral,241,25.9,Regular,False
338,0.0,266,1,0.0,False,102137,2.0,https://s3.glbimg.com/v1/AUTH_58d78b787ec34892b5aaa0c7a146155f/clubes_2025/silhuetas/FLU/FORMATO.png,V. Eudes,6,vitor-eudes,22,FLU,0.0,Vitor Eudes de Souza Costa,0,Vitor Eudes,,,,,,,,,,,,,,,,,,,,,Goleiro,0,0.0,Não Jogou,False
339,6.5,287,3,2.78,True,102253,4.6,https://s3.glbimg.com/v1/AUTH_58d78b787ec34892b5aaa0c7a146155f/clubes_2025/silhuetas/VIT/FORMATO.png,L. Halter,7,lucas-halter,22,VIT,0.44,Lucas Halter,20,Lucas Halter,5.0,20.0,12.0,4.0,5.0,1.0,1.0,,2.0,,1.0,3.0,,,,,,,,,Zagueiro,74,77.26,Bom,False
340,9.0,277,4,2.29,True,102256,6.84,https://s3.glbimg.com/v1/AUTH_58d78b787ec34892b5aaa0c7a146155f/clubes_2025/silhuetas/SAN/FORMATO.png,Rollheiser,7,rollheiser,22,SAN,1.09,Benjamín Rollheiser,20,Rollheiser,6.0,14.0,20.0,10.0,22.0,,2.0,1.0,6.0,,2.0,,,,,,,,,,Meia,36,89.31,Bom,False
341,0.0,282,2,3.35,False,102318,6.37,https://s3.glbimg.com/v1/AUTH_58d78b787ec34892b5aaa0c7a146155f/clubes_2025/silhuetas/CAM/FORMATO.png,C. Paulista,6,caio-paulista,22,CAM,0.0,Caio Fernando de Oliveira,8,Caio Paulista,1.0,6.0,4.0,3.0,3.0,,1.0,,1.0,,,3.0,,,,,,,,,Lateral,0,0.0,Não Jogou,False
342,1.5,264,3,3.91,True,102340,6.22,https://s3.glbimg.com/v1/AUTH_58d78b787ec34892b5aaa0c7a146155f/clubes_2025/silhuetas/COR/FORMATO.png,Cacá,6,caca,22,COR,0.02,Carlos de Menezes Júnior,14,Cacá,3.0,12.0,13.0,2.0,12.0,2.0,,,1.0,,,4.0,,,,,,1.0,,,Zagueiro,211,35.54,Regular,False
343,0.0,263,5,0.84,False,102561,4.2,https://s3.glbimg.com/v1/AUTH_58d78b787ec34892b5aaa0c7a146155f/clubes_2025/silhuetas/BOT/FORMATO.png,Mastriani,6,mastriani,22,BOT,0.0,Gonzalo Mathías Mastriani Borges,7,Mastriani,1.0,2.0,4.0,4.0,2.0,,3.0,,1.0,,,,,,,,,,,,Atacante,0,0.0,Não Jogou,False
344,0.0,276,4,0.78,False,102909,3.72,https://s3.glbimg.com/v1/AUTH_58d78b787ec34892b5aaa0c7a146155f/clubes_2025/silhuetas/SAO/FORMATO.png,L. Vinícius,6,luan-vinicius,22,SAO,0.0,Luan Vinícius da Silva Santos,4,Luan Vinícius,,2.0,4.0,1.0,1.0,,,,,,,,,,,,,,,,Meia,0,0.0,Não Jogou,False
345,0.0,266,5,3.99,False,102928,7.63,https://s3.glbimg.com/v1/AUTH_58d78b787ec34892b5aaa0c7a146155f/clubes_2025/silhuetas/FLU/FORMATO.png,Canobbio,6,canobbio,22,FLU,0.0,Agustín Canobbio Graviz,14,Canobbio,3.0,16.0,13.0,7.0,18.0,2.0,2.0,1.0,2.0,1.0,,,,,,,,,,,Atacante,0,0.0,Não Jogou,False
346,2.3,275,5,4.25,True,102950,9.51,https://s3.glbimg.com/v1/AUTH_58d78b787ec34892b5aaa0c7a146155f/clubes_2025/silhuetas/PAL/FORMATO.png,F. Torres,6,facundo-torres,22,PAL,0.02,Facundo Daniel Torres Pérez,18,Facundo Torres,2.0,10.0,11.0,5.0,21.0,4.0,1.0,2.0,7.0,,1.0,,,,,,,1.0,,,Atacante,180,45.78,Regular,False
347,9.7,277,2,4.96,True,102975,9.63,https://s3.glbimg.com/v1/AUTH_58d78b787ec34892b5aaa0c7a146155f/clubes_2025/silhuetas/SAN/FORMATO.png,Escobar,7,escobar,22,SAN,0.96,Gonzalo Daniel Escobar,19,Escobar,2.0,52.0,24.0,5.0,11.0,,1.0,,1.0,,,4.0,,1.0,,,,2.0,,,Lateral,27,91.42,Bom,True
348,2.6,280,5,4.67,True,103014,6.15,https://s3.glbimg.com/v1/AUTH_58d78b787ec34892b5aaa0c7a146155f/clubes_2025/silhuetas/RBB/FORMATO.png,Laquintana,7,laquintana,22,RBB,-2.21,Ignacio Jesús Laquintana Marsico - Nacho,13,Laquintana,1.0,9.0,4.0,3.0,4.0,4.0,6.0,2.0,3.0,,,,,,,,,,,,Atacante,172,48.34,Regular,False
349,5.0,277,1,4.7,True,103056,6.99,https://s3.glbimg.com/v1/AUTH_58d78b787ec34892b5aaa0c7a146155f/clubes_2025/silhuetas/SAN/FORMATO.png,G. Brazão,7,gabriel-brazao,22,SAN,0.67,Gabriel Nascimento Rezende Brazão - Resende,21,Gabriel Brazão,,1.0,,,4.0,,,,,,,5.0,,,78.0,,31.0,,,,Goleiro,103,68.98,Bom,False
350,0.0,263,5,16.5,False,103179,10.69,https://s3.glbimg.com/v1/AUTH_58d78b787ec34892b5aaa0c7a146155f/clubes_2025/silhuetas/BOT/FORMATO.png,C. Ramos,6,chris-ramos,22,BOT,0.0,Christopher Ramos de la Flor,1,Chris Ramos,,,,,1.0,2.0,,,,,,,,,,,,,,,Atacante,0,0.0,Não Jogou,False
351,1.4,280,4,2.5,True,103295,5.41,https://s3.glbimg.com/v1/AUTH_58d78b787ec34892b5aaa0c7a146155f/clubes_2025/silhuetas/RBB/FORMATO.png,E. Ramires,7,eric-ramires,22,RBB,-0.09,Eric dos Santos Rodrigues,21,Eric Ramires,3.0,21.0,22.0,3.0,26.0,1.0,,1.0,2.0,,,,,,,,,,,,Meia,220,33.43,Regular,False
352,11.7,292,2,3.83,True,103347,6.63,https://s3.glbimg.com/v1/AUTH_58d78b787ec34892b5aaa0c7a146155f/clubes_2025/silhuetas/SPT/FORMATO.png,M. Alexandre,7,matheus-alexandre,22,SPT,1.72,Matheus Alexandre Anastácio de Souza,13,Matheus Alexandre,5.0,20.0,17.0,4.0,6.0,,,1.0,3.0,1.0,,3.0,,,,,,1.0,,,Lateral,9,97.59,Muito Bom,True
353,0.0,356,4,2.06,False,103388,4.9,https://s3.glbimg.com/v1/AUTH_58d78b787ec34892b5aaa0c7a146155f/clubes_2025/silhuetas/FOR/FORMATO.png,E. Martínez,6,emmanuel-martinez,22,FOR,0.0,Leandro Emmanuel Martínez,12,Emmanuel Martínez,6.0,9.0,17.0,1.0,10.0,1.0,1.0,1.0,3.0,,,,,,,,,,,,Meia,0,0.0,Não Jogou,False
354,-0.3,283,5,10.28,True,103445,14.77,https://s3.glbimg.com/v1/AUTH_58d78b787ec34892b5aaa0c7a146155f/clubes_2025/silhuetas/CRU/FORMATO.png,K. Jorge,7,kaio-jorge,22,CRU,-1.75,Kaio Jorge Pinto Ramos,21,Kaio Jorge,2.0,20.0,22.0,21.0,28.0,15.0,6.0,5.0,10.0,2.0,3.0,,,,,,,,1.0,,Atacante,310,5.87,Ruim,False
355,0.0,266,3,3.33,False,103523,6.64,https://s3.glbimg.com/v1/AUTH_58d78b787ec34892b5aaa0c7a146155f/clubes_2025/silhuetas/FLU/FORMATO.png,Ignácio,6,ignacio,22,FLU,0.0,Ignácio da Silva Oliveira,9,Ignácio,,11.0,9.0,1.0,6.0,,,,2.0,,,2.0,,,,,,,,,Zagueiro,0,0.0,Não Jogou,False
356,0.0,286,5,4.0,False,103576,4.17,https://s3.glbimg.com/v1/AUTH_58d78b787ec34892b5aaa0c7a146155f/clubes_2025/silhuetas/JUV/FORMATO.png,R. Bilu,6,rafael-bilu,22,JUV,0.0,Rafael Bilu Mudesto,1,Rafael Bilu,,,,,2.0,,,,,,1.0,,,,,,,,,,Atacante,0,0.0,Não Jogou,False
357,0.0,265,1,0.0,False,103662,3.0,https://s3.glbimg.com/v1/AUTH_58d78b787ec34892b5aaa0c7a146155f/clubes_2025/silhuetas/BAH/FORMATO.png,D. Júnior,6,denis-junior,22,BAH,0.0,Dênis de Oliveira Aguiar Júnior,0,Dênis Júnior,,,,,,,,,,,,,,,,,,,,,Goleiro,0,0.0,Não Jogou,False
358,0.0,266,2,2.52,False,103672,6.15,https://s3.glbimg.com/v1/AUTH_58d78b787ec34892b5aaa0c7a146155f/clubes_2025/silhuetas/FLU/FORMATO.png,G. Fuentes,3,gabriel-fuentes,22,FLU,0.0,Gabriel Rafael Fuentes Gómez,6,Gabriel Fuentes,3.0,12.0,11.0,,2.0,,,,2.0,,,,,,,,,,,,Lateral,0,0.0,Não Jogou,False
359,-0.6,286,5,1.05,True,103764,3.25,https://s3.glbimg.com/v1/AUTH_58d78b787ec34892b5aaa0c7a146155f/clubes_2025/silhuetas/JUV/FORMATO.png,G. Veron,7,gabriel-veron,22,JUV,-0.53,Gabriel Veron Fonseca de Souza,14,Gabriel Veron,,5.0,6.0,2.0,8.0,,2.0,,3.0,,,,,,,,,,,,Atacante,322,3.16,Ruim,False
360,2.1,282,4,3.02,True,103767,5.69,https://s3.glbimg.com/v1/AUTH_58d78b787ec34892b5aaa0c7a146155f/clubes_2025/silhuetas/CAM/FORMATO.png,G. Menino,6,gabriel-menino,22,CAM,-0.44,Gabriel Vinícius Menino,15,Gabriel Menino,1.0,13.0,10.0,5.0,14.0,1.0,1.0,1.0,5.0,,,,,,,,,,,,Meia,188,43.52,Regular,False
361,2.75,276,6,7.11,True,103912,10.54,https://s3.glbimg.com/v1/AUTH_58d78b787ec34892b5aaa0c7a146155f/clubes_2025/silhuetas/SAO/FORMATO.png,H. Crespo,7,hernan-crespo,22,SAO,-1.05,Hernán Jorge Crespo,10,Hernán Crespo,,,,,,,,,,,,,6.0,,,,,,,,Técnico,169,49.4,Regular,False
362,8.93,2305,6,5.71,True,104027,8.02,https://s3.glbimg.com/v1/AUTH_58d78b787ec34892b5aaa0c7a146155f/clubes_2025/silhuetas/MIR/FORMATO.png,R. Guanaes,7,rafael-guanaes,22,MIR,0.36,Rafael Silva Guanaes,20,Rafael Guanaes,,,,,,,,,,,,,9.0,,,,,,,,Técnico,38,88.86,Bom,False
363,4.0,276,3,3.64,True,104075,5.79,https://s3.glbimg.com/v1/AUTH_58d78b787ec34892b5aaa0c7a146155f/clubes_2025/silhuetas/SAO/FORMATO.png,Sabino,7,sabino,22,SAO,-0.34,José Sabino Chagas Monteiro,16,Sabino,2.0,15.0,16.0,4.0,8.0,1.0,,,2.0,,,5.0,,,,,,,,,Zagueiro,134,59.64,Regular,False
364,0.0,275,1,0.0,False,104084,6.0,https://s3.glbimg.com/v1/AUTH_58d78b787ec34892b5aaa0c7a146155f/clubes_2025/silhuetas/PAL/FORMATO.png,C. Miguel,6,carlos-miguel,22,PAL,0.0,Carlos Miguel dos Santos Pereira,0,Carlos Miguel,,,,,,,,,,,,,,,,,,,,,Goleiro,0,0.0,Não Jogou,False
365,-1.0,275,3,4.82,False,104085,7.12,https://s3.glbimg.com/v1/AUTH_58d78b787ec34892b5aaa0c7a146155f/clubes_2025/silhuetas/PAL/FORMATO.png,B. Fuchs,6,bruno-fuchs,22,PAL,-0.84,Bruno de Lara Fuchs,12,Bruno Fuchs,4.0,16.0,9.0,2.0,8.0,,,,,,,7.0,,,,,,,,,Zagueiro,0,0.0,Não Jogou,False
366,11.5,287,1,4.68,True,104118,8.99,https://s3.glbimg.com/v1/AUTH_58d78b787ec34892b5aaa0c7a146155f/clubes_2025/silhuetas/VIT/FORMATO.png,L. Arcanjo,7,lucas-arcanjo,22,VIT,2.24,Lucas Willians Assis Arcanjo,21,Lucas Arcanjo,2.0,,,,3.0,,,,,,,5.0,,,80.0,,30.0,,,,Goleiro,11,96.99,Muito Bom,True
367,3.6,287,5,2.1,True,104134,4.2,https://s3.glbimg.com/v1/AUTH_58d78b787ec34892b5aaa0c7a146155f/clubes_2025/silhuetas/VIT/FORMATO.png,Fabri,6,fabri,22,VIT,0.59,Fabrício do Rosário dos Santos,14,Fabri,,11.0,17.0,8.0,8.0,,,1.0,3.0,,,,,,,,,1.0,,,Atacante,146,56.33,Regular,False
368,0.0,263,1,0.0,False,104191,2.0,https://s3.glbimg.com/v1/AUTH_58d78b787ec34892b5aaa0c7a146155f/clubes_2025/silhuetas/BOT/FORMATO.png,Raul,6,raul,22,BOT,0.0,Raul Jonas Steffens,0,Raul,,,,,,,,,,,,,,,,,,,,,Goleiro,0,0.0,Não Jogou,False
369,1.2,2305,5,4.78,True,104204,6.91,https://s3.glbimg.com/v1/AUTH_58d78b787ec34892b5aaa0c7a146155f/clubes_2025/silhuetas/MIR/FORMATO.png,E. Carioca,7,edson-carioca,22,MIR,-1.11,Edson Guilherme Mendes dos Santos,19,Edson Carioca,1.0,20.0,27.0,16.0,16.0,4.0,2.0,2.0,6.0,,,,,,,,,,,,Atacante,226,31.33,Regular,False
370,0.0,284,2,2.65,False,104257,5.45,https://s3.glbimg.com/v1/AUTH_58d78b787ec34892b5aaa0c7a146155f/clubes_2025/silhuetas/GRE/FORMATO.png,J. Lucas,5,joao-lucas,22,GRE,0.0,João Lucas de Almeida Carvalho,2,João Lucas,1.0,5.0,4.0,,,,,,,,,,,,,,,,,,Lateral,0,0.0,Não Jogou,False
371,0.0,292,2,4.79,False,104271,5.91,https://s3.glbimg.com/v1/AUTH_58d78b787ec34892b5aaa0c7a146155f/clubes_2025/silhuetas/SPT/FORMATO.png,Hereda,5,hereda,22,SPT,0.0,Diogo Hereda da Silva,11,Hereda,1.0,17.0,12.0,7.0,18.0,,2.0,1.0,2.0,,,2.0,,,,,,,,,Lateral,0,0.0,Não Jogou,False
372,0.0,287,4,0.0,False,104330,2.0,https://s3.glbimg.com/v1/AUTH_58d78b787ec34892b5aaa0c7a146155f/clubes_2025/silhuetas/VIT/FORMATO.png,Dudu,6,dudu,22,VIT,0.0,Eduardo Marcelo Rodrigues Nunes,0,Dudu,,,,,,,,,,,,,,,,,,,,,Meia,0,0.0,Não Jogou,False
373,0.0,283,4,4.66,False,104502,7.38,https://s3.glbimg.com/v1/AUTH_58d78b787ec34892b5aaa0c7a146155f/clubes_2025/silhuetas/CRU/FORMATO.png,Christian,6,christian,22,CRU,0.0,Christian Roberto Alves Cardoso,16,Christian,6.0,21.0,27.0,9.0,21.0,3.0,4.0,2.0,5.0,,,,,,,,,,,,Meia,0,0.0,Não Jogou,False
374,0.0,284,4,1.87,False,104519,3.77,https://s3.glbimg.com/v1/AUTH_58d78b787ec34892b5aaa0c7a146155f/clubes_2025/silhuetas/GRE/FORMATO.png,Camilo,6,camilo,22,GRE,0.0,Camilo Reijers de Oliveira,11,Camilo,,16.0,15.0,2.0,1.0,,,,,,,,,,,,,1.0,,,Meia,0,0.0,Não Jogou,False
375,0.0,354,4,0.0,False,104521,5.0,https://s3.glbimg.com/v1/AUTH_58d78b787ec34892b5aaa0c7a146155f/clubes_2025/silhuetas/CEA/FORMATO.png,V. Zanocelo,6,vinicius-zanocelo,22,CEA,0.0,Vinícius Nelson de Souza Zanocelo,0,Vinícius Zanocelo,,,,,,,,,,,,,,,,,,,,,Meia,0,0.0,Não Jogou,False
376,0.0,280,1,0.0,False,104588,2.0,https://s3.glbimg.com/v1/AUTH_58d78b787ec34892b5aaa0c7a146155f/clubes_2025/silhuetas/RBB/FORMATO.png,Fabrício,6,fabricio,22,RBB,0.0,Fabrício Oliveira de Souza,0,Fabrício,,,,,,,,,,,,,,,,,,,,,Goleiro,0,0.0,Não Jogou,False
377,-0.3,2305,4,0.95,True,104640,2.77,https://s3.glbimg.com/v1/AUTH_58d78b787ec34892b5aaa0c7a146155f/clubes_2025/silhuetas/MIR/FORMATO.png,M. Bianqui,6,matheus-bianqui,22,MIR,-0.74,Matheus Henrique Bianqui,9,Matheus Bianqui,1.0,3.0,5.0,3.0,,,,,1.0,,1.0,,,,,,,,,,Meia,310,5.87,Ruim,False
378,0.0,356,5,3.53,False,104666,11.49,https://s3.glbimg.com/v1/AUTH_58d78b787ec34892b5aaa0c7a146155f/clubes_2025/silhuetas/FOR/FORMATO.png,Moisés,5,moises,22,FOR,0.0,Moisés Vieira da Veiga,3,Moisés,1.0,2.0,1.0,3.0,1.0,,2.0,1.0,1.0,,,,,,,,,,,,Atacante,0,0.0,Não Jogou,False
379,10.0,263,4,3.5,True,104693,5.44,https://s3.glbimg.com/v1/AUTH_58d78b787ec34892b5aaa0c7a146155f/clubes_2025/silhuetas/BOT/FORMATO.png,Newton,7,newton,22,BOT,1.87,Newton Araújo da Costa Júnior,9,Newton,2.0,12.0,15.0,5.0,3.0,1.0,1.0,,3.0,,1.0,,,,,,,,,,Meia,23,93.37,Muito Bom,True
380,6.95,277,6,5.21,True,104754,10.57,https://s3.glbimg.com/v1/AUTH_58d78b787ec34892b5aaa0c7a146155f/clubes_2025/silhuetas/SAN/FORMATO.png,J. Vojvoda,7,juan-vojvoda,22,SAN,0.59,Juan Pablo Vojvoda Rizzo,13,Juan Vojvoda,,,,,,,,,,,,,2.0,,,,,,,,Técnico,68,79.82,Bom,False
381,0.0,276,2,5.82,False,104758,10.11,https://s3.glbimg.com/v1/AUTH_58d78b787ec34892b5aaa0c7a146155f/clubes_2025/silhuetas/SAO/FORMATO.png,E. Díaz,3,enzo-diaz,22,SAO,0.0,Enzo Hernán Díaz,18,Enzo Díaz,6.0,48.0,38.0,6.0,24.0,,1.0,2.0,1.0,,,5.0,,,,,,3.0,,,Lateral,0,0.0,Não Jogou,False
382,4.4,265,4,2.52,True,104783,4.78,https://s3.glbimg.com/v1/AUTH_58d78b787ec34892b5aaa0c7a146155f/clubes_2025/silhuetas/BAH/FORMATO.png,Acevedo,7,acevedo,22,BAH,-0.06,Nicolás Brian Acevedo Tabárez,15,Acevedo,2.0,23.0,11.0,1.0,6.0,,,,4.0,,,,,,,,,,,,Meia,118,63.86,Regular,False
383,0.0,284,1,0.0,False,104933,2.0,https://s3.glbimg.com/v1/AUTH_58d78b787ec34892b5aaa0c7a146155f/clubes_2025/silhuetas/GRE/FORMATO.png,J. Meurer,6,jorge-meurer,22,GRE,0.0,Jorge Meurer Bartholdy,0,Jorge Meurer,,,,,,,,,,,,,,,,,,,,,Goleiro,0,0.0,Não Jogou,False
384,0.0,284,3,3.03,True,104994,5.97,https://s3.glbimg.com/v1/AUTH_58d78b787ec34892b5aaa0c7a146155f/clubes_2025/silhuetas/GRE/FORMATO.png,W. Leonardo,6,wagner-leonardo,22,GRE,-0.82,Wagner Leonardo Calvelo de Souza,19,Wagner Leonardo,2.0,21.0,14.0,1.0,4.0,,1.0,1.0,4.0,,,4.0,,,,,,,,,Zagueiro,275,12.65,Regular,False
385,0.0,283,3,0.0,False,105047,7.0,https://s3.glbimg.com/v1/AUTH_58d78b787ec34892b5aaa0c7a146155f/clubes_2025/silhuetas/CRU/FORMATO.png,J. Marcelo,6,joao-marcelo,22,CRU,0.0,João Marcelo Messias Ferreira,0,João Marcelo,,,,,,,,,,,,,,,,,,,,,Zagueiro,0,0.0,Não Jogou,False
386,0.0,282,4,0.97,True,105068,4.02,https://s3.glbimg.com/v1/AUTH_58d78b787ec34892b5aaa0c7a146155f/clubes_2025/silhuetas/CAM/FORMATO.png,Reinier,6,reinier,22,CAM,-0.71,Reinier Jesus Carvalho,3,Reinier,1.0,3.0,2.0,,,,,,,,,,,,,,,,,,Meia,275,12.65,Regular,False
387,2.6,275,2,3.88,True,105175,7.02,https://s3.glbimg.com/v1/AUTH_58d78b787ec34892b5aaa0c7a146155f/clubes_2025/silhuetas/PAL/FORMATO.png,Khellven,7,khellven,22,PAL,-0.8,Khellven Douglas Silva Oliveira,4,Khellven,,4.0,5.0,,2.0,,,,,,,2.0,,,,,,,,,Lateral,172,48.34,Regular,False
388,0.0,280,2,2.4,False,105213,5.06,https://s3.glbimg.com/v1/AUTH_58d78b787ec34892b5aaa0c7a146155f/clubes_2025/silhuetas/RBB/FORMATO.png,Sant'Anna,5,sant-anna,22,RBB,0.0,Ariel Agustín Sant'Anna Quintero,9,Sant'Anna,3.0,8.0,8.0,6.0,2.0,,1.0,,1.0,,1.0,1.0,,,,,,,,,Lateral,0,0.0,Não Jogou,False
389,9.9,263,4,2.8,True,105214,6.18,https://s3.glbimg.com/v1/AUTH_58d78b787ec34892b5aaa0c7a146155f/clubes_2025/silhuetas/BOT/FORMATO.png,S. Rodríguez,7,santiago-rodriguez,22,BOT,0.84,Santiago Mariano Rodríguez Molina,12,Santiago Rodríguez,1.0,9.0,6.0,4.0,10.0,,1.0,2.0,4.0,,,,,,,,,,,,Meia,24,92.92,Bom,True
390,4.4,356,3,3.48,True,105258,8.06,https://s3.glbimg.com/v1/AUTH_58d78b787ec34892b5aaa0c7a146155f/clubes_2025/silhuetas/FOR/FORMATO.png,G. Ávila,7,gaston-avila,22,FOR,0.26,Gastón Luciano Ávila,10,Gastón Ávila,1.0,16.0,6.0,2.0,7.0,,1.0,,3.0,,,1.0,,,,,,,,,Zagueiro,118,63.86,Regular,False
391,3.5,276,3,6.78,True,105300,9.01,https://s3.glbimg.com/v1/AUTH_58d78b787ec34892b5aaa0c7a146155f/clubes_2025/silhuetas/SAO/FORMATO.png,Ferraresi,7,ferraresi,22,SAO,-1.74,Nahuel Adolfo Ferraresi Hernández,17,Ferraresi,2.0,51.0,21.0,2.0,17.0,,1.0,3.0,,,,5.0,,,,,,,,1.0,Zagueiro,147,55.57,Regular,False
392,2.5,354,4,0.89,True,105337,2.65,https://s3.glbimg.com/v1/AUTH_58d78b787ec34892b5aaa0c7a146155f/clubes_2025/silhuetas/CEA/FORMATO.png,L. Lima,6,lucas-lima,22,CEA,0.27,Lucas Eduardo Lima da Silva,9,Lucas Lima,,4.0,1.0,1.0,3.0,,,,,,,,,,,,,,,,Meia,174,47.59,Regular,False
393,0.0,265,3,2.82,False,105373,6.66,https://s3.glbimg.com/v1/AUTH_58d78b787ec34892b5aaa0c7a146155f/clubes_2025/silhuetas/BAH/FORMATO.png,G. Xavier,6,gabriel-xavier,22,BAH,0.0,Gabriel Lheman Xavier - Lhman,4,Gabriel Xavier,1.0,2.0,4.0,,1.0,,,,,,,2.0,,,,,,,,,Zagueiro,0,0.0,Não Jogou,False
394,0.0,262,4,0.6,False,105436,7.44,https://s3.glbimg.com/v1/AUTH_58d78b787ec34892b5aaa0c7a146155f/clubes_2025/silhuetas/FLA/FORMATO.png,Carrascal,6,carrascal,22,FLA,0.0,Jorge Andrés Carrascal Guardo,2,Carrascal,,1.0,1.0,,,,,,,,,,,,,,,,,,Meia,0,0.0,Não Jogou,False
395,0.0,264,2,6.52,False,105531,10.68,https://s3.glbimg.com/v1/AUTH_58d78b787ec34892b5aaa0c7a146155f/clubes_2025/silhuetas/COR/FORMATO.png,M. Bidu,3,matheus-bidu,22,COR,0.0,Matheus Lima Beltrão Oliveira Valin,13,Matheus Bidu,3.0,21.0,9.0,6.0,30.0,,4.0,2.0,3.0,1.0,,5.0,,,,,,,,,Lateral,0,0.0,Não Jogou,False
396,3.1,284,5,0.9,True,105563,7.24,https://s3.glbimg.com/v1/AUTH_58d78b787ec34892b5aaa0c7a146155f/clubes_2025/silhuetas/GRE/FORMATO.png,C. Vinícius,7,carlos-vinicius,22,GRE,0.07,Carlos Vinícius Alves Morais,3,Carlos Vinícius,1.0,1.0,5.0,,9.0,,2.0,,2.0,,,,,1.0,,,,,,,Atacante,159,52.11,Regular,False
397,4.9,356,5,2.86,True,105568,7.88,https://s3.glbimg.com/v1/AUTH_58d78b787ec34892b5aaa0c7a146155f/clubes_2025/silhuetas/FOR/FORMATO.png,Lucero,7,lucero,22,FOR,0.61,Juan Martín Lucero,17,Lucero,4.0,11.0,20.0,5.0,7.0,3.0,7.0,1.0,6.0,,1.0,,,,,,,,1.0,,Atacante,106,67.92,Regular,False
398,3.9,267,2,4.25,True,105584,7.74,https://s3.glbimg.com/v1/AUTH_58d78b787ec34892b5aaa0c7a146155f/clubes_2025/silhuetas/VAS/FORMATO.png,L. Piton,7,lucas-piton,22,VAS,0.52,Lucas Piton Crivellaro,17,Lucas Piton,4.0,20.0,28.0,4.0,7.0,1.0,1.0,5.0,,,,3.0,,,,,,,,,Lateral,137,58.58,Regular,False
399,0.0,2305,4,0.08,False,105585,1.51,https://s3.glbimg.com/v1/AUTH_58d78b787ec34892b5aaa0c7a146155f/clubes_2025/silhuetas/MIR/FORMATO.png,Roni,6,roni,22,MIR,0.0,Roni Medeiros de Moura,6,Roni,1.0,1.0,,,,,,,,,,,,,,,,,,,Meia,0,0.0,Não Jogou,False
400,2.4,275,4,4.2,True,105647,8.84,https://s3.glbimg.com/v1/AUTH_58d78b787ec34892b5aaa0c7a146155f/clubes_2025/silhuetas/PAL/FORMATO.png,Maurício,7,mauricio,22,PAL,-0.58,Maurício Magalhães Prado,15,Maurício,,8.0,8.0,8.0,7.0,3.0,4.0,3.0,4.0,,,,,,,,,,,,Meia,177,46.69,Regular,False
401,1.0,264,5,3.12,True,105786,5.96,https://s3.glbimg.com/v1/AUTH_58d78b787ec34892b5aaa0c7a146155f/clubes_2025/silhuetas/COR/FORMATO.png,T. Magno,6,talles-magno,22,COR,-0.57,Talles Magno Bacelar Martins,18,Talles Magno,1.0,13.0,17.0,10.0,27.0,1.0,9.0,1.0,5.0,,1.0,,,,,,,,,,Atacante,234,29.22,Regular,False
402,7.0,286,3,4.9,True,105807,6.06,https://s3.glbimg.com/v1/AUTH_58d78b787ec34892b5aaa0c7a146155f/clubes_2025/silhuetas/JUV/FORMATO.png,L. Freitas,6,luan-freitas,22,JUV,1.46,Luan de Freitas Molarinho Chagas,2,Luan Freitas,,2.0,2.0,3.0,,,,,,,,1.0,,,,,,,,,Zagueiro,66,80.27,Bom,False
403,0.0,285,5,4.54,False,105811,10.82,https://s3.glbimg.com/v1/AUTH_58d78b787ec34892b5aaa0c7a146155f/clubes_2025/silhuetas/INT/FORMATO.png,Wesley,6,wesley,22,INT,0.0,Wesley Ribeiro Silva,18,Wesley,2.0,24.0,20.0,10.0,35.0,,6.0,3.0,9.0,,1.0,,,,,,,,,,Atacante,0,0.0,Não Jogou,False
404,6.5,287,3,3.62,True,105842,5.36,https://s3.glbimg.com/v1/AUTH_58d78b787ec34892b5aaa0c7a146155f/clubes_2025/silhuetas/VIT/FORMATO.png,Edu,6,edu,22,VIT,0.8,Lucas Eduardo Ribeiro de Souza,13,Edu,,12.0,5.0,3.0,4.0,,,,1.0,,,5.0,,,,,,,,,Zagueiro,74,77.26,Bom,False
405,0.0,354,4,2.4,False,105845,5.34,https://s3.glbimg.com/v1/AUTH_58d78b787ec34892b5aaa0c7a146155f/clubes_2025/silhuetas/CEA/FORMATO.png,M. Araújo,6,matheus-araujo,22,CEA,0.0,Matheus de Araújo Andrade,8,Matheus Araújo,,2.0,1.0,1.0,3.0,1.0,,1.0,1.0,,,,,,,,,,,,Meia,0,0.0,Não Jogou,False
406,2.0,356,5,2.69,True,105900,4.29,https://s3.glbimg.com/v1/AUTH_58d78b787ec34892b5aaa0c7a146155f/clubes_2025/silhuetas/FOR/FORMATO.png,Allanzinho,6,allanzinho,22,FOR,-0.09,Allan Victor Oliveira Mota,7,Allanzinho,1.0,2.0,5.0,3.0,10.0,,1.0,2.0,,1.0,,,,,,,,,,,Atacante,190,42.02,Regular,False
407,0.3,2305,4,2.17,True,105903,3.4,https://s3.glbimg.com/v1/AUTH_58d78b787ec34892b5aaa0c7a146155f/clubes_2025/silhuetas/MIR/FORMATO.png,J. Aldo,7,jose-aldo,22,MIR,-0.36,José Aldo Soares de Oliveira Filho,17,José Aldo,2.0,20.0,18.0,5.0,9.0,,1.0,,5.0,,,,,,,,,,,,Meia,270,18.83,Regular,False
408,1.6,285,1,5.1,True,105949,9.71,https://s3.glbimg.com/v1/AUTH_58d78b787ec34892b5aaa0c7a146155f/clubes_2025/silhuetas/INT/FORMATO.png,Rochet,7,rochet,22,INT,-0.49,Sergio Ramón Rochet Álvarez,9,Rochet,,,,,2.0,,,,,,,2.0,,,33.0,,8.0,,,,Goleiro,208,37.35,Regular,False
409,2.5,265,3,2.69,True,105990,4.62,https://s3.glbimg.com/v1/AUTH_58d78b787ec34892b5aaa0c7a146155f/clubes_2025/silhuetas/BAH/FORMATO.png,S. Mingo,7,santiago-mingo,22,BAH,-0.31,Santiago Martín Ramos Mingo,19,Santiago Mingo,4.0,14.0,22.0,5.0,14.0,,2.0,,,,,6.0,,,,,,,,,Zagueiro,174,47.59,Regular,False
410,0.0,286,2,3.34,False,106082,6.23,https://s3.glbimg.com/v1/AUTH_58d78b787ec34892b5aaa0c7a146155f/clubes_2025/silhuetas/JUV/FORMATO.png,Ewerthon,5,ewerthon,22,JUV,0.0,Ewerthon Diógenes da Silva,12,Ewerthon,2.0,20.0,7.0,4.0,7.0,,,,2.0,,,1.0,,,,,,,,,Lateral,0,0.0,Não Jogou,False
411,7.27,286,6,4.34,True,106147,7.3,https://s3.glbimg.com/v1/AUTH_58d78b787ec34892b5aaa0c7a146155f/clubes_2025/silhuetas/JUV/FORMATO.png,T. Carpini,7,thiago-carpini,22,JUV,0.52,Thiago Carpini Barbosa,16,Thiago Carpini,,,,,,,,,,,,,4.0,,,,,,,,Técnico,63,81.33,Bom,False
412,0.0,280,1,6.23,False,106160,7.15,https://s3.glbimg.com/v1/AUTH_58d78b787ec34892b5aaa0c7a146155f/clubes_2025/silhuetas/RBB/FORMATO.png,Lucão,6,lucao,22,RBB,0.0,Lucas Alexandre Galdino de Azevedo,3,Lucão,1.0,,,,1.0,,,,,,,1.0,,,14.0,,4.0,,,,Goleiro,0,0.0,Não Jogou,False
413,0.0,285,2,0.0,False,106202,6.0,https://s3.glbimg.com/v1/AUTH_58d78b787ec34892b5aaa0c7a146155f/clubes_2025/silhuetas/INT/FORMATO.png,B. Gomes,5,bruno-gomes,22,INT,0.0,Bruno Gomes da Silva Clevelário,0,Bruno Gomes,,,,,,,,,,,,,,,,,,,,,Lateral,0,0.0,Não Jogou,False
414,0.0,276,4,2.07,False,106294,3.8,https://s3.glbimg.com/v1/AUTH_58d78b787ec34892b5aaa0c7a146155f/clubes_2025/silhuetas/SAO/FORMATO.png,M. Antônio,5,marcos-antonio,22,SAO,0.0,Marcos Antônio Silva Santos,16,Marcos Antônio,3.0,13.0,18.0,3.0,17.0,,,2.0,1.0,,,,,,,,,,,,Meia,0,0.0,Não Jogou,False
415,0.0,265,4,2.4,False,106323,5.13,https://s3.glbimg.com/v1/AUTH_58d78b787ec34892b5aaa0c7a146155f/clubes_2025/silhuetas/BAH/FORMATO.png,C. Alexandre,5,caio-alexandre,22,BAH,0.0,Caio Alexandre Souza e Silva,16,Caio Alexandre,4.0,18.0,28.0,5.0,27.0,,,1.0,1.0,,,,,,,,,,,,Meia,0,0.0,Não Jogou,False
416,0.0,280,3,5.1,False,106434,8.19,https://s3.glbimg.com/v1/AUTH_58d78b787ec34892b5aaa0c7a146155f/clubes_2025/silhuetas/RBB/FORMATO.png,E. Santos,5,eduardo-santos,22,RBB,0.0,Eduardo Gonzaga Mendes Santos,7,Eduardo Santos,,10.0,1.0,,2.0,,,,,,,4.0,,,,,,,,,Zagueiro,0,0.0,Não Jogou,False
417,7.9,283,3,5.9,True,106593,8.81,https://s3.glbimg.com/v1/AUTH_58d78b787ec34892b5aaa0c7a146155f/clubes_2025/silhuetas/CRU/FORMATO.png,Villalba,7,villalba,22,CRU,0.85,Lucas Hernán Villalba,19,Villalba,5.0,25.0,12.0,5.0,10.0,1.0,,,2.0,,3.0,11.0,,,,,,,,,Zagueiro,48,85.84,Bom,False
418,1.5,292,5,3.05,True,106681,4.39,https://s3.glbimg.com/v1/AUTH_58d78b787ec34892b5aaa0c7a146155f/clubes_2025/silhuetas/SPT/FORMATO.png,L. Pereira,7,leo-pereira,22,SPT,-0.04,Leonardo Augusto dos Santos Pereira,11,Léo Pereira,,10.0,8.0,4.0,19.0,,3.0,1.0,3.0,,,,,,,,,,,,Atacante,211,35.54,Regular,False
419,5.5,286,2,8.25,True,106708,7.52,https://s3.glbimg.com/v1/AUTH_58d78b787ec34892b5aaa0c7a146155f/clubes_2025/silhuetas/JUV/FORMATO.png,I. Formiga,6,igor-formiga,22,JUV,0.54,Igor Marques Paciência Cardoso,2,Igor Formiga,,2.0,1.0,1.0,,1.0,,,,,,1.0,,,,,,,,,Lateral,95,71.54,Bom,False
420,14.5,265,4,4.42,True,106822,8.25,https://s3.glbimg.com/v1/AUTH_58d78b787ec34892b5aaa0c7a146155f/clubes_2025/silhuetas/BAH/FORMATO.png,R. Nestor,6,rodrigo-nestor,22,BAH,2.3,Rodrigo Nestor Bertalia,9,Rodrigo Nestor,1.0,12.0,5.0,2.0,5.0,2.0,,,1.0,,1.0,,,,,,,,,,Meia,2,99.7,Muito Bom,True
421,2.0,276,2,3.43,True,106829,5.61,https://s3.glbimg.com/v1/AUTH_58d78b787ec34892b5aaa0c7a146155f/clubes_2025/silhuetas/SAO/FORMATO.png,Patryck,7,patryck,22,SAO,-0.2,Patryck Lanza dos Reis,3,Patryck,1.0,1.0,2.0,4.0,2.0,,,,1.0,,,1.0,,,,,,,,,Lateral,190,42.02,Regular,False
422,0.0,354,5,2.65,False,106918,4.19,https://s3.glbimg.com/v1/AUTH_58d78b787ec34892b5aaa0c7a146155f/clubes_2025/silhuetas/CEA/FORMATO.png,P. Baya,6,paulo-baya,22,CEA,0.0,Paulo Henrique Silva Ribeiro,6,Paulo Baya,,,,,1.0,1.0,,1.0,2.0,,,,,,,,,,,,Atacante,0,0.0,Não Jogou,False
423,0.0,265,2,6.36,True,107093,9.13,https://s3.glbimg.com/v1/AUTH_58d78b787ec34892b5aaa0c7a146155f/clubes_2025/silhuetas/BAH/FORMATO.png,L. Juba,7,luciano-juba,22,BAH,-2.24,Luciano Batista da Silva Júnior,20,Luciano Juba,2.0,21.0,16.0,7.0,7.0,5.0,1.0,3.0,3.0,,,7.0,,,,,,,,,Lateral,275,12.65,Regular,False
424,9.7,263,5,2.72,True,107170,4.98,https://s3.glbimg.com/v1/AUTH_58d78b787ec34892b5aaa0c7a146155f/clubes_2025/silhuetas/BOT/FORMATO.png,Jeffinho,7,jeffinho,22,BOT,1.95,Jefferson Ruan Pereira dos Santos,6,Jeffinho,,3.0,4.0,1.0,2.0,,,2.0,1.0,,,,,,,,,,,,Atacante,27,91.42,Bom,True
425,0.0,265,4,3.48,False,107173,7.22,https://s3.glbimg.com/v1/AUTH_58d78b787ec34892b5aaa0c7a146155f/clubes_2025/silhuetas/BAH/FORMATO.png,M. Araújo,6,michel-araujo,22,BAH,0.0,Michel Daryl Araújo Villar,11,Michel Araújo,1.0,6.0,10.0,1.0,1.0,4.0,,,,,,,,,,,,,,,Meia,0,0.0,Não Jogou,False
426,0.0,285,4,4.48,False,107174,7.37,https://s3.glbimg.com/v1/AUTH_58d78b787ec34892b5aaa0c7a146155f/clubes_2025/silhuetas/INT/FORMATO.png,B. Tabata,6,bruno-tabata,22,INT,0.0,Bruno Vinícius Souza Ramos,16,Bruno Tabata,4.0,15.0,10.0,8.0,19.0,3.0,2.0,1.0,7.0,,1.0,,,,,,,,,,Meia,0,0.0,Não Jogou,False
427,0.0,264,1,3.08,False,107179,4.42,https://s3.glbimg.com/v1/AUTH_58d78b787ec34892b5aaa0c7a146155f/clubes_2025/silhuetas/COR/FORMATO.png,M. Donelli,6,matheus-donelli,22,COR,0.0,Matheus Planelles Donelli,5,Matheus Donelli,1.0,,,,1.0,,,,,,,1.0,,,13.0,,6.0,,,,Goleiro,0,0.0,Não Jogou,False
428,0.0,263,1,6.3,False,107183,6.98,https://s3.glbimg.com/v1/AUTH_58d78b787ec34892b5aaa0c7a146155f/clubes_2025/silhuetas/BOT/FORMATO.png,L. Linck,6,leo-linck,22,BOT,0.0,Leonardo Matias Baiersdorf Linck,1,Léo Linck,,,,,,,,,,,,1.0,,,1.0,,,,,,Goleiro,0,0.0,Não Jogou,False
429,0.0,356,1,2.9,False,107221,3.44,https://s3.glbimg.com/v1/AUTH_58d78b787ec34892b5aaa0c7a146155f/clubes_2025/silhuetas/FOR/FORMATO.png,Magrão,6,magrao,22,FOR,0.0,Audenirton Soares da Silva,2,Magrão,,,,,,,,,,,,,,,6.0,,2.0,,,,Goleiro,0,0.0,Não Jogou,False
430,12.6,263,4,2.82,True,107231,9.32,https://s3.glbimg.com/v1/AUTH_58d78b787ec34892b5aaa0c7a146155f/clubes_2025/silhuetas/BOT/FORMATO.png,Danilo,7,danilo,22,BOT,1.87,Danilo dos Santos de Oliveira,5,Danilo,1.0,3.0,1.0,3.0,1.0,1.0,,,,,,,,,,,,,,,Meia,8,97.89,Muito Bom,True
431,5.7,280,2,3.97,True,107236,5.78,https://s3.glbimg.com/v1/AUTH_58d78b787ec34892b5aaa0c7a146155f/clubes_2025/silhuetas/RBB/FORMATO.png,Vanderlan,7,vanderlan,22,RBB,0.45,Vanderlan Barbosa da Silva,6,Vanderlan,,12.0,10.0,1.0,6.0,,,1.0,,,,,,,,,,,,,Lateral,92,72.44,Bom,False
432,0.5,286,5,2.58,True,107516,4.17,https://s3.glbimg.com/v1/AUTH_58d78b787ec34892b5aaa0c7a146155f/clubes_2025/silhuetas/JUV/FORMATO.png,Ênio,6,enio,22,JUV,-0.11,Sebastião Ênio Santos de Almeida,14,Ênio,2.0,6.0,4.0,6.0,23.0,1.0,5.0,,3.0,,1.0,,,,,,,,,,Atacante,256,22.14,Regular,False
433,2.0,282,2,5.14,True,107554,8.06,https://s3.glbimg.com/v1/AUTH_58d78b787ec34892b5aaa0c7a146155f/clubes_2025/silhuetas/CAM/FORMATO.png,Natanael,7,natanael,22,CAM,0.21,Natanael Moreira Milouski,20,Natanael,1.0,32.0,18.0,8.0,17.0,1.0,2.0,,3.0,,,7.0,,,,,,,,,Lateral,190,42.02,Regular,False
434,0.0,292,1,0.0,False,107698,1.0,https://s3.glbimg.com/v1/AUTH_58d78b787ec34892b5aaa0c7a146155f/clubes_2025/silhuetas/SPT/FORMATO.png,Adriano,6,adriano,22,SPT,0.0,Antônio Adriano Nascimento de Sousa,0,Adriano,,,,,,,,,,,,,,,,,,,,,Goleiro,0,0.0,Não Jogou,False
435,1.5,292,5,3.85,True,107726,6.05,https://s3.glbimg.com/v1/AUTH_58d78b787ec34892b5aaa0c7a146155f/clubes_2025/silhuetas/SPT/FORMATO.png,C. Barletta,6,chrystian-barletta,22,SPT,0.21,Chrystian Amaral Barletta de Almeida,20,Chrystian Barletta,1.0,14.0,9.0,14.0,20.0,2.0,5.0,,14.0,,2.0,,,,,,,,,,Atacante,211,35.54,Regular,False
436,0.5,280,4,2.17,True,107744,4.38,https://s3.glbimg.com/v1/AUTH_58d78b787ec34892b5aaa0c7a146155f/clubes_2025/silhuetas/RBB/FORMATO.png,Praxedes,6,praxedes,22,RBB,-0.3,Bruno Conceição Praxedes,7,Praxedes,1.0,4.0,5.0,6.0,9.0,,,,2.0,,,,,,,,,,,,Meia,256,22.14,Regular,False
437,0.0,284,1,0.0,False,107748,3.0,https://s3.glbimg.com/v1/AUTH_58d78b787ec34892b5aaa0c7a146155f/clubes_2025/silhuetas/GRE/FORMATO.png,Adriel,6,adriel,22,GRE,0.0,Adriel Vasconcelos Ramos,0,Adriel,,,,,,,,,,,,,,,,,,,,,Goleiro,0,0.0,Não Jogou,False
438,0.0,286,3,1.35,False,107801,2.43,https://s3.glbimg.com/v1/AUTH_58d78b787ec34892b5aaa0c7a146155f/clubes_2025/silhuetas/JUV/FORMATO.png,Natã,5,nata,22,JUV,0.0,Natã Felipe de Amorim Santos,2,Natã,,2.0,1.0,,,,,,,,,,,,,,,,,,Zagueiro,0,0.0,Não Jogou,False
439,0.2,356,4,0.2,True,107812,3.67,https://s3.glbimg.com/v1/AUTH_58d78b787ec34892b5aaa0c7a146155f/clubes_2025/silhuetas/FOR/FORMATO.png,Pierre,6,pierre,22,FOR,-0.33,Pierre Wagner Oliveira dos Santos,1,Pierre,,,1.0,,1.0,,,,,,,,,,,,,,,,Meia,272,18.22,Regular,False
440,0.0,287,1,0.0,False,107859,2.0,https://s3.glbimg.com/v1/AUTH_58d78b787ec34892b5aaa0c7a146155f/clubes_2025/silhuetas/VIT/FORMATO.png,Fintelman,6,fintelman,22,VIT,0.0,Alexandre Fintelman de Mello Ribeiro da Silva,0,Fintelman,,,,,,,,,,,,,,,,,,,,,Goleiro,0,0.0,Não Jogou,False
441,1.5,276,4,4.27,True,107873,5.79,https://s3.glbimg.com/v1/AUTH_58d78b787ec34892b5aaa0c7a146155f/clubes_2025/silhuetas/SAO/FORMATO.png,Bobadilla,7,bobadilla,22,SAO,-1.3,Damián Josué Bobadilla Benítez,17,Bobadilla,2.0,30.0,18.0,5.0,8.0,2.0,1.0,1.0,5.0,,,,,,,,,,,,Meia,211,35.54,Regular,False
442,0.0,264,2,2.23,False,107908,5.41,https://s3.glbimg.com/v1/AUTH_58d78b787ec34892b5aaa0c7a146155f/clubes_2025/silhuetas/COR/FORMATO.png,Hugo,6,hugo,22,COR,0.0,Hugo Ferreira de Farias,3,Hugo,,3.0,1.0,1.0,1.0,,,,1.0,,,,,,,,,,,,Lateral,0,0.0,Não Jogou,False
443,0.0,282,4,3.05,False,107950,7.08,https://s3.glbimg.com/v1/AUTH_58d78b787ec34892b5aaa0c7a146155f/clubes_2025/silhuetas/CAM/FORMATO.png,F. Vera,6,fausto-vera,22,CAM,0.0,Fausto Mariano Vera,9,Fausto Vera,2.0,13.0,10.0,3.0,5.0,1.0,,,,,,,,,,,,,,,Meia,0,0.0,Não Jogou,False
444,4.4,285,5,3.77,True,107989,5.82,https://s3.glbimg.com/v1/AUTH_58d78b787ec34892b5aaa0c7a146155f/clubes_2025/silhuetas/INT/FORMATO.png,Carbonero,7,carbonero,22,INT,0.51,Johan Stiven Carbonero Balanta,10,Carbonero,1.0,2.0,11.0,6.0,20.0,2.0,4.0,,3.0,2.0,1.0,,,,,,,,,,Atacante,118,63.86,Regular,False
445,0.0,280,5,3.72,False,108133,7.9,https://s3.glbimg.com/v1/AUTH_58d78b787ec34892b5aaa0c7a146155f/clubes_2025/silhuetas/RBB/FORMATO.png,I. Pitta,5,isidro-pitta,22,RBB,0.0,Isidro Miguel Pitta Saldívar,16,Isidro Pitta,3.0,1.0,14.0,6.0,9.0,6.0,7.0,1.0,3.0,,,,,,,,,,,,Atacante,0,0.0,Não Jogou,False
446,0.0,354,3,0.0,False,108176,4.0,https://s3.glbimg.com/v1/AUTH_58d78b787ec34892b5aaa0c7a146155f/clubes_2025/silhuetas/CEA/FORMATO.png,G. Lacerda,6,gabriel-lacerda,22,CEA,0.0,Gabriel Santos Cordeiro Lacerda,0,Gabriel Lacerda,,,,,,,,,,,,,,,,,,,,,Zagueiro,0,0.0,Não Jogou,False
447,0.5,263,3,3.63,True,108274,4.34,https://s3.glbimg.com/v1/AUTH_58d78b787ec34892b5aaa0c7a146155f/clubes_2025/silhuetas/BOT/FORMATO.png,D. Ricardo,7,david-ricardo,22,BOT,-0.22,David Ricardo Loiola da Silva,9,David Ricardo,,5.0,8.0,2.0,2.0,1.0,,,,,,4.0,,1.0,,,,,,,Zagueiro,256,22.14,Regular,False
448,5.8,266,5,3.15,True,108474,7.34,https://s3.glbimg.com/v1/AUTH_58d78b787ec34892b5aaa0c7a146155f/clubes_2025/silhuetas/FLU/FORMATO.png,S. Moreno,7,santi-moreno,22,FLU,0.95,Santiago Moreno,2,Santi Moreno,1.0,5.0,4.0,,2.0,,,,,,,,,,,,,,,,Atacante,91,72.89,Bom,False
449,0.5,284,5,2.51,True,108548,3.77,https://s3.glbimg.com/v1/AUTH_58d78b787ec34892b5aaa0c7a146155f/clubes_2025/silhuetas/GRE/FORMATO.png,Aravena,6,aravena,22,GRE,-0.06,Alexander Ernesto Aravena Guzmán,13,Aravena,1.0,6.0,4.0,4.0,5.0,2.0,1.0,,1.0,,1.0,,,,,,,,,,Atacante,256,22.14,Regular,False
450,0.0,276,5,3.0,True,108588,5.57,https://s3.glbimg.com/v1/AUTH_58d78b787ec34892b5aaa0c7a146155f/clubes_2025/silhuetas/SAO/FORMATO.png,Tapia,6,tapia,22,SAO,-1.17,Gonzalo Andrés Tapia Dubournais,6,Tapia,2.0,,3.0,2.0,2.0,2.0,1.0,,2.0,,,,,,,,,,,,Atacante,275,12.65,Regular,False
451,0.0,267,5,0.02,False,108671,1.83,https://s3.glbimg.com/v1/AUTH_58d78b787ec34892b5aaa0c7a146155f/clubes_2025/silhuetas/VAS/FORMATO.png,Garré,6,garre,22,VAS,0.0,Benjamín Antonio Garré,8,Garré,1.0,1.0,6.0,,3.0,,,,,,,,,,,,,,,,Atacante,0,0.0,Não Jogou,False
452,0.0,275,4,3.43,False,108683,5.47,https://s3.glbimg.com/v1/AUTH_58d78b787ec34892b5aaa0c7a146155f/clubes_2025/silhuetas/PAL/FORMATO.png,E. Martínez,6,emiliano-martinez,22,PAL,0.0,Emiliano Martínez Toranza,16,Emiliano Martínez,2.0,29.0,18.0,4.0,8.0,1.0,,,3.0,,,,,,,,,,,,Meia,0,0.0,Não Jogou,False
453,1.6,354,5,5.18,True,108713,6.11,https://s3.glbimg.com/v1/AUTH_58d78b787ec34892b5aaa0c7a146155f/clubes_2025/silhuetas/CEA/FORMATO.png,Galeano,7,galeano,22,CEA,-0.93,Antonio Javier Galeano Ferreira,19,Galeano,1.0,20.0,15.0,7.0,34.0,4.0,7.0,2.0,6.0,,1.0,,,,,,,,,,Atacante,208,37.35,Regular,False
454,3.7,262,5,4.89,True,109096,7.34,https://s3.glbimg.com/v1/AUTH_58d78b787ec34892b5aaa0c7a146155f/clubes_2025/silhuetas/FLA/FORMATO.png,Plata,7,plata,22,FLA,0.43,Gonzalo Jordy Plata Jiménez,14,Plata,,19.0,13.0,5.0,10.0,3.0,2.0,1.0,5.0,,,,,,,,,,,,Atacante,144,56.78,Regular,False
455,0.0,265,5,6.08,True,109401,8.61,https://s3.glbimg.com/v1/AUTH_58d78b787ec34892b5aaa0c7a146155f/clubes_2025/silhuetas/BAH/FORMATO.png,E. Pulga,7,erick-pulga,22,BAH,-0.28,Erick da Costa Farias,16,Erick Pulga,3.0,24.0,12.0,19.0,32.0,2.0,3.0,3.0,5.0,,,,,,,,,,,,Atacante,275,12.65,Regular,False
456,0.0,356,2,0.43,False,109426,2.29,https://s3.glbimg.com/v1/AUTH_58d78b787ec34892b5aaa0c7a146155f/clubes_2025/silhuetas/FOR/FORMATO.png,Weverson,6,weverson,22,FOR,0.0,Weverson Moreira da Costa,3,Weverson,,1.0,5.0,1.0,1.0,,,,,,,,,,,,,,,,Lateral,0,0.0,Não Jogou,False
457,-1.4,266,4,2.6,True,109573,5.87,https://s3.glbimg.com/v1/AUTH_58d78b787ec34892b5aaa0c7a146155f/clubes_2025/silhuetas/FLU/FORMATO.png,Martinelli,7,martinelli,22,FLU,-0.42,Matheus Martinelli Lima,19,Martinelli,4.0,20.0,23.0,2.0,23.0,1.0,1.0,1.0,2.0,,1.0,,,,,,,1.0,,,Meia,330,0.9,Ruim,False
458,4.2,286,5,4.16,True,109899,6.75,https://s3.glbimg.com/v1/AUTH_58d78b787ec34892b5aaa0c7a146155f/clubes_2025/silhuetas/JUV/FORMATO.png,Batalla,7,batalla,22,JUV,-0.75,Emerson Geovanny Batalla Martínez - Enmerson,19,Batalla,3.0,15.0,15.0,7.0,29.0,4.0,1.0,1.0,6.0,,,,,,,,,,,,Atacante,127,61.6,Regular,False
459,0.0,284,4,1.41,False,109966,3.55,https://s3.glbimg.com/v1/AUTH_58d78b787ec34892b5aaa0c7a146155f/clubes_2025/silhuetas/GRE/FORMATO.png,Monsalve,5,monsalve,22,GRE,0.0,Miguel Ángel Monsalve Gonzáles - González,8,Monsalve,2.0,3.0,9.0,1.0,9.0,,,1.0,1.0,,,,,,,,,,,,Meia,0,0.0,Não Jogou,False
460,0.0,280,4,0.0,False,110062,1.0,https://s3.glbimg.com/v1/AUTH_58d78b787ec34892b5aaa0c7a146155f/clubes_2025/silhuetas/RBB/FORMATO.png,J. Neto,6,joao-neto,22,RBB,0.0,João Roberto Rota Neto,0,João Neto,,,,,,,,,,,,,,,,,,,,,Meia,0,0.0,Não Jogou,False
461,0.0,264,4,2.28,False,110311,4.17,https://s3.glbimg.com/v1/AUTH_58d78b787ec34892b5aaa0c7a146155f/clubes_2025/silhuetas/COR/FORMATO.png,J. Martínez,5,jose-martinez,22,COR,0.0,José Andrés Martínez Torres,14,José Martínez,7.0,15.0,11.0,3.0,22.0,,1.0,1.0,2.0,,,,,,,,,1.0,,,Meia,0,0.0,Não Jogou,False
462,4.9,285,2,5.88,True,110426,12.97,https://s3.glbimg.com/v1/AUTH_58d78b787ec34892b5aaa0c7a146155f/clubes_2025/silhuetas/INT/FORMATO.png,Bernabéi,7,bernabei,22,INT,-0.1,Alexandro Ezequiel Bernabéi,16,Bernabéi,3.0,38.0,28.0,7.0,14.0,,1.0,4.0,5.0,,,2.0,,,,,,,,,Lateral,106,67.92,Regular,False
463,3.5,275,6,6.5,True,110506,11.86,https://s3.glbimg.com/v1/AUTH_58d78b787ec34892b5aaa0c7a146155f/clubes_2025/silhuetas/PAL/FORMATO.png,A. Ferreira,7,abel-ferreira,22,PAL,-0.86,Abel Fernando Moreira Ferreira,20,Abel Ferreira,,,,,,,,,,,,,13.0,,,,,,,,Técnico,147,55.57,Regular,False
464,2.4,285,2,4.64,True,110510,7.52,https://s3.glbimg.com/v1/AUTH_58d78b787ec34892b5aaa0c7a146155f/clubes_2025/silhuetas/INT/FORMATO.png,Aguirre,7,aguirre,22,INT,0.01,Braian Aguirre Nahuel,19,Aguirre,2.0,40.0,19.0,5.0,2.0,1.0,2.0,,,,1.0,4.0,,,,,,,,,Lateral,177,46.69,Regular,False
465,0.0,2305,5,-0.6,False,110632,2.24,https://s3.glbimg.com/v1/AUTH_58d78b787ec34892b5aaa0c7a146155f/clubes_2025/silhuetas/MIR/FORMATO.png,L. Filipe,6,luiz-filipe,22,MIR,0.0,Luiz Filipe dos Reis Silva,1,Luiz Filipe,,,2.0,,,,,,,,,,,,,,,,,,Atacante,0,0.0,Não Jogou,False
466,8.72,287,6,8.72,True,110703,10.64,https://s3.glbimg.com/v1/AUTH_58d78b787ec34892b5aaa0c7a146155f/clubes_2025/silhuetas/VIT/FORMATO.png,R. Chagas,7,rodrigo-chagas,22,VIT,2.54,Rodrigo José Queiroz das Chagas,1,Rodrigo Chagas,,,,,,,,,,,,,1.0,,,,,,,,Técnico,41,87.95,Bom,False
467,0.0,280,2,4.51,False,110715,6.97,https://s3.glbimg.com/v1/AUTH_58d78b787ec34892b5aaa0c7a146155f/clubes_2025/silhuetas/RBB/FORMATO.png,A. Hurtado,5,andres-hurtado,22,RBB,0.0,José Andrés Hurtado Cheme,16,Andrés Hurtado,2.0,25.0,18.0,5.0,4.0,1.0,,,1.0,,,6.0,,1.0,,,,,,,Lateral,0,0.0,Não Jogou,False
468,1.4,280,3,1.73,True,110750,4.05,https://s3.glbimg.com/v1/AUTH_58d78b787ec34892b5aaa0c7a146155f/clubes_2025/silhuetas/RBB/FORMATO.png,G. Marques,7,gustavo-marques,22,RBB,0.12,Gustavo Marques Alves dos Santos,6,Gustavo Marques,,4.0,3.0,2.0,7.0,,,,1.0,,,,,,,,,1.0,,,Zagueiro,220,33.43,Regular,False
469,0.0,266,5,0.2,False,110759,6.57,https://s3.glbimg.com/v1/AUTH_58d78b787ec34892b5aaa0c7a146155f/clubes_2025/silhuetas/FLU/FORMATO.png,J. Kennedy,6,john-kennedy,22,FLU,0.0,John Kennedy Batista de Souza,3,John Kennedy,,,1.0,,2.0,,1.0,,,,,,,,,,,,,,Atacante,0,0.0,Não Jogou,False
470,1.2,282,5,2.68,True,110760,6.46,https://s3.glbimg.com/v1/AUTH_58d78b787ec34892b5aaa0c7a146155f/clubes_2025/silhuetas/CAM/FORMATO.png,Biel,6,biel,22,CAM,-0.02,Gabriel Teixeira Aragão,6,Biel,,3.0,2.0,5.0,4.0,,,1.0,1.0,,,,,,,,,,,,Atacante,226,31.33,Regular,False
471,5.35,356,6,5.29,True,110818,9.09,https://s3.glbimg.com/v1/AUTH_58d78b787ec34892b5aaa0c7a146155f/clubes_2025/silhuetas/FOR/FORMATO.png,R. Paiva,7,renato-paiva,22,FOR,0.39,Renato Manuel Alves Paiva,17,Renato Paiva,,,,,,,,,,,,,5.0,,,,,,,,Técnico,100,70.18,Bom,False
472,0.0,280,2,3.82,False,110909,6.37,https://s3.glbimg.com/v1/AUTH_58d78b787ec34892b5aaa0c7a146155f/clubes_2025/silhuetas/RBB/FORMATO.png,G. Lopes,6,guilherme-lopes,22,RBB,0.0,Guilherme Lopes de Almeida,9,Guilherme Lopes,2.0,10.0,6.0,2.0,3.0,1.0,,1.0,,,,2.0,,,,,,,,1.0,Lateral,0,0.0,Não Jogou,False
473,0.0,356,4,0.0,False,111156,0.9,https://s3.glbimg.com/v1/AUTH_58d78b787ec34892b5aaa0c7a146155f/clubes_2025/silhuetas/FOR/FORMATO.png,R. Santos,6,rodrigo-santos,22,FOR,0.0,Rodrigo Oliveira dos Santos,1,Rodrigo Santos,,,,,,,,,,,,,,,,,,,,,Meia,0,0.0,Não Jogou,False
474,0.0,280,3,0.0,False,111246,4.0,https://s3.glbimg.com/v1/AUTH_58d78b787ec34892b5aaa0c7a146155f/clubes_2025/silhuetas/RBB/FORMATO.png,A. Vinicius,6,alix-vinicius,22,RBB,0.0,Alix Vinicius de Souza Sampaio,0,Alix Vinicius,,,,,,,,,,,,,,,,,,,,,Zagueiro,0,0.0,Não Jogou,False
475,0.0,284,3,5.72,False,111309,8.72,https://s3.glbimg.com/v1/AUTH_58d78b787ec34892b5aaa0c7a146155f/clubes_2025/silhuetas/GRE/FORMATO.png,G. Martins,5,gustavo-martins,22,GRE,0.0,Gustavo Martins de Souza Santos,6,Gustavo Martins,2.0,11.0,10.0,1.0,1.0,1.0,1.0,,3.0,,,2.0,,,,,,,,,Zagueiro,0,0.0,Não Jogou,False
476,8.6,286,4,5.01,True,111407,7.75,https://s3.glbimg.com/v1/AUTH_58d78b787ec34892b5aaa0c7a146155f/clubes_2025/silhuetas/JUV/FORMATO.png,L. Mandaca,7,luis-mandaca,22,JUV,0.27,Luis Gustavo da Silva Machado Duarte,19,Luis Mandaca,1.0,36.0,28.0,12.0,30.0,2.0,2.0,,6.0,,1.0,,,,,,,,,,Meia,42,87.65,Bom,False
477,0.0,292,3,0.0,False,111465,3.0,https://s3.glbimg.com/v1/AUTH_58d78b787ec34892b5aaa0c7a146155f/clubes_2025/silhuetas/SPT/FORMATO.png,Renzo,6,renzo,22,SPT,0.0,Renzo Azevedo Pimentel de Moura,0,Renzo,,,,,,,,,,,,,,,,,,,,,Zagueiro,0,0.0,Não Jogou,False
478,0.0,285,3,6.29,False,111466,9.84,https://s3.glbimg.com/v1/AUTH_58d78b787ec34892b5aaa0c7a146155f/clubes_2025/silhuetas/INT/FORMATO.png,V. Gabriel,6,victor-gabriel,22,INT,0.0,Victor Gabriel da Conceição Ribeiro,8,Victor Gabriel,,16.0,9.0,1.0,2.0,2.0,,,1.0,,,2.0,,,,,,,,,Zagueiro,0,0.0,Não Jogou,False
479,4.39,282,6,4.39,True,111577,10.37,https://s3.glbimg.com/v1/AUTH_58d78b787ec34892b5aaa0c7a146155f/clubes_2025/silhuetas/CAM/FORMATO.png,L. Gonçalves,7,lucas-goncalves,22,CAM,0.71,Lucas Gonçalves da Silva,1,Lucas Gonçalves,,,,,,,,,,,,,,,,,,,,,Técnico,125,62.65,Regular,False
480,0.0,282,1,0.0,False,111582,1.0,https://s3.glbimg.com/v1/AUTH_58d78b787ec34892b5aaa0c7a146155f/clubes_2025/silhuetas/CAM/FORMATO.png,G. Átila,6,gabriel-atila,22,CAM,0.0,Gabriel Átila Cardoso da Silva,0,Gabriel Átila,,,,,,,,,,,,,,,,,,,,,Goleiro,0,0.0,Não Jogou,False
481,0.0,275,3,2.19,False,111594,4.18,https://s3.glbimg.com/v1/AUTH_58d78b787ec34892b5aaa0c7a146155f/clubes_2025/silhuetas/PAL/FORMATO.png,Micael,6,micael,22,PAL,0.0,Micael dos Santos Silva,9,Micael,2.0,6.0,15.0,,2.0,,,,1.0,,,3.0,,,,,,,,,Zagueiro,0,0.0,Não Jogou,False
482,0.0,267,4,0.85,False,111682,3.01,https://s3.glbimg.com/v1/AUTH_58d78b787ec34892b5aaa0c7a146155f/clubes_2025/silhuetas/VAS/FORMATO.png,Adson,5,adson,22,VAS,0.0,Adson Ferreira Soares,9,Adson,,3.0,1.0,,2.0,,,,2.0,,,,,,,,,,,,Meia,0,0.0,Não Jogou,False
483,0.0,285,1,1.43,False,111683,3.31,https://s3.glbimg.com/v1/AUTH_58d78b787ec34892b5aaa0c7a146155f/clubes_2025/silhuetas/INT/FORMATO.png,Anthoni,6,anthoni,22,INT,0.0,Anthoni Spier Souza,13,Anthoni,,,,,2.0,,,,,,,2.0,,,22.0,,21.0,,,,Goleiro,0,0.0,Não Jogou,False
484,0.0,262,1,0.0,False,111690,5.0,https://s3.glbimg.com/v1/AUTH_58d78b787ec34892b5aaa0c7a146155f/clubes_2025/silhuetas/FLA/FORMATO.png,M. Cunha,6,matheus-cunha,22,FLA,0.0,Matheus Cunha Queiroz,0,Matheus Cunha,,,,,,,,,,,,,,,,,,,,,Goleiro,0,0.0,Não Jogou,False
485,0.0,356,4,0.0,False,111757,3.0,https://s3.glbimg.com/v1/AUTH_58d78b787ec34892b5aaa0c7a146155f/clubes_2025/silhuetas/FOR/FORMATO.png,R. Guilherme,6,ryan-guilherme,22,FOR,0.0,Ryan Guilherme da Silva Pae,0,Ryan Guilherme,,,,,,,,,,,,,,,,,,,,,Meia,0,0.0,Não Jogou,False
486,5.4,280,4,1.89,True,111760,3.51,https://s3.glbimg.com/v1/AUTH_58d78b787ec34892b5aaa0c7a146155f/clubes_2025/silhuetas/RBB/FORMATO.png,Fabinho,7,fabinho,22,RBB,0.33,Fábio Silva de Freitas,19,Fabinho,1.0,16.0,15.0,5.0,12.0,,,1.0,2.0,,,,,,,,,,,,Meia,97,70.78,Bom,False
487,1.4,265,5,1.8,True,111829,3.11,https://s3.glbimg.com/v1/AUTH_58d78b787ec34892b5aaa0c7a146155f/clubes_2025/silhuetas/BAH/FORMATO.png,Kayky,6,kayky,22,BAH,0.14,Kayky da Silva Chagas,15,Kayky,1.0,3.0,4.0,2.0,7.0,1.0,1.0,1.0,4.0,2.0,,,,,,,,,,,Atacante,220,33.43,Regular,False
488,0.0,263,5,3.62,False,111831,5.88,https://s3.glbimg.com/v1/AUTH_58d78b787ec34892b5aaa0c7a146155f/clubes_2025/silhuetas/BOT/FORMATO.png,M. Martins,6,matheus-martins,22,BOT,0.0,Matheus Martins Silva dos Santos,8,Matheus Martins,1.0,6.0,6.0,1.0,11.0,1.0,,,7.0,,,,,,,,,,,,Atacante,0,0.0,Não Jogou,False
489,0.0,275,2,5.5,False,111832,6.51,https://s3.glbimg.com/v1/AUTH_58d78b787ec34892b5aaa0c7a146155f/clubes_2025/silhuetas/PAL/FORMATO.png,Jefté,6,jefte,22,PAL,0.0,Jefté Vital da Silva Dias,1,Jefté,,,,,1.0,,,,,,,1.0,,,,,,,,,Lateral,0,0.0,Não Jogou,False
490,0.0,287,5,1.98,False,111951,4.96,https://s3.glbimg.com/v1/AUTH_58d78b787ec34892b5aaa0c7a146155f/clubes_2025/silhuetas/VIT/FORMATO.png,R. López,5,renzo-lopez,22,VIT,0.0,Renzo López Patrón,8,Renzo López,2.0,3.0,7.0,2.0,5.0,1.0,2.0,,3.0,,,,,,,,,,,,Atacante,0,0.0,Não Jogou,False
491,0.0,284,1,-3.0,False,112616,3.83,https://s3.glbimg.com/v1/AUTH_58d78b787ec34892b5aaa0c7a146155f/clubes_2025/silhuetas/GRE/FORMATO.png,G. Grando,6,gabriel-grando,22,GRE,0.0,Gabriel Hamester Grando,0,Gabriel Grando,,,,,,,,,,,,,,1.0,,,,,,,Goleiro,0,0.0,Não Jogou,False
492,13.2,283,2,7.84,True,112709,11.52,https://s3.glbimg.com/v1/AUTH_58d78b787ec34892b5aaa0c7a146155f/clubes_2025/silhuetas/CRU/FORMATO.png,K. Bruno,7,kaiki-bruno,22,CRU,1.06,Kaiki Bruno da Silva,20,Kaiki Bruno,6.0,55.0,42.0,11.0,26.0,,,3.0,5.0,,,10.0,,,,,,,,,Lateral,4,99.1,Muito Bom,True
493,0.8,275,5,2.05,True,112863,5.91,https://s3.glbimg.com/v1/AUTH_58d78b787ec34892b5aaa0c7a146155f/clubes_2025/silhuetas/PAL/FORMATO.png,R. Sosa,6,ramon-sosa,22,PAL,-0.12,Ramón Sosa Acosta,8,Ramón Sosa,,,3.0,4.0,4.0,,1.0,2.0,1.0,1.0,,,,,,,,,,,Atacante,241,25.9,Regular,False
494,3.9,275,4,2.55,True,112869,4.88,https://s3.glbimg.com/v1/AUTH_58d78b787ec34892b5aaa0c7a146155f/clubes_2025/silhuetas/PAL/FORMATO.png,A. Moreno,7,anibal-moreno,22,PAL,0.29,Aníbal Ismael Moreno,15,Aníbal Moreno,3.0,25.0,12.0,5.0,4.0,,,,1.0,,,,,,,,,,,,Meia,137,58.58,Regular,False
495,-0.3,280,5,4.11,True,112886,7.12,https://s3.glbimg.com/v1/AUTH_58d78b787ec34892b5aaa0c7a146155f/clubes_2025/silhuetas/RBB/FORMATO.png,L. Barbosa,7,lucas-barbosa,22,RBB,-0.27,Lucas Henrique Barbosa,19,Lucas Barbosa,4.0,29.0,36.0,13.0,23.0,1.0,6.0,2.0,11.0,,,,,1.0,,,,,,,Atacante,310,5.87,Ruim,False
496,0.0,286,4,0.85,False,112906,4.54,https://s3.glbimg.com/v1/AUTH_58d78b787ec34892b5aaa0c7a146155f/clubes_2025/silhuetas/JUV/FORMATO.png,Sforza,6,sforza,22,JUV,0.0,Juan Sebastián Sforza,2,Sforza,,1.0,1.0,,1.0,,,,,,,,,,,,,,,,Meia,0,0.0,Não Jogou,False
497,4.4,266,3,2.57,True,113034,4.43,https://s3.glbimg.com/v1/AUTH_58d78b787ec34892b5aaa0c7a146155f/clubes_2025/silhuetas/FLU/FORMATO.png,Freytes,7,freytes,22,FLU,0.43,Juan Pablo Freytes,18,Freytes,3.0,11.0,10.0,9.0,8.0,,1.0,,3.0,1.0,1.0,4.0,,1.0,,,,,,,Zagueiro,118,63.86,Regular,False
498,0.0,356,4,1.62,False,113073,3.44,https://s3.glbimg.com/v1/AUTH_58d78b787ec34892b5aaa0c7a146155f/clubes_2025/silhuetas/FOR/FORMATO.png,K. Andrade,6,kervin-andrade,22,FOR,0.0,Kervin Mario Andrade Navarro,7,Kervin Andrade,3.0,4.0,6.0,1.0,4.0,,1.0,1.0,2.0,,,,,,,,,,,,Meia,0,0.0,Não Jogou,False
499,7.4,356,2,3.88,True,113078,7.7,https://s3.glbimg.com/v1/AUTH_58d78b787ec34892b5aaa0c7a146155f/clubes_2025/silhuetas/FOR/FORMATO.png,Mancuso,7,mancuso,22,FOR,0.15,Eros Nazareno Mancuso,12,Mancuso,2.0,20.0,10.0,5.0,13.0,,1.0,,1.0,,,2.0,,,,,,,,,Lateral,58,82.53,Bom,False
500,4.1,275,5,5.95,True,113103,9.54,https://s3.glbimg.com/v1/AUTH_58d78b787ec34892b5aaa0c7a146155f/clubes_2025/silhuetas/PAL/FORMATO.png,F. López,7,flaco-lopez,22,PAL,-1.88,José Manuel Alberto López,18,Flaco López,3.0,20.0,27.0,20.0,31.0,6.0,5.0,,6.0,2.0,,,,,,,,,,,Atacante,131,60.69,Regular,False
501,4.2,280,2,2.55,True,113157,4.97,https://s3.glbimg.com/v1/AUTH_58d78b787ec34892b5aaa0c7a146155f/clubes_2025/silhuetas/RBB/FORMATO.png,N. Mendes,7,nathan-mendes,22,RBB,0.13,Nathan Gabriel de Souza Mendes,10,Nathan Mendes,2.0,9.0,6.0,1.0,10.0,,,1.0,,,,1.0,,,,,,,,,Lateral,127,61.6,Regular,False
502,0.0,283,5,1.37,False,113158,3.69,https://s3.glbimg.com/v1/AUTH_58d78b787ec34892b5aaa0c7a146155f/clubes_2025/silhuetas/CRU/FORMATO.png,Marquinhos,6,marquinhos,22,CRU,0.0,Marcus Vinícius Oliveira Alencar,14,Marquinhos,1.0,7.0,4.0,6.0,7.0,,,,2.0,,,,,,,,,,,,Atacante,0,0.0,Não Jogou,False
503,0.0,276,4,1.75,True,113359,4.41,https://s3.glbimg.com/v1/AUTH_58d78b787ec34892b5aaa0c7a146155f/clubes_2025/silhuetas/SAO/FORMATO.png,P. Maia,7,pablo-maia,22,SAO,-1.82,Pablo Gonçalves Maia Fortunato,13,Pablo Maia,2.0,9.0,15.0,1.0,10.0,1.0,,,,,1.0,,,,,,,1.0,,,Meia,275,12.65,Regular,False
504,3.2,284,5,5.21,True,113397,9.15,https://s3.glbimg.com/v1/AUTH_58d78b787ec34892b5aaa0c7a146155f/clubes_2025/silhuetas/GRE/FORMATO.png,C. Olivera,7,cristian-olivera,22,GRE,-0.18,Cristian Gonzalo Olivera Ibarra,14,Cristian Olivera,2.0,22.0,18.0,6.0,21.0,3.0,3.0,,7.0,,,,,,,,,,,,Atacante,153,53.61,Regular,False
505,0.0,277,1,0.0,False,113690,2.0,https://s3.glbimg.com/v1/AUTH_58d78b787ec34892b5aaa0c7a146155f/clubes_2025/silhuetas/SAN/FORMATO.png,Diógenes,6,diogenes,22,SAN,0.0,Diógenes Vinícius da Silva,0,Diógenes,,,,,,,,,,,,,,,,,,,,,Goleiro,0,0.0,Não Jogou,False
506,0.0,283,3,2.35,False,114334,4.83,https://s3.glbimg.com/v1/AUTH_58d78b787ec34892b5aaa0c7a146155f/clubes_2025/silhuetas/CRU/FORMATO.png,Gamarra,6,gamarra,22,CRU,0.0,Mateo Gamarra González,2,Gamarra,,4.0,1.0,,,,,,,,,,,,,,,1.0,,,Zagueiro,0,0.0,Não Jogou,False
507,0.0,283,5,0.0,True,114405,7.19,https://s3.glbimg.com/v1/AUTH_58d78b787ec34892b5aaa0c7a146155f/clubes_2025/silhuetas/CRU/FORMATO.png,Sinisterra,6,sinisterra,22,CRU,-0.81,Luis Fernando Sinisterra Lucumí,1,Sinisterra,,,,,,,,,,,,,,,,,,,,,Atacante,275,12.65,Regular,False
508,0.0,262,3,5.0,False,114790,4.72,https://s3.glbimg.com/v1/AUTH_58d78b787ec34892b5aaa0c7a146155f/clubes_2025/silhuetas/FLA/FORMATO.png,Cleiton,6,cleiton,22,FLA,0.0,Cleiton Santana dos Santos,1,Cleiton,,,,,,,,,,,,1.0,,,,,,,,,Zagueiro,0,0.0,Não Jogou,False
509,13.8,275,5,6.46,True,114802,12.7,https://s3.glbimg.com/v1/AUTH_58d78b787ec34892b5aaa0c7a146155f/clubes_2025/silhuetas/PAL/FORMATO.png,V. Roque,7,vitor-roque,22,PAL,0.21,Vitor Hugo Roque Ferreira,19,Vitor Roque,2.0,21.0,21.0,11.0,42.0,5.0,8.0,3.0,13.0,,,,,,,,,,,,Atacante,3,99.4,Muito Bom,True
510,0.0,277,4,0.0,False,115025,3.0,https://s3.glbimg.com/v1/AUTH_58d78b787ec34892b5aaa0c7a146155f/clubes_2025/silhuetas/SAN/FORMATO.png,Miguelito,6,miguelito,22,SAN,0.0,Miguel Àngel Terceros,0,Miguelito,,,,,,,,,,,,,,,,,,,,,Meia,0,0.0,Não Jogou,False
511,1.2,267,5,1.2,True,115100,8.55,https://s3.glbimg.com/v1/AUTH_58d78b787ec34892b5aaa0c7a146155f/clubes_2025/silhuetas/VAS/FORMATO.png,M. França,6,matheus-franca,22,VAS,-0.45,Matheus França de Oliveira,1,Matheus França,,,,,,,,,1.0,,,,,,,,,,,,Atacante,226,31.33,Regular,False
512,0.8,267,3,2.48,True,115141,4.14,https://s3.glbimg.com/v1/AUTH_58d78b787ec34892b5aaa0c7a146155f/clubes_2025/silhuetas/VAS/FORMATO.png,L. Freitas,7,lucas-freitas,22,VAS,-0.4,Lucas de Freitas Molarinho Chagas,15,Lucas Freitas,1.0,11.0,12.0,3.0,10.0,1.0,,,,1.0,,2.0,,,,,,1.0,,,Zagueiro,241,25.9,Regular,False
513,7.6,280,4,4.69,True,115248,8.17,https://s3.glbimg.com/v1/AUTH_58d78b787ec34892b5aaa0c7a146155f/clubes_2025/silhuetas/RBB/FORMATO.png,J. Jhon,7,jhon-jhon,22,RBB,-0.23,Jhonatan dos Santos Rosa,20,Jhon Jhon,4.0,14.0,17.0,9.0,36.0,4.0,2.0,3.0,6.0,,1.0,,,,,,,,,,Meia,53,84.04,Bom,False
514,2.5,354,3,4.13,True,115537,5.12,https://s3.glbimg.com/v1/AUTH_58d78b787ec34892b5aaa0c7a146155f/clubes_2025/silhuetas/CEA/FORMATO.png,M. Victor,7,marcos-victor,22,CEA,-0.3,Marcos Victor Ferreira da Silva,3,Marcos Victor,,4.0,1.0,1.0,2.0,,1.0,,,,,1.0,,,,,,,,,Zagueiro,174,47.59,Regular,False
515,0.8,354,4,0.07,True,115563,2.68,https://s3.glbimg.com/v1/AUTH_58d78b787ec34892b5aaa0c7a146155f/clubes_2025/silhuetas/CEA/FORMATO.png,Rodriguinho,6,rodriguinho,22,CEA,-0.15,Rodrigo Henrique Santos de Souza,3,Rodriguinho,,,2.0,1.0,,,,,,,,,,,,,,,,,Meia,241,25.9,Regular,False
516,0.0,286,5,1.25,False,115586,3.01,https://s3.glbimg.com/v1/AUTH_58d78b787ec34892b5aaa0c7a146155f/clubes_2025/silhuetas/JUV/FORMATO.png,E. Galego,6,emerson-galego,22,JUV,0.0,Emerson Mendes de Carvalho,2,Emerson Galego,,1.0,,,2.0,,,,,,,,,,,,,,,,Atacante,0,0.0,Não Jogou,False
517,0.0,286,2,2.08,False,115594,3.48,https://s3.glbimg.com/v1/AUTH_58d78b787ec34892b5aaa0c7a146155f/clubes_2025/silhuetas/JUV/FORMATO.png,M. Paulo,6,marcos-paulo,22,JUV,0.0,Marcos Paulo Lima Batista Silva,10,Marcos Paulo,4.0,13.0,13.0,1.0,4.0,,,,2.0,,,1.0,,,,,,1.0,,,Lateral,0,0.0,Não Jogou,False
518,0.0,282,1,1.9,False,115674,2.55,https://s3.glbimg.com/v1/AUTH_58d78b787ec34892b5aaa0c7a146155f/clubes_2025/silhuetas/CAM/FORMATO.png,G. Delfim,6,gabriel-delfim,22,CAM,0.0,Gabriel Delfim Ferreira,1,Gabriel Delfim,,,,,,,,,,,,,,,3.0,,2.0,,,,Goleiro,0,0.0,Não Jogou,False
519,0.0,262,4,2.65,True,115914,4.25,https://s3.glbimg.com/v1/AUTH_58d78b787ec34892b5aaa0c7a146155f/clubes_2025/silhuetas/FLA/FORMATO.png,E. Araújo,6,evertton-araujo,22,FLA,-0.64,Everton Gustavo Fernandes Araújo,11,Evertton Araújo,1.0,11.0,13.0,1.0,8.0,1.0,,,4.0,,,,,,,,,,,,Meia,275,12.65,Regular,False
520,0.0,262,4,1.6,False,116012,3.77,https://s3.glbimg.com/v1/AUTH_58d78b787ec34892b5aaa0c7a146155f/clubes_2025/silhuetas/FLA/FORMATO.png,M. Gonçalves,6,matheus-goncalves,22,FLA,0.0,Matheus Gonçalves Martins,4,Matheus Gonçalves,,3.0,1.0,,2.0,,,,1.0,,,,,,,,,,,,Meia,0,0.0,Não Jogou,False
521,0.0,262,4,1.5,False,116034,4.23,https://s3.glbimg.com/v1/AUTH_58d78b787ec34892b5aaa0c7a146155f/clubes_2025/silhuetas/FLA/FORMATO.png,V. Hugo,6,victor-hugo,22,FLA,0.0,Victor Hugo Gomes Silva,1,Victor Hugo,,1.0,,,,,,,,,,,,,,,,,,,Meia,0,0.0,Não Jogou,False
522,0.0,263,2,6.37,False,116065,9.73,https://s3.glbimg.com/v1/AUTH_58d78b787ec34892b5aaa0c7a146155f/clubes_2025/silhuetas/BOT/FORMATO.png,Cuiabano,6,cuiabano,22,BOT,0.0,Luís Eduardo Soares da Silva,13,Cuiabano,2.0,13.0,10.0,4.0,10.0,2.0,1.0,1.0,1.0,,1.0,7.0,,,,,,,,,Lateral,0,0.0,Não Jogou,False
523,0.0,284,1,0.0,False,116067,1.0,https://s3.glbimg.com/v1/AUTH_58d78b787ec34892b5aaa0c7a146155f/clubes_2025/silhuetas/GRE/FORMATO.png,T. Beltrame,6,thiago-beltrame,22,GRE,0.0,Thiago Beltrame Stallbaum,0,Thiago Beltrame,,,,,,,,,,,,,,,,,,,,,Goleiro,0,0.0,Não Jogou,False
524,4.2,266,4,2.9,True,116447,6.17,https://s3.glbimg.com/v1/AUTH_58d78b787ec34892b5aaa0c7a146155f/clubes_2025/silhuetas/FLU/FORMATO.png,Hércules,7,hercules,22,FLU,-0.62,Hércules Pereira do Nascimento,17,Hércules,1.0,18.0,20.0,6.0,6.0,2.0,,,2.0,,1.0,,,,,,,,,,Meia,127,61.6,Regular,False
525,0.0,287,2,5.15,False,116461,7.87,https://s3.glbimg.com/v1/AUTH_58d78b787ec34892b5aaa0c7a146155f/clubes_2025/silhuetas/VIT/FORMATO.png,Jamerson,5,jamerson,22,VIT,0.0,Jamerson Santos de Jesus,12,Jamerson,,20.0,8.0,6.0,7.0,,1.0,2.0,5.0,,,2.0,,,,,,,,,Lateral,0,0.0,Não Jogou,False
526,0.0,356,3,0.0,False,116589,3.0,https://s3.glbimg.com/v1/AUTH_58d78b787ec34892b5aaa0c7a146155f/clubes_2025/silhuetas/FOR/FORMATO.png,L. Gazal,6,lucas-gazal,22,FOR,0.0,Lucas Xavier Gazal,0,Lucas Gazal,,,,,,,,,,,,,,,,,,,,,Zagueiro,0,0.0,Não Jogou,False
527,0.0,267,5,4.6,False,116706,8.83,https://s3.glbimg.com/v1/AUTH_58d78b787ec34892b5aaa0c7a146155f/clubes_2025/silhuetas/VAS/FORMATO.png,A. Gómez,6,andres-gomez,22,VAS,0.0,Carlos Andrés Gómez Hinestroza,1,Andrés Gómez,,,1.0,,,,1.0,1.0,,,,,,,,,,,,,Atacante,0,0.0,Não Jogou,False
528,0.0,2305,3,3.8,False,117061,4.63,https://s3.glbimg.com/v1/AUTH_58d78b787ec34892b5aaa0c7a146155f/clubes_2025/silhuetas/MIR/FORMATO.png,G. Knesowitsch,6,gabriel-knesowitsch,22,MIR,0.0,Gabriel Knesowitsch,3,Gabriel Knesowitsch,,2.0,,,2.0,,,,2.0,,,1.0,,,,,,,,,Zagueiro,0,0.0,Não Jogou,False
529,0.0,280,5,1.58,False,117314,2.98,https://s3.glbimg.com/v1/AUTH_58d78b787ec34892b5aaa0c7a146155f/clubes_2025/silhuetas/RBB/FORMATO.png,T. Borbas,6,thiago-borbas,22,RBB,0.0,Thiago Nicolás Borbas Silva,11,Thiago Borbas,3.0,2.0,6.0,3.0,5.0,1.0,,1.0,1.0,,,,,,,,,,,,Atacante,0,0.0,Não Jogou,False
530,0.0,267,3,0.0,False,117330,7.0,https://s3.glbimg.com/v1/AUTH_58d78b787ec34892b5aaa0c7a146155f/clubes_2025/silhuetas/VAS/FORMATO.png,R. Renan,6,robert-renan,22,VAS,0.0,Robert Renan Alves Barbosa,0,Robert Renan,,,,,,,,,,,,,,,,,,,,,Zagueiro,0,0.0,Não Jogou,False
531,0.0,286,3,-2.3,False,117336,1.82,https://s3.glbimg.com/v1/AUTH_58d78b787ec34892b5aaa0c7a146155f/clubes_2025/silhuetas/JUV/FORMATO.png,Cipriano,6,cipriano,22,JUV,0.0,João Luiz da Silva Cipriano,2,Cipriano,1.0,,2.0,,,,,,,,,,,1.0,,,,,,,Zagueiro,0,0.0,Não Jogou,False
532,0.0,2305,5,0.0,False,117403,3.0,https://s3.glbimg.com/v1/AUTH_58d78b787ec34892b5aaa0c7a146155f/clubes_2025/silhuetas/MIR/FORMATO.png,R. Marques,6,renato-marques,22,MIR,0.0,Renato Marques de Oliveira Júnior,0,Renato Marques,,,,,,,,,,,,,,,,,,,,,Atacante,0,0.0,Não Jogou,False
533,0.0,283,1,0.0,False,117404,1.0,https://s3.glbimg.com/v1/AUTH_58d78b787ec34892b5aaa0c7a146155f/clubes_2025/silhuetas/CRU/FORMATO.png,Otávio,6,otavio,22,CRU,0.0,Otávio Eleodoro Rezende Costa,0,Otávio,,,,,,,,,,,,,,,,,,,,,Goleiro,0,0.0,Não Jogou,False
534,1.1,264,4,3.85,True,117632,13.07,https://s3.glbimg.com/v1/AUTH_58d78b787ec34892b5aaa0c7a146155f/clubes_2025/silhuetas/COR/FORMATO.png,Garro,7,garro,22,COR,-0.8,Rodrigo Garro,11,Garro,3.0,7.0,13.0,5.0,33.0,,,1.0,6.0,,2.0,,,,,,,,,,Meia,233,30.12,Regular,False
535,0.0,276,1,0.6,False,117818,2.04,https://s3.glbimg.com/v1/AUTH_58d78b787ec34892b5aaa0c7a146155f/clubes_2025/silhuetas/SAO/FORMATO.png,Young,6,young,22,SAO,0.0,Young Navarro Moraes,1,Young,,,,,,,,,,,,,,,2.0,,2.0,,,,Goleiro,0,0.0,Não Jogou,False
536,4.6,264,4,3.75,True,117910,7.66,https://s3.glbimg.com/v1/AUTH_58d78b787ec34892b5aaa0c7a146155f/clubes_2025/silhuetas/COR/FORMATO.png,B. Bidon,7,breno-bidon,22,COR,-0.54,Breno de Souza Bidon,20,Breno Bidon,6.0,31.0,41.0,8.0,48.0,1.0,1.0,1.0,3.0,,,,,,,,,,,,Meia,115,65.66,Regular,False
537,0.0,266,5,0.5,False,117930,3.45,https://s3.glbimg.com/v1/AUTH_58d78b787ec34892b5aaa0c7a146155f/clubes_2025/silhuetas/FLU/FORMATO.png,Lavega,6,lavega,22,FLU,0.0,Joaquín Lavega Colzada,1,Lavega,,,,,1.0,,,,,,,,,,,,,,,,Atacante,0,0.0,Não Jogou,False
538,0.0,262,3,0.0,False,118090,2.0,https://s3.glbimg.com/v1/AUTH_58d78b787ec34892b5aaa0c7a146155f/clubes_2025/silhuetas/FLA/FORMATO.png,Iago,6,iago,22,FLA,0.0,Iago Teodoro da Silva Nogueira,0,Iago,,,,,,,,,,,,,,,,,,,,,Zagueiro,0,0.0,Não Jogou,False
539,1.8,276,4,1.97,True,118563,2.53,https://s3.glbimg.com/v1/AUTH_58d78b787ec34892b5aaa0c7a146155f/clubes_2025/silhuetas/SAO/FORMATO.png,Rodriguinho,7,rodriguinho,22,SAO,-0.11,Rodrigo Huendra Almeida Mendonça,12,Rodriguinho,4.0,9.0,13.0,11.0,1.0,,,1.0,3.0,,,,,,,,,,,,Meia,201,39.61,Regular,False
540,0.0,292,2,1.07,True,118701,1.9,https://s3.glbimg.com/v1/AUTH_58d78b787ec34892b5aaa0c7a146155f/clubes_2025/silhuetas/SPT/FORMATO.png,Kevyson,6,kevyson,22,SPT,-0.12,Kevyson Costa e Silva,7,Kevyson,2.0,3.0,6.0,1.0,2.0,,,,,,,1.0,,,,,,,,,Lateral,275,12.65,Regular,False
541,1.8,267,4,1.2,True,118752,3.68,https://s3.glbimg.com/v1/AUTH_58d78b787ec34892b5aaa0c7a146155f/clubes_2025/silhuetas/VAS/FORMATO.png,M. Carvalho,5,mateus-carvalho,22,VAS,0.1,Mateus Carvalho dos Santos,10,Mateus Carvalho,1.0,9.0,11.0,1.0,4.0,,,,,,,,,,,,,,,,Meia,201,39.61,Regular,False
542,4.1,282,4,4.24,True,118774,7.55,https://s3.glbimg.com/v1/AUTH_58d78b787ec34892b5aaa0c7a146155f/clubes_2025/silhuetas/CAM/FORMATO.png,Alexsander,7,alexsander,22,CAM,-0.33,Alexsander Cristhian Gomes da Costa - Christian,5,Alexsander,2.0,14.0,11.0,1.0,7.0,,,,1.0,,,,,,,,,,,,Meia,131,60.69,Regular,False
543,0.0,283,5,0.2,False,118775,3.07,https://s3.glbimg.com/v1/AUTH_58d78b787ec34892b5aaa0c7a146155f/clubes_2025/silhuetas/CRU/FORMATO.png,L. Díaz,6,lautaro-diaz,22,CRU,0.0,Lautaro Ariel Díaz,6,Lautaro Díaz,,,,,,,,,1.0,,,,,,,,,,,,Atacante,0,0.0,Não Jogou,False
544,0.0,356,4,9.3,False,121668,5.37,https://s3.glbimg.com/v1/AUTH_58d78b787ec34892b5aaa0c7a146155f/clubes_2025/silhuetas/FOR/FORMATO.png,Bruninho,6,bruninho,22,FOR,0.0,Bruno César Pereira Silva,1,Bruninho,,5.0,,1.0,2.0,,,,,,,,,,,,,,,,Meia,0,0.0,Não Jogou,False
545,0.0,267,2,0.0,False,121766,2.0,https://s3.glbimg.com/v1/AUTH_58d78b787ec34892b5aaa0c7a146155f/clubes_2025/silhuetas/VAS/FORMATO.png,P. Ricardo,6,paulo-ricardo,22,VAS,0.0,Paulo Ricardo de Souza Babilônia,0,Paulo Ricardo,,,,,,,,,,,,,,,,,,,,,Lateral,0,0.0,Não Jogou,False
546,0.8,284,5,2.41,True,121792,3.4,https://s3.glbimg.com/v1/AUTH_58d78b787ec34892b5aaa0c7a146155f/clubes_2025/silhuetas/GRE/FORMATO.png,André,6,andre,22,GRE,-0.06,André Henrique da Silva Martins,11,André,1.0,,4.0,8.0,3.0,1.0,1.0,1.0,4.0,,1.0,,,,,,,,,,Atacante,241,25.9,Regular,False
547,0.0,264,1,0.0,False,121823,1.0,https://s3.glbimg.com/v1/AUTH_58d78b787ec34892b5aaa0c7a146155f/clubes_2025/silhuetas/COR/FORMATO.png,Kauê,6,kaue,22,COR,0.0,Kauê Vinicius de Souza Camargo,0,Kauê,,,,,,,,,,,,,,,,,,,,,Goleiro,0,0.0,Não Jogou,False
548,0.0,264,5,1.5,False,121824,1.65,https://s3.glbimg.com/v1/AUTH_58d78b787ec34892b5aaa0c7a146155f/clubes_2025/silhuetas/COR/FORMATO.png,Kayke,6,kayke,22,COR,0.0,Kayke Ferrari Guimarães,4,Kayke,,3.0,3.0,2.0,2.0,,2.0,,,,,,,,,,,,,,Atacante,0,0.0,Não Jogou,False
549,0.0,286,4,-0.77,False,121866,0.77,https://s3.glbimg.com/v1/AUTH_58d78b787ec34892b5aaa0c7a146155f/clubes_2025/silhuetas/JUV/FORMATO.png,Hudson,6,hudson,22,JUV,0.0,Hudson Alexandre Batista da Silva,3,Hudson,2.0,3.0,6.0,,,,,,,,,,,1.0,,,,,,,Meia,0,0.0,Não Jogou,False
550,0.0,265,2,0.0,False,122300,2.0,https://s3.glbimg.com/v1/AUTH_58d78b787ec34892b5aaa0c7a146155f/clubes_2025/silhuetas/BAH/FORMATO.png,Ryan,6,ryan,22,BAH,0.0,Ryan Carlos Santos de Sousa,0,Ryan,,,,,,,,,,,,,,,,,,,,,Lateral,0,0.0,Não Jogou,False
551,8.0,2305,5,3.05,True,122302,5.34,https://s3.glbimg.com/v1/AUTH_58d78b787ec34892b5aaa0c7a146155f/clubes_2025/silhuetas/MIR/FORMATO.png,Cristian,6,cristian,22,MIR,0.92,Cristian Renato Gonçalves Riquelme,16,Cristian,2.0,6.0,9.0,4.0,3.0,3.0,,1.0,9.0,,,,,,,,,,,,Atacante,45,86.45,Bom,False
552,0.0,262,1,0.0,False,122318,3.0,https://s3.glbimg.com/v1/AUTH_58d78b787ec34892b5aaa0c7a146155f/clubes_2025/silhuetas/FLA/FORMATO.png,D. Alves,6,dyogo-alves,22,FLA,0.0,Francisco Dyogo Bento Alves,0,Dyogo Alves,,,,,,,,,,,,,,,,,,,,,Goleiro,0,0.0,Não Jogou,False
553,0.0,262,2,0.0,False,122320,2.0,https://s3.glbimg.com/v1/AUTH_58d78b787ec34892b5aaa0c7a146155f/clubes_2025/silhuetas/FLA/FORMATO.png,D. Sales,6,daniel-sales,22,FLA,0.0,Daniel dos Santos Sales,0,Daniel Sales,,,,,,,,,,,,,,,,,,,,,Lateral,0,0.0,Não Jogou,False
554,0.0,262,4,0.0,False,122321,3.0,https://s3.glbimg.com/v1/AUTH_58d78b787ec34892b5aaa0c7a146155f/clubes_2025/silhuetas/FLA/FORMATO.png,Lorran,6,lorran,22,FLA,0.0,Lorran Lucas Pereira de Sousa,0,Lorran,,,,,,,,,,,,,,,,,,,,,Meia,0,0.0,Não Jogou,False
555,0.0,280,4,0.65,False,122394,2.12,https://s3.glbimg.com/v1/AUTH_58d78b787ec34892b5aaa0c7a146155f/clubes_2025/silhuetas/RBB/FORMATO.png,Gustavinho,6,gustavinho,22,RBB,0.0,Gustavo Ribeiro Neves,9,Gustavinho,,4.0,5.0,1.0,1.0,,,,,,,,,,,,,,,,Meia,0,0.0,Não Jogou,False
556,0.0,264,4,1.88,True,122396,3.35,https://s3.glbimg.com/v1/AUTH_58d78b787ec34892b5aaa0c7a146155f/clubes_2025/silhuetas/COR/FORMATO.png,Ryan,6,ryan,22,COR,-0.75,Ryan Gustavo de Lima,10,Ryan,1.0,12.0,9.0,,9.0,,,,,,,,,,,,,,,,Meia,275,12.65,Regular,False
557,0.0,277,3,2.45,False,122406,4.78,https://s3.glbimg.com/v1/AUTH_58d78b787ec34892b5aaa0c7a146155f/clubes_2025/silhuetas/SAN/FORMATO.png,Luisão,6,luisao,22,SAN,0.0,Luis Fellipe Campos Dória,6,Luisão,2.0,6.0,3.0,2.0,4.0,,,,,,,1.0,,,,,,,,,Zagueiro,0,0.0,Não Jogou,False
558,0.0,354,5,1.4,False,122420,3.13,https://s3.glbimg.com/v1/AUTH_58d78b787ec34892b5aaa0c7a146155f/clubes_2025/silhuetas/CEA/FORMATO.png,Lucca,6,lucca,22,CEA,0.0,Lucca Holanda Sampaio Tavares,4,Lucca,,1.0,3.0,1.0,6.0,,,,1.0,,,,,,,,,,,,Atacante,0,0.0,Não Jogou,False
559,0.0,280,2,0.0,False,122458,1.0,https://s3.glbimg.com/v1/AUTH_58d78b787ec34892b5aaa0c7a146155f/clubes_2025/silhuetas/RBB/FORMATO.png,V. Lago,6,vinicius-lago,22,RBB,0.0,Vinicius dos Santos Lago,0,Vinícius Lago,,,,,,,,,,,,,,,,,,,,,Lateral,0,0.0,Não Jogou,False
560,5.6,267,4,2.9,True,122485,5.61,https://s3.glbimg.com/v1/AUTH_58d78b787ec34892b5aaa0c7a146155f/clubes_2025/silhuetas/VAS/FORMATO.png,Barros,7,barros,22,VAS,1.11,Cauan Lucas Barros da Luz,2,Barros,,2.0,2.0,,2.0,,,,2.0,,,,,,,,,,,,Meia,94,71.99,Bom,False
561,0.8,267,5,6.46,True,122486,8.06,https://s3.glbimg.com/v1/AUTH_58d78b787ec34892b5aaa0c7a146155f/clubes_2025/silhuetas/VAS/FORMATO.png,Rayan,7,rayan,22,VAS,-1.93,Rayan Vitor Simplício Rocha,18,Rayan,2.0,19.0,12.0,17.0,29.0,5.0,,,11.0,,4.0,,,,,,,,,,Atacante,241,25.9,Regular,False
562,0.0,267,5,0.4,False,122487,1.58,https://s3.glbimg.com/v1/AUTH_58d78b787ec34892b5aaa0c7a146155f/clubes_2025/silhuetas/VAS/FORMATO.png,GB,6,gb,22,VAS,0.0,Gabriel Souza da Silva,3,GB,,1.0,1.0,,,,,,,,,,,,,,,,,,Atacante,0,0.0,Não Jogou,False
563,0.0,267,5,1.4,False,122539,1.45,https://s3.glbimg.com/v1/AUTH_58d78b787ec34892b5aaa0c7a146155f/clubes_2025/silhuetas/VAS/FORMATO.png,L. Jacó,6,leo-jaco,22,VAS,0.0,Leonardo Gomes da Silva Jacó,1,Léo Jacó,,1.0,2.0,,1.0,,,,,,,,,,,,,,,,Atacante,0,0.0,Não Jogou,False
564,0.0,262,5,3.35,False,122573,4.75,https://s3.glbimg.com/v1/AUTH_58d78b787ec34892b5aaa0c7a146155f/clubes_2025/silhuetas/FLA/FORMATO.png,W. Yan,6,wallace-yan,22,FLA,0.0,Wallace Yan de Souza Barreto,9,Wallace Yan,3.0,3.0,6.0,5.0,15.0,1.0,2.0,2.0,1.0,,,,,,,,,,,,Atacante,0,0.0,Não Jogou,False
565,0.0,283,4,0.0,False,122660,3.0,https://s3.glbimg.com/v1/AUTH_58d78b787ec34892b5aaa0c7a146155f/clubes_2025/silhuetas/CRU/FORMATO.png,Japa,6,japa,22,CRU,0.0,João Wellington Gadelha Melo de Oliveira,0,Japa,,,,,,,,,,,,,,,,,,,,,Meia,0,0.0,Não Jogou,False
566,0.0,292,3,1.42,False,122755,3.6,https://s3.glbimg.com/v1/AUTH_58d78b787ec34892b5aaa0c7a146155f/clubes_2025/silhuetas/SPT/FORMATO.png,L. Cunha,6,lucas-cunha,22,SPT,0.0,Lucas de Souza Cunha,6,Lucas Cunha,2.0,4.0,5.0,,2.0,,,,,,,1.0,,,,,,,,,Zagueiro,0,0.0,Não Jogou,False
567,4.0,277,5,4.0,True,122781,6.26,https://s3.glbimg.com/v1/AUTH_58d78b787ec34892b5aaa0c7a146155f/clubes_2025/silhuetas/SAN/FORMATO.png,Caballero,7,caballero,22,SAN,0.3,Gustavo Rubén Caballero González,6,Caballero,1.0,6.0,7.0,2.0,5.0,1.0,2.0,1.0,1.0,,,,,,,,,,,,Atacante,134,59.64,Regular,False
568,6.5,286,3,2.34,True,122861,5.36,https://s3.glbimg.com/v1/AUTH_58d78b787ec34892b5aaa0c7a146155f/clubes_2025/silhuetas/JUV/FORMATO.png,Abner,7,abner,22,JUV,0.78,Abner Salles da Silva,13,Abner,2.0,11.0,9.0,2.0,4.0,,1.0,1.0,,,,2.0,,,,,,,,,Zagueiro,74,77.26,Bom,False
569,2.7,280,3,3.04,True,122897,5.73,https://s3.glbimg.com/v1/AUTH_58d78b787ec34892b5aaa0c7a146155f/clubes_2025/silhuetas/RBB/FORMATO.png,G. Rodríguez,7,guzman-rodriguez,22,RBB,0.25,Guzmán Rodríguez Ferrari,17,Guzmán Rodríguez,4.0,10.0,13.0,5.0,10.0,1.0,,,2.0,,,5.0,,,,,,,,,Zagueiro,170,48.95,Regular,False
570,0.0,275,1,0.0,False,122922,1.0,https://s3.glbimg.com/v1/AUTH_58d78b787ec34892b5aaa0c7a146155f/clubes_2025/silhuetas/PAL/FORMATO.png,W. Aranha,6,wanderson-aranha,22,PAL,0.0,Wanderson Carlos Ferreira dos Santos,0,Wanderson Aranha,,,,,,,,,,,,,,,,,,,,,Goleiro,0,0.0,Não Jogou,False
571,0.0,282,4,0.0,False,122989,1.0,https://s3.glbimg.com/v1/AUTH_58d78b787ec34892b5aaa0c7a146155f/clubes_2025/silhuetas/CAM/FORMATO.png,D. Kauã,6,david-kaua,22,CAM,0.0,David Kauã Ramos,0,David Kauã,,,,,,,,,,,,,,,,,,,,,Meia,0,0.0,Não Jogou,False
572,0.0,282,4,2.6,False,122990,3.24,https://s3.glbimg.com/v1/AUTH_58d78b787ec34892b5aaa0c7a146155f/clubes_2025/silhuetas/CAM/FORMATO.png,Patrick,5,patrick,22,CAM,0.0,Patrick Roberto da Silva Campos,3,Patrick,,4.0,3.0,,3.0,,,,1.0,,,,,,,,,,,,Meia,0,0.0,Não Jogou,False
573,0.0,265,5,2.05,True,123004,2.62,https://s3.glbimg.com/v1/AUTH_58d78b787ec34892b5aaa0c7a146155f/clubes_2025/silhuetas/BAH/FORMATO.png,Tiago,6,tiago,22,BAH,-0.53,Tiago Souza de Jesus Carvalho,8,Tiago,,5.0,7.0,2.0,7.0,,1.0,1.0,,1.0,,,,,,,,,,,Atacante,275,12.65,Regular,False
574,0.0,265,4,0.0,False,123007,1.0,https://s3.glbimg.com/v1/AUTH_58d78b787ec34892b5aaa0c7a146155f/clubes_2025/silhuetas/BAH/FORMATO.png,Vitinho,6,vitinho,22,BAH,0.0,Pedro Victor da Silva Santos,0,Vitinho,,,,,,,,,,,,,,,,,,,,,Meia,0,0.0,Não Jogou,False
575,0.0,282,5,0.0,False,123359,3.0,https://s3.glbimg.com/v1/AUTH_58d78b787ec34892b5aaa0c7a146155f/clubes_2025/silhuetas/CAM/FORMATO.png,Cadu,5,cadu,22,CAM,0.0,Carlos Eduardo Amaral Pereira de Castro,0,Cadu,,,,,,,,,,,,,,,,,,,,,Atacante,0,0.0,Não Jogou,False
576,1.2,265,4,2.2,True,123360,5.6,https://s3.glbimg.com/v1/AUTH_58d78b787ec34892b5aaa0c7a146155f/clubes_2025/silhuetas/BAH/FORMATO.png,Cauly,7,cauly,22,BAH,-0.09,Cauly Oliveira Souza,17,Cauly,1.0,4.0,7.0,6.0,6.0,1.0,,3.0,3.0,,,,,,,,,,,,Meia,226,31.33,Regular,False
577,0.0,265,4,0.0,False,123494,1.0,https://s3.glbimg.com/v1/AUTH_58d78b787ec34892b5aaa0c7a146155f/clubes_2025/silhuetas/BAH/FORMATO.png,Roger,6,roger,22,BAH,0.0,Roger Gabriel Farias de Jesus,0,Roger,,,,,,,,,,,,,,,,,,,,,Meia,0,0.0,Não Jogou,False
578,0.0,283,3,5.0,False,123649,2.82,https://s3.glbimg.com/v1/AUTH_58d78b787ec34892b5aaa0c7a146155f/clubes_2025/silhuetas/CRU/FORMATO.png,Janderson,6,janderson,22,CRU,0.0,José Janderson da Silva Marques,1,Janderson,,,,,,,,,,,,1.0,,,,,,,,,Zagueiro,0,0.0,Não Jogou,False
579,0.0,265,2,0.0,False,123717,3.0,https://s3.glbimg.com/v1/AUTH_58d78b787ec34892b5aaa0c7a146155f/clubes_2025/silhuetas/BAH/FORMATO.png,Z. Guilherme,6,ze-guilherme,22,BAH,0.0,José Guilherme de Lima Costa,0,Zé Guilherme,,,,,,,,,,,,,,,,,,,,,Lateral,0,0.0,Não Jogou,False
580,0.0,356,5,2.84,False,123738,5.52,https://s3.glbimg.com/v1/AUTH_58d78b787ec34892b5aaa0c7a146155f/clubes_2025/silhuetas/FOR/FORMATO.png,Herrera,6,herrera,22,FOR,0.0,José María Herrera Ares,5,Herrera,1.0,6.0,7.0,7.0,3.0,,,,1.0,,,,,,,,,,,,Atacante,0,0.0,Não Jogou,False
581,0.0,285,4,2.58,True,123744,5.25,https://s3.glbimg.com/v1/AUTH_58d78b787ec34892b5aaa0c7a146155f/clubes_2025/silhuetas/INT/FORMATO.png,A. Rodríguez,7,alan-rodriguez,22,INT,-0.48,Alan Jesús Rodríguez Guaglianoni,5,Alan Rodríguez,,5.0,3.0,1.0,5.0,,,,,,1.0,,,,,,,,,,Meia,275,12.65,Regular,False
582,0.0,266,4,0.83,False,123788,4.63,https://s3.glbimg.com/v1/AUTH_58d78b787ec34892b5aaa0c7a146155f/clubes_2025/silhuetas/FLU/FORMATO.png,Lezcano,6,lezcano,22,FLU,0.0,Rubén Darío Lezcano Portillo,3,Lezcano,,1.0,,,2.0,,,,,,,,,,,,,,,,Meia,0,0.0,Não Jogou,False
583,3.9,265,5,2.3,True,123795,6.06,https://s3.glbimg.com/v1/AUTH_58d78b787ec34892b5aaa0c7a146155f/clubes_2025/silhuetas/BAH/FORMATO.png,L. Rodríguez,7,lucho-rodriguez,22,BAH,-0.7,Luciano Rodríguez Rosales,18,Lucho Rodríguez,1.0,4.0,13.0,11.0,13.0,2.0,3.0,,8.0,,,,,,,,,,,,Atacante,137,58.58,Regular,False
584,1.0,280,5,1.73,True,124239,3.43,https://s3.glbimg.com/v1/AUTH_58d78b787ec34892b5aaa0c7a146155f/clubes_2025/silhuetas/RBB/FORMATO.png,H. Mosquera,6,henry-mosquera,22,RBB,0.01,Henry David Mosquera Sánchez,12,Henry Mosquera,,7.0,8.0,2.0,8.0,,1.0,,6.0,,,,,,,,,,,,Atacante,234,29.22,Regular,False
585,0.0,282,5,0.5,False,124247,1.1,https://s3.glbimg.com/v1/AUTH_58d78b787ec34892b5aaa0c7a146155f/clubes_2025/silhuetas/CAM/FORMATO.png,Isaac,6,isaac,22,CAM,0.0,Isaac Aguiar Tomich,1,Isaac,,,,,1.0,,,,,,,,,,,,,,,,Atacante,0,0.0,Não Jogou,False
586,0.0,282,5,0.0,False,124250,1.0,https://s3.glbimg.com/v1/AUTH_58d78b787ec34892b5aaa0c7a146155f/clubes_2025/silhuetas/CAM/FORMATO.png,P. Ataíde,6,pedro-ataide,22,CAM,0.0,Pedro Ataide de Souza Oliveira,0,Pedro Ataíde,,,,,,,,,,,,,,,,,,,,,Atacante,0,0.0,Não Jogou,False
587,0.0,277,5,1.7,True,124251,3.63,https://s3.glbimg.com/v1/AUTH_58d78b787ec34892b5aaa0c7a146155f/clubes_2025/silhuetas/SAN/FORMATO.png,D. Washington,6,deivid-washington,22,SAN,-0.24,Deivid Washington de Souza Eugênio,17,Deivid Washington,,2.0,6.0,5.0,15.0,1.0,2.0,,2.0,,2.0,,,,,,,,,,Atacante,275,12.65,Regular,False
588,0.0,285,1,0.0,False,124264,1.0,https://s3.glbimg.com/v1/AUTH_58d78b787ec34892b5aaa0c7a146155f/clubes_2025/silhuetas/INT/FORMATO.png,Kauan,6,kauan,22,INT,0.0,Kauan Jesus Santos Oliveira,0,Kauan,,,,,,,,,,,,,,,,,,,,,Goleiro,0,0.0,Não Jogou,False
589,0.0,285,4,0.0,False,124270,1.0,https://s3.glbimg.com/v1/AUTH_58d78b787ec34892b5aaa0c7a146155f/clubes_2025/silhuetas/INT/FORMATO.png,Allex,6,allex,22,INT,0.0,Allex Rodrigues Pereira da Silva,0,Allex,,,,,,,,,,,,,,,,,,,,,Meia,0,0.0,Não Jogou,False
590,0.5,285,4,2.61,True,124271,4.3,https://s3.glbimg.com/v1/AUTH_58d78b787ec34892b5aaa0c7a146155f/clubes_2025/silhuetas/INT/FORMATO.png,G. Prado,6,gustavo-prado,22,INT,0.18,Gustavo Prado Alves,13,Gustavo Prado,2.0,7.0,5.0,8.0,11.0,1.0,1.0,,6.0,,,,,,,,,,,,Meia,256,22.14,Regular,False
591,0.9,285,5,3.71,True,124280,5.49,https://s3.glbimg.com/v1/AUTH_58d78b787ec34892b5aaa0c7a146155f/clubes_2025/silhuetas/INT/FORMATO.png,R. Mathias,7,ricardo-mathias,22,INT,-0.14,Ricardo Mathias da Silva,10,Ricardo Mathias,,2.0,5.0,3.0,8.0,3.0,2.0,,2.0,,1.0,,,,,,,,,,Atacante,239,28.16,Regular,False
592,0.0,283,1,6.3,False,124369,4.28,https://s3.glbimg.com/v1/AUTH_58d78b787ec34892b5aaa0c7a146155f/clubes_2025/silhuetas/CRU/FORMATO.png,L. Aragão,6,leo-aragao,22,CRU,0.0,Leonardo de Aragão Carvalho,1,Léo Aragão,,,,,,,,,,,,1.0,,,1.0,,,,,,Goleiro,0,0.0,Não Jogou,False
593,-0.3,263,2,3.4,True,124481,6.27,https://s3.glbimg.com/v1/AUTH_58d78b787ec34892b5aaa0c7a146155f/clubes_2025/silhuetas/BOT/FORMATO.png,M. Ponte,6,mateo-ponte,22,BOT,-0.57,Mateo Ponte Costa,12,Mateo Ponte,2.0,6.0,8.0,3.0,2.0,1.0,2.0,,,,,5.0,,,,,,,,,Lateral,310,5.87,Ruim,False
594,0.0,275,2,5.96,False,124526,9.18,https://s3.glbimg.com/v1/AUTH_58d78b787ec34892b5aaa0c7a146155f/clubes_2025/silhuetas/PAL/FORMATO.png,Giay,6,giay,22,PAL,0.0,Agustín Giay,17,Giay,,35.0,17.0,3.0,23.0,,,,,,,8.0,,,,,,,,,Lateral,0,0.0,Não Jogou,False
595,0.0,282,3,2.95,False,124661,3.68,https://s3.glbimg.com/v1/AUTH_58d78b787ec34892b5aaa0c7a146155f/clubes_2025/silhuetas/CAM/FORMATO.png,I. Román,6,ivan-roman,22,CAM,0.0,Ivan Ramiro Román Hurtado,4,Iván Román,1.0,6.0,4.0,1.0,6.0,,,,1.0,,,,,,,,,,,,Zagueiro,0,0.0,Não Jogou,False
596,0.0,276,4,0.0,False,124674,2.0,https://s3.glbimg.com/v1/AUTH_58d78b787ec34892b5aaa0c7a146155f/clubes_2025/silhuetas/SAO/FORMATO.png,F. Negrucci,6,felipe-negrucci,22,SAO,0.0,Felipe Negrucci Berdague,0,Felipe Negrucci,,,,,,,,,,,,,,,,,,,,,Meia,0,0.0,Não Jogou,False
597,0.0,276,1,0.0,False,124701,2.0,https://s3.glbimg.com/v1/AUTH_58d78b787ec34892b5aaa0c7a146155f/clubes_2025/silhuetas/SAO/FORMATO.png,Leandro,6,leandro,22,SAO,0.0,Leandro Mathias Silva Bueno,0,Leandro,,,,,,,,,,,,,,,,,,,,,Goleiro,0,0.0,Não Jogou,False
598,0.0,263,5,3.14,False,124757,5.19,https://s3.glbimg.com/v1/AUTH_58d78b787ec34892b5aaa0c7a146155f/clubes_2025/silhuetas/BOT/FORMATO.png,N. Fernandes,6,nathan-fernandes,22,BOT,0.0,Nathan Ribeiro Fernandes,9,Nathan Fernandes,,3.0,3.0,1.0,5.0,1.0,2.0,2.0,3.0,,,,,,,,,,,,Atacante,0,0.0,Não Jogou,False
599,0.0,283,3,2.94,False,124912,4.59,https://s3.glbimg.com/v1/AUTH_58d78b787ec34892b5aaa0c7a146155f/clubes_2025/silhuetas/CRU/FORMATO.png,J. Jesus,6,jonathan-jesus,22,CRU,0.0,Jonathan de Jesus Alves,7,Jonathan Jesus,,7.0,8.0,,1.0,,,,,,,3.0,,1.0,,,,,,,Zagueiro,0,0.0,Não Jogou,False
600,0.0,284,3,2.35,False,125467,2.86,https://s3.glbimg.com/v1/AUTH_58d78b787ec34892b5aaa0c7a146155f/clubes_2025/silhuetas/GRE/FORMATO.png,Viery,6,viery,22,GRE,0.0,Viery Fernandes Santos Lopes,2,Viery,,,1.0,,,,,,,,,1.0,,,,,,,,,Zagueiro,0,0.0,Não Jogou,False
601,0.0,282,4,0.0,False,125469,4.0,https://s3.glbimg.com/v1/AUTH_58d78b787ec34892b5aaa0c7a146155f/clubes_2025/silhuetas/CAM/FORMATO.png,Alisson,6,alisson,22,CAM,0.0,Alisson Santana Lopes da Fonseca,0,Alisson,,,,,,,,,,,,,,,,,,,,,Meia,0,0.0,Não Jogou,False
602,1.2,264,3,3.04,True,125488,4.56,https://s3.glbimg.com/v1/AUTH_58d78b787ec34892b5aaa0c7a146155f/clubes_2025/silhuetas/COR/FORMATO.png,J. Pedro,6,joao-pedro,22,COR,-0.73,João Pedro de Sousa Rodrigues,5,João Pedro,3.0,3.0,7.0,1.0,,,,1.0,,,,2.0,,,,,,,,,Zagueiro,226,31.33,Regular,False
603,0.0,280,4,0.0,False,126120,2.0,https://s3.glbimg.com/v1/AUTH_58d78b787ec34892b5aaa0c7a146155f/clubes_2025/silhuetas/RBB/FORMATO.png,Marcelinho,6,marcelinho,22,RBB,0.0,Marcelo Braz da Silva,0,Marcelinho,,,,,,,,,,,,,,,,,,,,,Meia,0,0.0,Não Jogou,False
604,0.0,267,4,0.69,False,126182,4.3,https://s3.glbimg.com/v1/AUTH_58d78b787ec34892b5aaa0c7a146155f/clubes_2025/silhuetas/VAS/FORMATO.png,Paulinho,6,paulinho,22,VAS,0.0,Paulo Lucas Santos de Paula,7,Paulinho,1.0,4.0,9.0,,5.0,,,,,,,,,,,,,,,,Meia,0,0.0,Não Jogou,False
605,0.1,292,5,5.37,True,126216,7.07,https://s3.glbimg.com/v1/AUTH_58d78b787ec34892b5aaa0c7a146155f/clubes_2025/silhuetas/SPT/FORMATO.png,D. Lacerda,7,derik-lacerda,22,SPT,-1.43,Derik Gean Severino Lacerda,7,Derik Lacerda,4.0,7.0,15.0,6.0,12.0,2.0,2.0,,5.0,,1.0,,,,,,,,,,Atacante,274,17.77,Regular,False
606,0.0,277,4,6.29,True,126471,9.66,https://s3.glbimg.com/v1/AUTH_58d78b787ec34892b5aaa0c7a146155f/clubes_2025/silhuetas/SAN/FORMATO.png,Barreal,6,barreal,22,SAN,-0.41,Álvaro Martín Barreal,18,Barreal,1.0,34.0,15.0,10.0,14.0,5.0,4.0,,6.0,,2.0,,,,,,,,,,Meia,275,12.65,Regular,False
607,3.16,280,6,5.41,True,126977,8.73,https://s3.glbimg.com/v1/AUTH_58d78b787ec34892b5aaa0c7a146155f/clubes_2025/silhuetas/RBB/FORMATO.png,F. Seabra,7,fernando-seabra,22,RBB,-0.54,Fernando Seabra,22,Fernando Seabra,,,,,,,,,,,,,9.0,,,,,,,,Técnico,158,52.71,Regular,False
608,0.0,264,4,2.9,False,127242,2.65,https://s3.glbimg.com/v1/AUTH_58d78b787ec34892b5aaa0c7a146155f/clubes_2025/silhuetas/COR/FORMATO.png,Bahia,6,bahia,22,COR,0.0,Luiz Gustavo Lemos Carvalho,2,Bahia,,3.0,,1.0,1.0,,,,,,,,,,,,,,,,Meia,0,0.0,Não Jogou,False
609,0.0,266,2,12.8,False,127932,5.88,https://s3.glbimg.com/v1/AUTH_58d78b787ec34892b5aaa0c7a146155f/clubes_2025/silhuetas/FLU/FORMATO.png,J. Fidélis,6,julio-fidelis,22,FLU,0.0,Julio Cesar Lima Fidelis,1,Julio Fidélis,,3.0,1.0,2.0,4.0,,,1.0,,,,,,,,,,,,,Lateral,0,0.0,Não Jogou,False
610,0.0,266,4,0.0,False,128583,1.0,https://s3.glbimg.com/v1/AUTH_58d78b787ec34892b5aaa0c7a146155f/clubes_2025/silhuetas/FLU/FORMATO.png,T. Henrique,6,thiago-henrique,22,FLU,0.0,Thiago Henrique Gonçalves Silva,0,Thiago Henrique,,,,,,,,,,,,,,,,,,,,,Meia,0,0.0,Não Jogou,False
611,0.0,262,4,0.0,False,128590,2.0,https://s3.glbimg.com/v1/AUTH_58d78b787ec34892b5aaa0c7a146155f/clubes_2025/silhuetas/FLA/FORMATO.png,R. Lucas,6,rayan-lucas,22,FLA,0.0,Rayan Lucas Marques de Souza,0,Rayan Lucas,,,,,,,,,,,,,,,,,,,,,Meia,0,0.0,Não Jogou,False
612,0.0,287,4,0.97,False,129317,2.21,https://s3.glbimg.com/v1/AUTH_58d78b787ec34892b5aaa0c7a146155f/clubes_2025/silhuetas/VIT/FORMATO.png,F. Cardoso,6,felipe-cardoso,22,VIT,0.0,Felipe Cardoso,3,Felipe Cardoso,,1.0,1.0,,1.0,,,,1.0,,,,,,,,,,,,Meia,0,0.0,Não Jogou,False
613,0.0,265,5,1.2,False,129663,1.35,https://s3.glbimg.com/v1/AUTH_58d78b787ec34892b5aaa0c7a146155f/clubes_2025/silhuetas/BAH/FORMATO.png,R. Pablo,6,ruan-pablo,22,BAH,0.0,Ruan Pablo Barbosa Sousa,1,Ruan Pablo,,,,,,,,,1.0,,,,,,,,,,,,Atacante,0,0.0,Não Jogou,False
614,0.0,267,1,0.0,False,129665,1.0,https://s3.glbimg.com/v1/AUTH_58d78b787ec34892b5aaa0c7a146155f/clubes_2025/silhuetas/VAS/FORMATO.png,Pablo,6,pablo,22,VAS,0.0,Pablo de Paula Cardoso,0,Pablo,,,,,,,,,,,,,,,,,,,,,Goleiro,0,0.0,Não Jogou,False
615,0.0,267,4,0.0,False,129666,2.0,https://s3.glbimg.com/v1/AUTH_58d78b787ec34892b5aaa0c7a146155f/clubes_2025/silhuetas/VAS/FORMATO.png,JP,6,jp,22,VAS,0.0,João Pedro Murilo de Paula Morais,0,JP,,,,,,,,,,,,,,,,,,,,,Meia,0,0.0,Não Jogou,False
616,0.0,263,1,0.0,False,129930,2.0,https://s3.glbimg.com/v1/AUTH_58d78b787ec34892b5aaa0c7a146155f/clubes_2025/silhuetas/BOT/FORMATO.png,C. Loor,6,cristhian-loor,22,BOT,0.0,Cristhian Joel Loor Santamaría - Christian,0,Cristhian Loor,,,,,,,,,,,,,,,,,,,,,Goleiro,0,0.0,Não Jogou,False
617,3.5,284,4,3.5,True,130048,5.84,https://s3.glbimg.com/v1/AUTH_58d78b787ec34892b5aaa0c7a146155f/clubes_2025/silhuetas/GRE/FORMATO.png,Noriega,7,noriega,22,GRE,0.84,Erick Carlos Noriega Loret de Mola,1,Noriega,,2.0,,,1.0,,,,,,,,,,,,,,,,Meia,147,55.57,Regular,False
618,0.0,262,1,0.0,False,130189,1.0,https://s3.glbimg.com/v1/AUTH_58d78b787ec34892b5aaa0c7a146155f/clubes_2025/silhuetas/FLA/FORMATO.png,L. Nannetti,6,leo-nannetti,22,FLA,0.0,Leonardo Nannetti Lopes,0,Léo Nannetti,,,,,,,,,,,,,,,,,,,,,Goleiro,0,0.0,Não Jogou,False
619,0.0,262,2,0.0,False,130190,2.0,https://s3.glbimg.com/v1/AUTH_58d78b787ec34892b5aaa0c7a146155f/clubes_2025/silhuetas/FLA/FORMATO.png,Carbone,6,carbone,22,FLA,0.0,João Victor Schlickmann Carbone,0,Carbone,,,,,,,,,,,,,,,,,,,,,Lateral,0,0.0,Não Jogou,False
620,0.0,267,2,0.0,False,130254,2.0,https://s3.glbimg.com/v1/AUTH_58d78b787ec34892b5aaa0c7a146155f/clubes_2025/silhuetas/VAS/FORMATO.png,Leandrinho,6,leandrinho,22,VAS,0.0,Leandro Viana da Silva Gama,0,Leandrinho,,,,,,,,,,,,,,,,,,,,,Lateral,0,0.0,Não Jogou,False
621,0.0,267,4,0.0,False,130255,3.0,https://s3.glbimg.com/v1/AUTH_58d78b787ec34892b5aaa0c7a146155f/clubes_2025/silhuetas/VAS/FORMATO.png,G. Estrella,6,guilherme-estrella,22,VAS,0.0,Guilherme Estrella de Paiva,0,Guilherme Estrella,,,,,,,,,,,,,,,,,,,,,Meia,0,0.0,Não Jogou,False
622,0.0,263,4,0.7,False,130265,1.16,https://s3.glbimg.com/v1/AUTH_58d78b787ec34892b5aaa0c7a146155f/clubes_2025/silhuetas/BOT/FORMATO.png,K. Lindes,6,kauan-lindes,22,BOT,0.0,Kauan Gabriel Cordeiro Lindes,1,Kauan Lindes,,,1.0,,2.0,,,,,,,,,,,,,,,,Meia,0,0.0,Não Jogou,False
623,0.0,267,4,0.6,False,130279,1.9,https://s3.glbimg.com/v1/AUTH_58d78b787ec34892b5aaa0c7a146155f/clubes_2025/silhuetas/VAS/FORMATO.png,L. Zuccarello,6,lukas-zuccarello,22,VAS,0.0,Lukas Rocha Zuccarello,2,Lukas Zuccarello,,1.0,1.0,,,,,,,,,,,,,,,,,,Meia,0,0.0,Não Jogou,False
624,0.0,267,1,0.0,False,130280,1.0,https://s3.glbimg.com/v1/AUTH_58d78b787ec34892b5aaa0c7a146155f/clubes_2025/silhuetas/VAS/FORMATO.png,P. Gabriel,6,phillipe-gabriel,22,VAS,0.0,Phillipe Gabriel Pires de Oliveira,0,Phillipe Gabriel,,,,,,,,,,,,,,,,,,,,,Goleiro,0,0.0,Não Jogou,False
625,0.0,286,5,0.0,False,130316,1.0,https://s3.glbimg.com/v1/AUTH_58d78b787ec34892b5aaa0c7a146155f/clubes_2025/silhuetas/JUV/FORMATO.png,R. Pinna,6,rafael-pinna,22,JUV,0.0,Rafael Oliveira Pinna,0,Rafael Pinna,,,,,,,,,,,,,,,,,,,,,Atacante,0,0.0,Não Jogou,False
626,0.0,287,2,3.35,False,130319,4.06,https://s3.glbimg.com/v1/AUTH_58d78b787ec34892b5aaa0c7a146155f/clubes_2025/silhuetas/VIT/FORMATO.png,Maykon,6,maykon,22,VIT,0.0,Maykon Kesley de Jesus Ramalho,7,Maykon,1.0,5.0,11.0,2.0,5.0,,,,1.0,,,3.0,,,,,,,,,Lateral,0,0.0,Não Jogou,False
627,0.0,262,4,0.0,False,130382,2.0,https://s3.glbimg.com/v1/AUTH_58d78b787ec34892b5aaa0c7a146155f/clubes_2025/silhuetas/FLA/FORMATO.png,G. Gomes,6,guilherme-gomes,22,FLA,0.0,Guilherme Henrique Bernardineli Gomes,0,Guilherme Gomes,,,,,,,,,,,,,,,,,,,,,Meia,0,0.0,Não Jogou,False
628,0.0,2305,5,0.84,False,130386,2.65,https://s3.glbimg.com/v1/AUTH_58d78b787ec34892b5aaa0c7a146155f/clubes_2025/silhuetas/MIR/FORMATO.png,Maceió,6,maceio,22,MIR,0.0,Everton Leandro de Oliveira Santos,5,Maceió,1.0,1.0,2.0,4.0,2.0,,1.0,,1.0,,,,,,,,,1.0,,,Atacante,0,0.0,Não Jogou,False
629,0.0,265,3,1.56,False,130393,1.8,https://s3.glbimg.com/v1/AUTH_58d78b787ec34892b5aaa0c7a146155f/clubes_2025/silhuetas/BAH/FORMATO.png,L. Gustavo,6,luiz-gustavo,22,BAH,0.0,Luiz Gustavo Marinho Ribeiro dos Santos,5,Luiz Gustavo,3.0,4.0,4.0,,2.0,,,,,,,1.0,,,,,,,,,Zagueiro,0,0.0,Não Jogou,False
630,0.0,286,5,0.5,False,130507,1.11,https://s3.glbimg.com/v1/AUTH_58d78b787ec34892b5aaa0c7a146155f/clubes_2025/silhuetas/JUV/FORMATO.png,Marlon,6,marlon,22,JUV,0.0,Marlon Santos Teodoro,1,Marlon,,,1.0,1.0,,,,,,,,,,,,,,,,,Atacante,0,0.0,Não Jogou,False
631,0.0,275,5,0.0,False,130608,0.92,https://s3.glbimg.com/v1/AUTH_58d78b787ec34892b5aaa0c7a146155f/clubes_2025/silhuetas/PAL/FORMATO.png,R. Fillipi,6,riquelme-fillipi,22,PAL,0.0,Riquelme Fillipi Marinho de Souza,1,Riquelme Fillipi,,,,,,,,,,,,,,,,,,,,,Atacante,0,0.0,Não Jogou,False
632,0.0,275,5,1.05,False,130612,2.95,https://s3.glbimg.com/v1/AUTH_58d78b787ec34892b5aaa0c7a146155f/clubes_2025/silhuetas/PAL/FORMATO.png,Luighi,6,luighi,22,PAL,0.0,Luighi Hanri Sousa Santos,6,Luighi,,4.0,5.0,,4.0,,2.0,,,,,,,,,,,,,,Atacante,0,0.0,Não Jogou,False
633,0.0,287,4,0.0,False,130620,1.0,https://s3.glbimg.com/v1/AUTH_58d78b787ec34892b5aaa0c7a146155f/clubes_2025/silhuetas/VIT/FORMATO.png,Edenílson,6,edenilson,22,VIT,0.0,Edenílson Santos Nascimento Filho,0,Edenílson,,,,,,,,,,,,,,,,,,,,,Meia,0,0.0,Não Jogou,False
634,0.0,266,4,2.27,False,130650,5.0,https://s3.glbimg.com/v1/AUTH_58d78b787ec34892b5aaa0c7a146155f/clubes_2025/silhuetas/FLU/FORMATO.png,Bernal,6,bernal,22,FLU,0.0,Facundo Bernal Cruz,11,Bernal,5.0,15.0,9.0,5.0,9.0,,,,4.0,,,,,,,,,,,1.0,Meia,0,0.0,Não Jogou,False
635,0.0,280,3,0.0,False,130711,1.0,https://s3.glbimg.com/v1/AUTH_58d78b787ec34892b5aaa0c7a146155f/clubes_2025/silhuetas/RBB/FORMATO.png,Boateng,6,boateng,22,RBB,0.0,Stanley Boateng Osei,0,Boateng,,,,,,,,,,,,,,,,,,,,,Zagueiro,0,0.0,Não Jogou,False
636,0.0,277,2,4.86,False,130811,7.37,https://s3.glbimg.com/v1/AUTH_58d78b787ec34892b5aaa0c7a146155f/clubes_2025/silhuetas/SAN/FORMATO.png,Souza,6,souza,22,SAN,0.0,João Victor de Souza Menezes,11,Souza,1.0,24.0,13.0,5.0,9.0,,1.0,1.0,,,,2.0,,,,,,1.0,,,Lateral,0,0.0,Não Jogou,False
637,0.0,287,3,0.0,False,130869,1.0,https://s3.glbimg.com/v1/AUTH_58d78b787ec34892b5aaa0c7a146155f/clubes_2025/silhuetas/VIT/FORMATO.png,Andrei,6,andrei,22,VIT,0.0,Andrei Gabriel dos Santos Ferreira,0,Andrei,,,,,,,,,,,,,,,,,,,,,Zagueiro,0,0.0,Não Jogou,False
638,0.0,284,4,2.09,False,130889,2.84,https://s3.glbimg.com/v1/AUTH_58d78b787ec34892b5aaa0c7a146155f/clubes_2025/silhuetas/GRE/FORMATO.png,Riquelme,6,riquelme,22,GRE,0.0,Riquelme Freitas dos Santos,8,Riquelme,,6.0,2.0,2.0,11.0,,,,1.0,,,,,,,,,,,,Meia,0,0.0,Não Jogou,False
639,0.0,284,5,0.17,False,131455,0.84,https://s3.glbimg.com/v1/AUTH_58d78b787ec34892b5aaa0c7a146155f/clubes_2025/silhuetas/GRE/FORMATO.png,Jardiel,6,jardiel,22,GRE,0.0,Jardiel Maciel Libertino da Silva,3,Jardiel,,,,,1.0,,,,,,,,,,,,,,,,Atacante,0,0.0,Não Jogou,False
640,0.0,277,4,0.7,False,131515,1.19,https://s3.glbimg.com/v1/AUTH_58d78b787ec34892b5aaa0c7a146155f/clubes_2025/silhuetas/SAN/FORMATO.png,Hyan,6,hyan,22,SAN,0.0,Hyan Carvalho Machado Silva,2,Hyan,,1.0,2.0,,1.0,,,,,,,,,,,,,,,,Meia,0,0.0,Não Jogou,False
641,0.0,277,2,4.28,False,131516,6.05,https://s3.glbimg.com/v1/AUTH_58d78b787ec34892b5aaa0c7a146155f/clubes_2025/silhuetas/SAN/FORMATO.png,J. Chermont,6,jp-chermont,22,SAN,0.0,João Pedro Chermont Crema,5,JP Chermont,3.0,14.0,9.0,1.0,1.0,,2.0,,,,,1.0,,,,,,,,,Lateral,0,0.0,Não Jogou,False
642,0.0,276,5,2.3,True,131518,2.15,https://s3.glbimg.com/v1/AUTH_58d78b787ec34892b5aaa0c7a146155f/clubes_2025/silhuetas/SAO/FORMATO.png,Henrique,6,henrique,22,SAO,-0.67,Henrique Fabiano do Carmo,3,Henrique,,,1.0,,2.0,,,1.0,1.0,,,,,,,,,,,,Atacante,275,12.65,Regular,False
643,0.0,276,5,4.32,False,131617,6.73,https://s3.glbimg.com/v1/AUTH_58d78b787ec34892b5aaa0c7a146155f/clubes_2025/silhuetas/SAO/FORMATO.png,A. Silva,5,andre-silva,22,SAO,0.0,André Oliveira e Silva,19,André Silva,5.0,11.0,20.0,10.0,20.0,5.0,5.0,2.0,5.0,,1.0,,,,,,,,,,Atacante,0,0.0,Não Jogou,False
644,0.0,264,1,0.0,False,131753,1.0,https://s3.glbimg.com/v1/AUTH_58d78b787ec34892b5aaa0c7a146155f/clubes_2025/silhuetas/COR/FORMATO.png,F. Longo,6,felipe-longo,22,COR,0.0,Felipe Longo Fernandes da Silva,0,Felipe Longo,,,,,,,,,,,,,,,,,,,,,Goleiro,0,0.0,Não Jogou,False
645,0.0,280,3,0.0,False,131765,1.0,https://s3.glbimg.com/v1/AUTH_58d78b787ec34892b5aaa0c7a146155f/clubes_2025/silhuetas/RBB/FORMATO.png,Kevyn,6,kevyn,22,RBB,0.0,Kevyn Henrique Monteiro de Souza,0,Kevyn,,,,,,,,,,,,,,,,,,,,,Zagueiro,0,0.0,Não Jogou,False
646,3.8,266,5,4.04,True,132071,6.48,https://s3.glbimg.com/v1/AUTH_58d78b787ec34892b5aaa0c7a146155f/clubes_2025/silhuetas/FLU/FORMATO.png,Serna,7,serna,22,FLU,0.15,Kevin Steven Serna Jaramillo,17,Serna,1.0,13.0,6.0,5.0,16.0,3.0,1.0,2.0,4.0,1.0,,,,,,,,,,,Atacante,142,57.38,Regular,False
647,4.5,2305,3,4.21,True,132553,5.3,https://s3.glbimg.com/v1/AUTH_58d78b787ec34892b5aaa0c7a146155f/clubes_2025/silhuetas/MIR/FORMATO.png,Jemmes,7,jemmes,22,MIR,-0.48,Jemmes Bruno Ribeiro da Silva,20,Jemmes,2.0,35.0,20.0,3.0,6.0,1.0,,,1.0,,,5.0,,,,,,,,,Zagueiro,116,65.21,Regular,False
648,0.0,287,1,0.0,False,132560,1.0,https://s3.glbimg.com/v1/AUTH_58d78b787ec34892b5aaa0c7a146155f/clubes_2025/silhuetas/VIT/FORMATO.png,D. Barbosa,6,davi-barbosa,22,VIT,0.0,Davi Barbosa da Silva Novaes,0,Davi Barbosa,,,,,,,,,,,,,,,,,,,,,Goleiro,0,0.0,Não Jogou,False
649,0.0,280,5,3.23,False,132580,5.65,https://s3.glbimg.com/v1/AUTH_58d78b787ec34892b5aaa0c7a146155f/clubes_2025/silhuetas/RBB/FORMATO.png,Vinicinho,6,vinicinho,22,RBB,0.0,Vinicius Mendonça Pereira,18,Vinicinho,2.0,18.0,14.0,6.0,32.0,,4.0,2.0,5.0,1.0,,,,,,,,,,,Atacante,0,0.0,Não Jogou,False
650,0.8,264,5,3.19,True,133543,3.2,https://s3.glbimg.com/v1/AUTH_58d78b787ec34892b5aaa0c7a146155f/clubes_2025/silhuetas/COR/FORMATO.png,G. Negão,7,gui-negao,22,COR,-1.28,Guilherme William Silva Inácio,8,Gui Negão,2.0,6.0,17.0,1.0,14.0,2.0,2.0,,,,,,,,,,,,,,Atacante,241,25.9,Regular,False
651,0.0,276,3,0.0,False,133623,2.0,https://s3.glbimg.com/v1/AUTH_58d78b787ec34892b5aaa0c7a146155f/clubes_2025/silhuetas/SAO/FORMATO.png,Igão,6,igao,22,SAO,0.0,Igor Odoni Gomes,0,Igão,,,,,,,,,,,,,,,,,,,,,Zagueiro,0,0.0,Não Jogou,False
652,0.0,284,5,4.51,False,133669,5.78,https://s3.glbimg.com/v1/AUTH_58d78b787ec34892b5aaa0c7a146155f/clubes_2025/silhuetas/GRE/FORMATO.png,Alysson,6,alysson,22,GRE,0.0,Alysson Edward Franco da Rocha dos Santos,15,Alysson,1.0,24.0,10.0,7.0,32.0,,,1.0,5.0,,1.0,,,,,,,,,,Atacante,0,0.0,Não Jogou,False
653,0.0,280,1,0.0,False,133671,1.0,https://s3.glbimg.com/v1/AUTH_58d78b787ec34892b5aaa0c7a146155f/clubes_2025/silhuetas/RBB/FORMATO.png,G. Reis,6,gustavo-reis,22,RBB,0.0,Gustavo Reis de Alcântara,0,Gustavo Reis,,,,,,,,,,,,,,,,,,,,,Goleiro,0,0.0,Não Jogou,False
654,0.0,277,4,0.5,False,133673,1.0,https://s3.glbimg.com/v1/AUTH_58d78b787ec34892b5aaa0c7a146155f/clubes_2025/silhuetas/SAN/FORMATO.png,M. Xavier,6,mateus-xavier,22,SAN,0.0,Mateus Xavier de Sousa,3,Mateus Xavier,,1.0,,,,,,,,,,,,,,,,,,,Meia,0,0.0,Não Jogou,False
655,0.0,275,3,1.6,False,133679,2.61,https://s3.glbimg.com/v1/AUTH_58d78b787ec34892b5aaa0c7a146155f/clubes_2025/silhuetas/PAL/FORMATO.png,Benedetti,6,benedetti,22,PAL,0.0,Luiz Gustavo Roncholeta Benedetti,2,Benedetti,,2.0,2.0,1.0,,,,,,,,,,,,,,,,,Zagueiro,0,0.0,Não Jogou,False
656,0.0,266,4,0.0,False,133696,2.0,https://s3.glbimg.com/v1/AUTH_58d78b787ec34892b5aaa0c7a146155f/clubes_2025/silhuetas/FLU/FORMATO.png,W. Davi,6,wallace-davi,22,FLU,0.0,Wallace Davi Nunes da Silva Dias,0,Wallace Davi,,,,,,,,,,,,,,,,,,,,,Meia,0,0.0,Não Jogou,False
657,0.0,285,4,0.6,False,134246,1.14,https://s3.glbimg.com/v1/AUTH_58d78b787ec34892b5aaa0c7a146155f/clubes_2025/silhuetas/INT/FORMATO.png,Y. Noal,6,yago-noal,22,INT,0.0,Yago Eduardo Noal Lopes,2,Yago Noal,,1.0,1.0,,,,,,,,,,,,,,,,,,Meia,0,0.0,Não Jogou,False
658,0.0,285,4,1.7,True,136306,2.36,https://s3.glbimg.com/v1/AUTH_58d78b787ec34892b5aaa0c7a146155f/clubes_2025/silhuetas/INT/FORMATO.png,L. Otávio,6,luis-otavio,22,INT,-0.13,Luis Otávio Costa de Aquino,11,Luis Otávio,,10.0,5.0,,8.0,,,,1.0,,,,,,,,,,,,Meia,275,12.65,Regular,False
659,0.0,265,5,0.0,True,136955,5.39,https://s3.glbimg.com/v1/AUTH_58d78b787ec34892b5aaa0c7a146155f/clubes_2025/silhuetas/BAH/FORMATO.png,Sanabria,6,sanabria,22,BAH,-0.61,Mateo Naín Sanabria Doracio,1,Sanabria,,,,,,,,,,,,,,,,,,,,,Atacante,275,12.65,Regular,False
660,0.0,262,5,0.0,False,137089,1.0,https://s3.glbimg.com/v1/AUTH_58d78b787ec34892b5aaa0c7a146155f/clubes_2025/silhuetas/FLA/FORMATO.png,Shola,6,shola,22,FLA,0.0,Ogundana Shola Elijah,0,Shola,,,,,,,,,,,,,,,,,,,,,Atacante,0,0.0,Não Jogou,False
661,0.0,292,5,0.0,False,137375,1.0,https://s3.glbimg.com/v1/AUTH_58d78b787ec34892b5aaa0c7a146155f/clubes_2025/silhuetas/SPT/FORMATO.png,Micael,6,micael,22,SPT,0.0,Micael de Barros Viturino,0,Micael,,,,,,,,,,,,,,,,,,,,,Atacante,0,0.0,Não Jogou,False
662,0.0,283,5,0.5,False,137542,1.09,https://s3.glbimg.com/v1/AUTH_58d78b787ec34892b5aaa0c7a146155f/clubes_2025/silhuetas/CRU/FORMATO.png,K. Kenji,6,kaique-kenji,22,CRU,0.0,Kaique Kenji Takamura Correa,2,Kaique Kenji,,,,,2.0,,,,,,,,,,,,,,,,Atacante,0,0.0,Não Jogou,False
663,0.0,285,3,2.93,False,137618,4.05,https://s3.glbimg.com/v1/AUTH_58d78b787ec34892b5aaa0c7a146155f/clubes_2025/silhuetas/INT/FORMATO.png,C. Sampaio,6,clayton-sampaio,22,INT,0.0,Clayton Sampaio Pereira,6,Clayton Sampaio,2.0,7.0,7.0,1.0,,,,,2.0,,1.0,1.0,,,,,,,,,Zagueiro,0,0.0,Não Jogou,False
664,0.0,280,3,1.3,False,138021,1.7,https://s3.glbimg.com/v1/AUTH_58d78b787ec34892b5aaa0c7a146155f/clubes_2025/silhuetas/RBB/FORMATO.png,Palacios,6,palacios,22,RBB,0.0,Sergio Stevan Palacios Zapata,2,Palacios,2.0,,3.0,,1.0,,,,,,,1.0,,,,,,,,,Zagueiro,0,0.0,Não Jogou,False
665,0.0,262,5,0.0,False,139000,2.0,https://s3.glbimg.com/v1/AUTH_58d78b787ec34892b5aaa0c7a146155f/clubes_2025/silhuetas/FLA/FORMATO.png,F. Teresa,6,felipe-teresa,22,FLA,0.0,Felipe Gabriel Cunha Teresa,0,Felipe Teresa,,,,,,,,,,,,,,,,,,,,,Atacante,0,0.0,Não Jogou,False
666,0.0,275,4,0.0,False,139001,2.0,https://s3.glbimg.com/v1/AUTH_58d78b787ec34892b5aaa0c7a146155f/clubes_2025/silhuetas/PAL/FORMATO.png,Figueiredo,5,figueiredo,22,PAL,0.0,Vitor dos Santos Figueiredo,0,Figueiredo,,,,,,,,,,,,,,,,,,,,,Meia,0,0.0,Não Jogou,False
667,4.71,262,6,7.49,True,139076,12.57,https://s3.glbimg.com/v1/AUTH_58d78b787ec34892b5aaa0c7a146155f/clubes_2025/silhuetas/FLA/FORMATO.png,F. Luís,7,filipe-luis,22,FLA,-1.1,Filipe Luís Kasmirski,21,Filipe Luís,,,,,,,,,,,,,14.0,,,,,,,,Técnico,112,66.57,Regular,False
668,0.0,285,3,0.0,False,139200,1.0,https://s3.glbimg.com/v1/AUTH_58d78b787ec34892b5aaa0c7a146155f/clubes_2025/silhuetas/INT/FORMATO.png,P. Kauã,6,pedro-kaua,22,INT,0.0,Pedro Kauã Rodrigues Machado,0,Pedro Kauã,,,,,,,,,,,,,,,,,,,,,Zagueiro,0,0.0,Não Jogou,False
669,5.0,283,2,3.73,True,139345,3.75,https://s3.glbimg.com/v1/AUTH_58d78b787ec34892b5aaa0c7a146155f/clubes_2025/silhuetas/CRU/FORMATO.png,K. Prates,6,kaua-prates,22,CRU,0.98,Kauã Prates de Almeida,3,Kauã Prates,1.0,2.0,4.0,,1.0,,1.0,,,,,2.0,,,,,,,,,Lateral,103,68.98,Bom,False
670,0.0,282,5,0.0,False,139455,2.0,https://s3.glbimg.com/v1/AUTH_58d78b787ec34892b5aaa0c7a146155f/clubes_2025/silhuetas/CAM/FORMATO.png,C. Maia,5,caio-maia,22,CAM,0.0,Caio da Silva Maia,0,Caio Maia,,,,,,,,,,,,,,,,,,,,,Atacante,0,0.0,Não Jogou,False
671,0.0,282,5,1.51,False,140364,3.46,https://s3.glbimg.com/v1/AUTH_58d78b787ec34892b5aaa0c7a146155f/clubes_2025/silhuetas/CAM/FORMATO.png,J. Marcelo,6,joao-marcelo,22,CAM,0.0,João Marcelo Soares de Freitas,7,João Marcelo,,1.0,3.0,2.0,,,2.0,1.0,3.0,,,,,,,,,,,,Atacante,0,0.0,Não Jogou,False
672,0.0,266,5,0.33,False,140484,3.81,https://s3.glbimg.com/v1/AUTH_58d78b787ec34892b5aaa0c7a146155f/clubes_2025/silhuetas/FLU/FORMATO.png,R. Felipe,6,riquelme-felipe,22,FLU,0.0,Riquelme Felipe Silva de Almeida,3,Riquelme Felipe,,,1.0,1.0,1.0,,,,,,,,,,,,,,,,Atacante,0,0.0,Não Jogou,False
673,0.0,262,3,0.0,False,140492,2.0,https://s3.glbimg.com/v1/AUTH_58d78b787ec34892b5aaa0c7a146155f/clubes_2025/silhuetas/FLA/FORMATO.png,J. Victor,6,joao-victor,22,FLA,0.0,João Victor de Souza Cunha,0,João Victor,,,,,,,,,,,,,,,,,,,,,Zagueiro,0,0.0,Não Jogou,False
674,0.0,262,4,0.0,False,140494,1.0,https://s3.glbimg.com/v1/AUTH_58d78b787ec34892b5aaa0c7a146155f/clubes_2025/silhuetas/FLA/FORMATO.png,J. Alves,6,joao-alves,22,FLA,0.0,João Victor Alves Ferreira,0,João Alves,,,,,,,,,,,,,,,,,,,,,Meia,0,0.0,Não Jogou,False
675,0.0,276,5,2.69,False,140542,3.62,https://s3.glbimg.com/v1/AUTH_58d78b787ec34892b5aaa0c7a146155f/clubes_2025/silhuetas/SAO/FORMATO.png,R. Francisco,5,ryan-francisco,22,SAO,0.0,Ryan Francisco Rodrigues dos Santos Silva,7,Ryan Francisco,,,4.0,2.0,5.0,2.0,1.0,,,,,,,,,,,,,,Atacante,0,0.0,Não Jogou,False
676,0.0,265,4,0.0,False,140726,1.0,https://s3.glbimg.com/v1/AUTH_58d78b787ec34892b5aaa0c7a146155f/clubes_2025/silhuetas/BAH/FORMATO.png,D. Martins,6,david-martins,22,BAH,0.0,David Martins Almeida de Lira,0,David Martins,,,,,,,,,,,,,,,,,,,,,Meia,0,0.0,Não Jogou,False
677,0.0,280,5,3.3,True,140906,2.93,https://s3.glbimg.com/v1/AUTH_58d78b787ec34892b5aaa0c7a146155f/clubes_2025/silhuetas/RBB/FORMATO.png,D. Gomes,6,davi-gomes,22,RBB,-0.88,Davi Gomes de Alvarenga,4,Davi Gomes,,1.0,2.0,2.0,3.0,1.0,,,1.0,,,,,,,,,,,,Atacante,275,12.65,Regular,False
678,0.0,2305,1,0.0,False,140908,2.0,https://s3.glbimg.com/v1/AUTH_58d78b787ec34892b5aaa0c7a146155f/clubes_2025/silhuetas/MIR/FORMATO.png,B. Bertinato,6,bruno-bertinato,22,MIR,0.0,Bruno Oliveira Bertinato,0,Bruno Bertinato,,,,,,,,,,,,,,,,,,,,,Goleiro,0,0.0,Não Jogou,False
679,0.0,266,2,0.0,False,141039,1.0,https://s3.glbimg.com/v1/AUTH_58d78b787ec34892b5aaa0c7a146155f/clubes_2025/silhuetas/FLU/FORMATO.png,K. Borges,6,kaio-borges,22,FLU,0.0,Kaio Borges Correa,0,Kaio Borges,,,,,,,,,,,,,,,,,,,,,Lateral,0,0.0,Não Jogou,False
680,0.0,266,3,0.7,False,141040,1.24,https://s3.glbimg.com/v1/AUTH_58d78b787ec34892b5aaa0c7a146155f/clubes_2025/silhuetas/FLU/FORMATO.png,D. Schuindt,6,davi-schuindt,22,FLU,0.0,Davi Duarte Schuindt,2,Davi Schuindt,,,1.0,,1.0,,,,1.0,,,,,,,,,,,,Zagueiro,0,0.0,Não Jogou,False
681,0.0,263,3,0.0,False,141084,1.0,https://s3.glbimg.com/v1/AUTH_58d78b787ec34892b5aaa0c7a146155f/clubes_2025/silhuetas/BOT/FORMATO.png,K. Branco,6,kaua-branco,22,BOT,0.0,Kauã Oliveira Branco,0,Kauã Branco,,,,,,,,,,,,,,,,,,,,,Zagueiro,0,0.0,Não Jogou,False
682,0.0,282,1,0.0,False,141125,1.0,https://s3.glbimg.com/v1/AUTH_58d78b787ec34892b5aaa0c7a146155f/clubes_2025/silhuetas/CAM/FORMATO.png,Robert,6,robert,22,CAM,0.0,Robert Pinto Alves Assunção,0,Robert,,,,,,,,,,,,,,,,,,,,,Goleiro,0,0.0,Não Jogou,False
683,0.0,282,3,0.0,False,141131,1.0,https://s3.glbimg.com/v1/AUTH_58d78b787ec34892b5aaa0c7a146155f/clubes_2025/silhuetas/CAM/FORMATO.png,Vitão,6,vitao,22,CAM,0.0,Vitor Fernandes Chaves Teixeira,0,Vitão,,,,,,,,,,,,,,,,,,,,,Zagueiro,0,0.0,Não Jogou,False
684,0.0,282,4,0.0,False,141138,1.0,https://s3.glbimg.com/v1/AUTH_58d78b787ec34892b5aaa0c7a146155f/clubes_2025/silhuetas/CAM/FORMATO.png,Z. Phelipe,6,ze-phelipe,22,CAM,0.0,José Phelipe dos Santos Dutra,0,Zé Phelipe,,,,,,,,,,,,,,,,,,,,,Meia,0,0.0,Não Jogou,False
685,0.0,282,4,2.0,False,141139,2.53,https://s3.glbimg.com/v1/AUTH_58d78b787ec34892b5aaa0c7a146155f/clubes_2025/silhuetas/CAM/FORMATO.png,M. Iseppe,6,mateus-iseppe,22,CAM,0.0,Mateus José Iseppe,1,Mateus Iseppe,,1.0,,,1.0,,,,,,,,,,,,,,,,Meia,0,0.0,Não Jogou,False
686,0.0,292,1,0.0,False,141145,2.0,https://s3.glbimg.com/v1/AUTH_58d78b787ec34892b5aaa0c7a146155f/clubes_2025/silhuetas/SPT/FORMATO.png,Davi,6,davi,22,SPT,0.0,Davi Medeiros Serrano Lira,0,Davi,,,,,,,,,,,,,,,,,,,,,Goleiro,0,0.0,Não Jogou,False
687,0.0,292,3,0.0,False,141150,1.0,https://s3.glbimg.com/v1/AUTH_58d78b787ec34892b5aaa0c7a146155f/clubes_2025/silhuetas/SPT/FORMATO.png,Rafinha,6,rafinha,22,SPT,0.0,Rafael Lima da Silva,0,Rafinha,,,,,,,,,,,,,,,,,,,,,Zagueiro,0,0.0,Não Jogou,False
688,0.0,292,2,0.0,False,141151,3.0,https://s3.glbimg.com/v1/AUTH_58d78b787ec34892b5aaa0c7a146155f/clubes_2025/silhuetas/SPT/FORMATO.png,Felipinho,6,felipinho,22,SPT,0.0,Felipe Gabriel dos Santos Silva,0,Felipinho,,,,,,,,,,,,,,,,,,,,,Lateral,0,0.0,Não Jogou,False
689,0.0,292,3,0.0,False,141153,1.0,https://s3.glbimg.com/v1/AUTH_58d78b787ec34892b5aaa0c7a146155f/clubes_2025/silhuetas/SPT/FORMATO.png,Riquelme,6,riquelme,22,SPT,0.0,Riquelme Felipe da Silva de Oliveira,0,Riquelme,,,,,,,,,,,,,,,,,,,,,Zagueiro,0,0.0,Não Jogou,False
690,0.0,292,3,0.0,False,141154,1.0,https://s3.glbimg.com/v1/AUTH_58d78b787ec34892b5aaa0c7a146155f/clubes_2025/silhuetas/SPT/FORMATO.png,F. Gabriel,6,felype-gabriel,22,SPT,0.0,Felype Gabriel Alencar Carvalho,0,Felype Gabriel,,,,,,,,,,,,,,,,,,,,,Zagueiro,0,0.0,Não Jogou,False
691,0.0,292,4,0.0,False,141156,1.0,https://s3.glbimg.com/v1/AUTH_58d78b787ec34892b5aaa0c7a146155f/clubes_2025/silhuetas/SPT/FORMATO.png,Adriel,6,adriel,22,SPT,0.0,Adriel Gomes do Nascimento,0,Adriel,,,,,,,,,,,,,,,,,,,,,Meia,0,0.0,Não Jogou,False
692,0.0,292,4,0.0,False,141158,2.0,https://s3.glbimg.com/v1/AUTH_58d78b787ec34892b5aaa0c7a146155f/clubes_2025/silhuetas/SPT/FORMATO.png,Breno,6,breno,22,SPT,0.0,Breno José da Silva Santos,0,Breno,,,,,,,,,,,,,,,,,,,,,Meia,0,0.0,Não Jogou,False
693,5.2,292,4,3.36,True,141160,5.7,https://s3.glbimg.com/v1/AUTH_58d78b787ec34892b5aaa0c7a146155f/clubes_2025/silhuetas/SPT/FORMATO.png,Z. Lucas,7,ze-lucas,22,SPT,0.18,José Lucas Gomes da Silva,17,Zé Lucas,2.0,31.0,21.0,6.0,19.0,,2.0,,4.0,,,,,,,,,,,,Meia,101,69.88,Bom,False
694,0.0,292,4,0.0,False,141161,1.0,https://s3.glbimg.com/v1/AUTH_58d78b787ec34892b5aaa0c7a146155f/clubes_2025/silhuetas/SPT/FORMATO.png,Gago,6,gago,22,SPT,0.0,Luiz Henrique Duarte Batista,0,Gago,,,,,,,,,,,,,,,,,,,,,Meia,0,0.0,Não Jogou,False
695,0.0,292,4,2.8,False,141162,1.99,https://s3.glbimg.com/v1/AUTH_58d78b787ec34892b5aaa0c7a146155f/clubes_2025/silhuetas/SPT/FORMATO.png,Jefinho,6,jefinho,22,SPT,0.0,Jefferson Borges do Nascimento,1,Jefinho,,1.0,,1.0,1.0,,,,,,,,,,,,,,,,Meia,0,0.0,Não Jogou,False
696,0.0,263,4,0.5,False,141400,2.01,https://s3.glbimg.com/v1/AUTH_58d78b787ec34892b5aaa0c7a146155f/clubes_2025/silhuetas/BOT/FORMATO.png,Huguinho,6,huguinho,22,BOT,0.0,Victor Hugo Custódio de Melo Moura,1,Huguinho,,,1.0,1.0,,,,,,,,,,,,,,,,,Meia,0,0.0,Não Jogou,False
697,0.0,356,5,0.0,False,141401,3.0,https://s3.glbimg.com/v1/AUTH_58d78b787ec34892b5aaa0c7a146155f/clubes_2025/silhuetas/FOR/FORMATO.png,K. Queiroz,6,kayke-queiroz,22,FOR,0.0,Kayke Gouvêa Queiroz,0,Kayke Queiroz,,,,,,,,,,,,,,,,,,,,,Atacante,0,0.0,Não Jogou,False
698,0.0,267,2,0.0,False,141405,1.0,https://s3.glbimg.com/v1/AUTH_58d78b787ec34892b5aaa0c7a146155f/clubes_2025/silhuetas/VAS/FORMATO.png,Avellar,6,avellar,22,VAS,0.0,Riquelme Avellar da Silva Fortes,0,Avellar,,,,,,,,,,,,,,,,,,,,,Lateral,0,0.0,Não Jogou,False
699,0.0,265,3,1.7,False,141419,1.5,https://s3.glbimg.com/v1/AUTH_58d78b787ec34892b5aaa0c7a146155f/clubes_2025/silhuetas/BAH/FORMATO.png,F. Lippert,6,fredi-lippert,22,BAH,0.0,Frederico Lippert Neto Gomes,1,Fredi Lippert,,1.0,1.0,,1.0,,,,,,,,,,,,,,,,Zagueiro,0,0.0,Não Jogou,False
700,0.0,266,3,0.0,False,141433,1.0,https://s3.glbimg.com/v1/AUTH_58d78b787ec34892b5aaa0c7a146155f/clubes_2025/silhuetas/FLU/FORMATO.png,G. Cintra,6,gustavo-cintra,22,FLU,0.0,Gustavo Cintra Rocha,0,Gustavo Cintra,,,,,,,,,,,,,,,,,,,,,Zagueiro,0,0.0,Não Jogou,False
701,0.0,275,4,2.75,False,141451,4.3,https://s3.glbimg.com/v1/AUTH_58d78b787ec34892b5aaa0c7a146155f/clubes_2025/silhuetas/PAL/FORMATO.png,Allan,6,allan,22,PAL,0.0,Allan Andrade Elias,13,Allan,,16.0,4.0,4.0,7.0,1.0,,,1.0,,,,,1.0,,,,,,,Meia,0,0.0,Não Jogou,False
702,0.0,275,5,0.25,False,141452,0.97,https://s3.glbimg.com/v1/AUTH_58d78b787ec34892b5aaa0c7a146155f/clubes_2025/silhuetas/PAL/FORMATO.png,Thalys,6,thalys,22,PAL,0.0,Thalys Henrique Gomes de Araújo,2,Thalys,,,,,1.0,,,,,,,,,,,,,,,,Atacante,0,0.0,Não Jogou,False
703,0.0,292,4,0.91,True,141453,3.18,https://s3.glbimg.com/v1/AUTH_58d78b787ec34892b5aaa0c7a146155f/clubes_2025/silhuetas/SPT/FORMATO.png,Atencio,6,atencio,22,SPT,-0.11,Rodrigo Uriel Atencio,12,Atencio,1.0,1.0,4.0,6.0,3.0,,,,2.0,,1.0,,,,,,,,,,Meia,275,12.65,Regular,False
704,0.0,285,2,0.0,False,141467,1.0,https://s3.glbimg.com/v1/AUTH_58d78b787ec34892b5aaa0c7a146155f/clubes_2025/silhuetas/INT/FORMATO.png,Pablo,6,pablo,22,INT,0.0,Pablo Pereira da Costa,0,Pablo,,,,,,,,,,,,,,,,,,,,,Lateral,0,0.0,Não Jogou,False
705,0.0,267,5,0.83,False,141493,2.81,https://s3.glbimg.com/v1/AUTH_58d78b787ec34892b5aaa0c7a146155f/clubes_2025/silhuetas/VAS/FORMATO.png,L. Augusto,6,loide-augusto,22,VAS,0.0,Loide António Augusto,10,Loide Augusto,1.0,4.0,9.0,2.0,4.0,,,,2.0,,,,,,,,,,,,Atacante,0,0.0,Não Jogou,False
706,11.6,356,4,3.55,True,141526,5.1,https://s3.glbimg.com/v1/AUTH_58d78b787ec34892b5aaa0c7a146155f/clubes_2025/silhuetas/FOR/FORMATO.png,L. Prior,7,lucca-prior,22,FOR,1.14,Lucca Prior Pimenta,10,Lucca Prior,1.0,9.0,12.0,3.0,12.0,2.0,2.0,,2.0,,,,,,,,,,,,Meia,10,97.29,Muito Bom,True
707,0.0,282,4,0.0,False,141551,1.0,https://s3.glbimg.com/v1/AUTH_58d78b787ec34892b5aaa0c7a146155f/clubes_2025/silhuetas/CAM/FORMATO.png,Índio,6,indio,22,CAM,0.0,Hendel dos Santos Nascimento,0,Índio,,,,,,,,,,,,,,,,,,,,,Meia,0,0.0,Não Jogou,False
708,0.0,284,5,0.0,False,141595,2.0,https://s3.glbimg.com/v1/AUTH_58d78b787ec34892b5aaa0c7a146155f/clubes_2025/silhuetas/GRE/FORMATO.png,G. Mec,6,gabriel-mec,22,GRE,0.0,Gabriel Ferreira de Carvalho,0,Gabriel Mec,,,,,,,,,,,,,,,,,,,,,Atacante,0,0.0,Não Jogou,False
709,0.0,276,5,1.0,False,141609,1.47,https://s3.glbimg.com/v1/AUTH_58d78b787ec34892b5aaa0c7a146155f/clubes_2025/silhuetas/SAO/FORMATO.png,Lucca,6,lucca,22,SAO,0.0,Lucca Marques Alencar,3,Lucca,,1.0,3.0,,5.0,,1.0,,,,,,,,,,,,,,Atacante,0,0.0,Não Jogou,False
710,0.0,276,1,0.0,False,141610,1.0,https://s3.glbimg.com/v1/AUTH_58d78b787ec34892b5aaa0c7a146155f/clubes_2025/silhuetas/SAO/FORMATO.png,J. Pedro,6,joao-pedro,22,SAO,0.0,João Pedro Pantiga Gomes,0,João Pedro,,,,,,,,,,,,,,,,,,,,,Goleiro,0,0.0,Não Jogou,False
711,0.0,276,2,9.1,False,141611,6.35,https://s3.glbimg.com/v1/AUTH_58d78b787ec34892b5aaa0c7a146155f/clubes_2025/silhuetas/SAO/FORMATO.png,Maik,6,maik,22,SAO,0.0,Maik Gomes Viegas,2,Maik,2.0,5.0,7.0,1.0,2.0,1.0,,,,,,1.0,,,,,,,,,Lateral,0,0.0,Não Jogou,False
712,0.0,276,5,0.0,False,141614,1.0,https://s3.glbimg.com/v1/AUTH_58d78b787ec34892b5aaa0c7a146155f/clubes_2025/silhuetas/SAO/FORMATO.png,Paulinho,6,paulinho,22,SAO,0.0,Paulo Sérgio Venuto Bezerra,0,Paulinho,,,,,,,,,,,,,,,,,,,,,Atacante,0,0.0,Não Jogou,False
713,0.0,276,4,0.0,False,141615,1.0,https://s3.glbimg.com/v1/AUTH_58d78b787ec34892b5aaa0c7a146155f/clubes_2025/silhuetas/SAO/FORMATO.png,P. Ferreira,6,pedro-ferreira,22,SAO,0.0,Pedro Henrique Ferreira da Silva,0,Pedro Ferreira,,,,,,,,,,,,,,,,,,,,,Meia,0,0.0,Não Jogou,False
714,0.0,262,4,0.0,False,141628,1.0,https://s3.glbimg.com/v1/AUTH_58d78b787ec34892b5aaa0c7a146155f/clubes_2025/silhuetas/FLA/FORMATO.png,P. Lúcio,6,pablo-lucio,22,FLA,0.0,Pablo Lúcio,0,Pablo Lúcio,,,,,,,,,,,,,,,,,,,,,Meia,0,0.0,Não Jogou,False
715,0.0,280,1,0.0,False,141643,1.0,https://s3.glbimg.com/v1/AUTH_58d78b787ec34892b5aaa0c7a146155f/clubes_2025/silhuetas/RBB/FORMATO.png,F. Costa,6,fernando-costa,22,RBB,0.0,Fernando Henrique Pires Costa,0,Fernando Costa,,,,,,,,,,,,,,,,,,,,,Goleiro,0,0.0,Não Jogou,False
716,0.0,277,4,3.18,False,141754,5.32,https://s3.glbimg.com/v1/AUTH_58d78b787ec34892b5aaa0c7a146155f/clubes_2025/silhuetas/SAN/FORMATO.png,G. Bontempo,6,gabriel-bontempo,22,SAN,0.0,Gabriel Morais Silva Bontempo,18,Gabriel Bontempo,1.0,24.0,10.0,4.0,18.0,1.0,,1.0,,,,,,,,,,,,,Meia,0,0.0,Não Jogou,False
717,5.4,354,2,4.41,True,141763,7.33,https://s3.glbimg.com/v1/AUTH_58d78b787ec34892b5aaa0c7a146155f/clubes_2025/silhuetas/CEA/FORMATO.png,F. Souza,7,fabiano-souza,22,CEA,-0.1,Fabiano Josué de Souza Silva,17,Fabiano Souza,4.0,22.0,25.0,5.0,27.0,,,,1.0,,,7.0,,,,,,,,,Lateral,97,70.78,Bom,False
718,0.0,280,5,0.0,False,141771,1.0,https://s3.glbimg.com/v1/AUTH_58d78b787ec34892b5aaa0c7a146155f/clubes_2025/silhuetas/RBB/FORMATO.png,Athyrson,6,athyrson,22,RBB,0.0,Athyrson Ferreira Prates,0,Athyrson,,,,,,,,,,,,,,,,,,,,,Atacante,0,0.0,Não Jogou,False
719,0.0,277,4,0.0,False,141776,1.0,https://s3.glbimg.com/v1/AUTH_58d78b787ec34892b5aaa0c7a146155f/clubes_2025/silhuetas/SAN/FORMATO.png,G. Henrique,6,gustavo-henrique,22,SAN,0.0,Gustavo Henrique Pereira,0,Gustavo Henrique,,,,,,,,,,,,,,,,,,,,,Meia,0,0.0,Não Jogou,False
720,0.0,287,3,0.0,False,141795,1.0,https://s3.glbimg.com/v1/AUTH_58d78b787ec34892b5aaa0c7a146155f/clubes_2025/silhuetas/VIT/FORMATO.png,Kauan,6,kauan,22,VIT,0.0,Kauan Santos Neves Coutinho,0,Kauan,,,,,,,,,,,,,,,,,,,,,Zagueiro,0,0.0,Não Jogou,False
721,0.0,354,5,2.16,False,141806,3.29,https://s3.glbimg.com/v1/AUTH_58d78b787ec34892b5aaa0c7a146155f/clubes_2025/silhuetas/CEA/FORMATO.png,Guilherme,6,guilherme,22,CEA,0.0,Guilherme Luiz Oliveira da Silva,5,Guilherme,,5.0,4.0,1.0,5.0,,,,1.0,,,,,,,,,,,,Atacante,0,0.0,Não Jogou,False
722,0.0,277,2,0.0,False,141868,3.0,https://s3.glbimg.com/v1/AUTH_58d78b787ec34892b5aaa0c7a146155f/clubes_2025/silhuetas/SAN/FORMATO.png,V. Lira,6,vinicius-lira,22,SAN,0.0,Vinicius Rodrigues Lira,0,Vinicius Lira,,,,,,,,,,,,,,,,,,,,,Lateral,0,0.0,Não Jogou,False
723,0.0,292,4,0.0,False,141874,1.0,https://s3.glbimg.com/v1/AUTH_58d78b787ec34892b5aaa0c7a146155f/clubes_2025/silhuetas/SPT/FORMATO.png,Dedé,6,dede,22,SPT,0.0,Josenildo José dos Santos Neto,0,Dedé,,,,,,,,,,,,,,,,,,,,,Meia,0,0.0,Não Jogou,False
724,0.0,264,4,1.2,False,141995,1.73,https://s3.glbimg.com/v1/AUTH_58d78b787ec34892b5aaa0c7a146155f/clubes_2025/silhuetas/COR/FORMATO.png,Dieguinho,6,dieguinho,22,COR,0.0,Diego da Cruz Lopes,5,Dieguinho,,3.0,1.0,1.0,2.0,,,,,,,,,,,,,,,,Meia,0,0.0,Não Jogou,False
725,4.7,292,3,2.71,True,141996,4.76,https://s3.glbimg.com/v1/AUTH_58d78b787ec34892b5aaa0c7a146155f/clubes_2025/silhuetas/SPT/FORMATO.png,J. Silva,7,joao-silva,22,SPT,0.7,João Pedro Eira Antunes da Silva,11,João Silva,1.0,9.0,9.0,2.0,2.0,,,,2.0,,,3.0,,,,,,,,,Zagueiro,113,66.27,Regular,False
726,0.0,284,5,2.34,False,142004,4.43,https://s3.glbimg.com/v1/AUTH_58d78b787ec34892b5aaa0c7a146155f/clubes_2025/silhuetas/GRE/FORMATO.png,Amuzu,6,amuzu,22,GRE,0.0,Francis Amuzu,10,Amuzu,2.0,1.0,4.0,8.0,10.0,1.0,2.0,,5.0,,,,,,,,,,,,Atacante,0,0.0,Não Jogou,False
727,0.0,283,3,0.0,False,142049,1.0,https://s3.glbimg.com/v1/AUTH_58d78b787ec34892b5aaa0c7a146155f/clubes_2025/silhuetas/CRU/FORMATO.png,B. Alves,6,bruno-alves,22,CRU,0.0,Bruno Ferreira Alves,0,Bruno Alves,,,,,,,,,,,,,,,,,,,,,Zagueiro,0,0.0,Não Jogou,False
728,0.0,283,1,0.0,False,142130,1.0,https://s3.glbimg.com/v1/AUTH_58d78b787ec34892b5aaa0c7a146155f/clubes_2025/silhuetas/CRU/FORMATO.png,M. Eráclito,6,marcelo-eraclito,22,CRU,0.0,Marcelo Eráclito de Souza Filho,0,Marcelo Eráclito,,,,,,,,,,,,,,,,,,,,,Goleiro,0,0.0,Não Jogou,False
729,0.0,284,3,0.0,False,142257,2.0,https://s3.glbimg.com/v1/AUTH_58d78b787ec34892b5aaa0c7a146155f/clubes_2025/silhuetas/GRE/FORMATO.png,L. Eduardo,6,luis-eduardo,22,GRE,0.0,Luis Eduardo Guedes de Souza,0,Luis Eduardo,,,,,,,,,,,,,,,,,,,,,Zagueiro,0,0.0,Não Jogou,False
730,0.0,284,5,0.0,False,142261,1.0,https://s3.glbimg.com/v1/AUTH_58d78b787ec34892b5aaa0c7a146155f/clubes_2025/silhuetas/GRE/FORMATO.png,Jeferson,6,jeferson,22,GRE,0.0,Jeferson Borges dos Santos,0,Jeferson,,,,,,,,,,,,,,,,,,,,,Atacante,0,0.0,Não Jogou,False
731,0.0,265,5,0.0,False,142265,1.0,https://s3.glbimg.com/v1/AUTH_58d78b787ec34892b5aaa0c7a146155f/clubes_2025/silhuetas/BAH/FORMATO.png,Dell,6,dell,22,BAH,0.0,Wendeson Wanderley Santos de Melo,0,Dell,,,,,,,,,,,,,,,,,,,,,Atacante,0,0.0,Não Jogou,False
732,0.0,286,1,0.0,False,142268,1.0,https://s3.glbimg.com/v1/AUTH_58d78b787ec34892b5aaa0c7a146155f/clubes_2025/silhuetas/JUV/FORMATO.png,Z. Henrique,6,ze-henrique,22,JUV,0.0,José Henrique Camargo,0,Zé Henrique,,,,,,,,,,,,,,,,,,,,,Goleiro,0,0.0,Não Jogou,False
733,15.0,267,5,5.23,True,142279,9.76,https://s3.glbimg.com/v1/AUTH_58d78b787ec34892b5aaa0c7a146155f/clubes_2025/silhuetas/VAS/FORMATO.png,N. Moreira,7,nuno-moreira,22,VAS,2.12,Nuno Gonçalo Rocha Moreira,19,Nuno Moreira,1.0,18.0,13.0,5.0,24.0,4.0,5.0,4.0,8.0,,,,,,,,,,,,Atacante,1,100.0,Excelente,True
734,0.0,287,4,0.0,False,142445,2.0,https://s3.glbimg.com/v1/AUTH_58d78b787ec34892b5aaa0c7a146155f/clubes_2025/silhuetas/VIT/FORMATO.png,W. Papaterra,6,wanderson-papaterra,22,VIT,0.0,Wanderson Papaterra Matos,0,Wanderson Papaterra,,,,,,,,,,,,,,,,,,,,,Meia,0,0.0,Não Jogou,False
735,0.0,263,4,0.5,False,142484,4.79,https://s3.glbimg.com/v1/AUTH_58d78b787ec34892b5aaa0c7a146155f/clubes_2025/silhuetas/BOT/FORMATO.png,Barrera,6,barrera,22,BOT,0.0,Jordan Andrés Barrera Herrera,1,Barrera,,,,,1.0,,,,,,,,,,,,,,,,Meia,0,0.0,Não Jogou,False
736,0.0,277,5,1.6,False,142867,2.59,https://s3.glbimg.com/v1/AUTH_58d78b787ec34892b5aaa0c7a146155f/clubes_2025/silhuetas/SAN/FORMATO.png,R. Jr.,6,robinho-jr,22,SAN,0.0,Robson de Souza Júnior,3,Robinho Jr.,,2.0,,1.0,2.0,,,,,,,,,,,,,,,,Atacante,0,0.0,Não Jogou,False
737,11.0,263,4,4.65,True,142890,9.36,https://s3.glbimg.com/v1/AUTH_58d78b787ec34892b5aaa0c7a146155f/clubes_2025/silhuetas/BOT/FORMATO.png,Montoro,6,montoro,22,BOT,1.43,Álvaro Montoro,9,Montoro,2.0,11.0,6.0,3.0,12.0,1.0,,1.0,4.0,,1.0,,,,,,,,,,Meia,14,95.78,Muito Bom,True
738,0.0,356,1,0.0,False,143040,1.0,https://s3.glbimg.com/v1/AUTH_58d78b787ec34892b5aaa0c7a146155f/clubes_2025/silhuetas/FOR/FORMATO.png,Salvador,6,salvador,22,FOR,0.0,Eduardo Salvador Correia,0,Salvador,,,,,,,,,,,,,,,,,,,,,Goleiro,0,0.0,Não Jogou,False
739,0.0,287,5,2.5,False,143253,1.83,https://s3.glbimg.com/v1/AUTH_58d78b787ec34892b5aaa0c7a146155f/clubes_2025/silhuetas/VIT/FORMATO.png,Wendell,6,wendell,22,VIT,0.0,Wendell dos Santos Sacramento,1,Wendell,,1.0,,,2.0,,,,,,,,,,,,,,,,Atacante,0,0.0,Não Jogou,False
740,0.0,287,5,0.0,False,143255,1.0,https://s3.glbimg.com/v1/AUTH_58d78b787ec34892b5aaa0c7a146155f/clubes_2025/silhuetas/VIT/FORMATO.png,K. Vitor,6,kauan-vitor,22,VIT,0.0,Kauan Vitor Silva Ferreira de Melo,0,Kauan Vitor,,,,,,,,,,,,,,,,,,,,,Atacante,0,0.0,Não Jogou,False
741,0.0,262,4,0.0,False,143295,2.0,https://s3.glbimg.com/v1/AUTH_58d78b787ec34892b5aaa0c7a146155f/clubes_2025/silhuetas/FLA/FORMATO.png,Joshua,6,joshua,22,FLA,0.0,Caio Joshua Lana de Andrade,0,Joshua,,,,,,,,,,,,,,,,,,,,,Meia,0,0.0,Não Jogou,False
742,0.0,283,4,0.0,False,143350,0.91,https://s3.glbimg.com/v1/AUTH_58d78b787ec34892b5aaa0c7a146155f/clubes_2025/silhuetas/CRU/FORMATO.png,M. Rhikman,6,murilo-rhikman,22,CRU,0.0,Murilo Rhikman Alves Pimentel,1,Murilo Rhikman,,,,,,,,,,,,,,,,,,,,,Meia,0,0.0,Não Jogou,False
743,0.0,266,2,0.0,False,143377,1.0,https://s3.glbimg.com/v1/AUTH_58d78b787ec34892b5aaa0c7a146155f/clubes_2025/silhuetas/FLU/FORMATO.png,L. Jance,6,leo-jance,22,FLU,0.0,Leonardo de Oliveira Jance,0,Léo Jance,,,,,,,,,,,,,,,,,,,,,Lateral,0,0.0,Não Jogou,False
744,0.0,264,2,0.0,False,143452,1.0,https://s3.glbimg.com/v1/AUTH_58d78b787ec34892b5aaa0c7a146155f/clubes_2025/silhuetas/COR/FORMATO.png,G. Caipira,6,gabriel-caipira,22,COR,0.0,Gabriel Henrique Soares da Silva,0,Gabriel Caipira,,,,,,,,,,,,,,,,,,,,,Lateral,0,0.0,Não Jogou,False
745,0.0,266,2,0.0,False,143460,1.0,https://s3.glbimg.com/v1/AUTH_58d78b787ec34892b5aaa0c7a146155f/clubes_2025/silhuetas/FLU/FORMATO.png,Vagno,6,vagno,22,FLU,0.0,Vagno de Sousa Brito Júnior,0,Vagno,,,,,,,,,,,,,,,,,,,,,Lateral,0,0.0,Não Jogou,False
746,0.0,266,5,0.0,False,143463,1.0,https://s3.glbimg.com/v1/AUTH_58d78b787ec34892b5aaa0c7a146155f/clubes_2025/silhuetas/FLU/FORMATO.png,W. Natã,6,wesley-nata,22,FLU,0.0,Wesley Natã de Freitas Prado,0,Wesley Natã,,,,,,,,,,,,,,,,,,,,,Atacante,0,0.0,Não Jogou,False
747,0.0,285,5,-0.1,False,143488,0.63,https://s3.glbimg.com/v1/AUTH_58d78b787ec34892b5aaa0c7a146155f/clubes_2025/silhuetas/INT/FORMATO.png,Raykkonen,6,raykkonen,22,INT,0.0,Raykkonen Pereira Soares,3,Raykkonen,,,1.0,,,,,,,,,,,,,,,,,,Atacante,0,0.0,Não Jogou,False
748,0.0,263,2,0.0,False,144015,1.0,https://s3.glbimg.com/v1/AUTH_58d78b787ec34892b5aaa0c7a146155f/clubes_2025/silhuetas/BOT/FORMATO.png,K. Pereira,6,kaique-pereira,22,BOT,0.0,Kaique da Silva Júlio Pereira,0,Kaique Pereira,,,,,,,,,,,,,,,,,,,,,Lateral,0,0.0,Não Jogou,False
749,0.0,277,3,0.0,False,144255,1.0,https://s3.glbimg.com/v1/AUTH_58d78b787ec34892b5aaa0c7a146155f/clubes_2025/silhuetas/SAN/FORMATO.png,J. Alencar,6,joao-alencar,22,SAN,0.0,João Alencar Santos Paes da Costa,0,João Alencar,,,,,,,,,,,,,,,,,,,,,Zagueiro,0,0.0,Não Jogou,False
750,0.0,277,5,0.0,False,144417,1.0,https://s3.glbimg.com/v1/AUTH_58d78b787ec34892b5aaa0c7a146155f/clubes_2025/silhuetas/SAN/FORMATO.png,Padula,6,padula,22,SAN,0.0,Pedro Padula Tobias de Aguiar,0,Padula,,,,,,,,,,,,,,,,,,,,,Atacante,0,0.0,Não Jogou,False
751,0.0,356,4,0.0,False,144561,1.0,https://s3.glbimg.com/v1/AUTH_58d78b787ec34892b5aaa0c7a146155f/clubes_2025/silhuetas/FOR/FORMATO.png,L. Emanoel,6,lucas-emanoel,22,FOR,0.0,Lucas Emanoel de Abreu dos Reis,0,Lucas Emanoel,,,,,,,,,,,,,,,,,,,,,Meia,0,0.0,Não Jogou,False
752,0.0,287,4,0.0,False,145000,1.0,https://s3.glbimg.com/v1/AUTH_58d78b787ec34892b5aaa0c7a146155f/clubes_2025/silhuetas/VIT/FORMATO.png,L. Lohan,6,lucas-lohan,22,VIT,0.0,Lucas Lohan dos Santos Verediana,0,Lucas Lohan,,,,,,,,,,,,,,,,,,,,,Meia,0,0.0,Não Jogou,False
753,0.0,287,4,1.18,False,145099,4.53,https://s3.glbimg.com/v1/AUTH_58d78b787ec34892b5aaa0c7a146155f/clubes_2025/silhuetas/VIT/FORMATO.png,R. Rodrigues,6,ruben-rodrigues,22,VIT,0.0,Rúben da Rocha Rodrigues,4,Rúben Rodrigues,,2.0,,,1.0,,,,1.0,,,,,,,,,,,,Meia,0,0.0,Não Jogou,False
754,8.79,263,6,6.92,True,145269,12.37,https://s3.glbimg.com/v1/AUTH_58d78b787ec34892b5aaa0c7a146155f/clubes_2025/silhuetas/BOT/FORMATO.png,D. Ancelotti,7,davide-ancelotti,22,BOT,0.56,Davide Ancelotti,9,Davide Ancelotti,,,,,,,,,,,,,5.0,,,,,,,,Técnico,40,88.25,Bom,False
755,0.0,265,5,0.0,False,145379,1.0,https://s3.glbimg.com/v1/AUTH_58d78b787ec34892b5aaa0c7a146155f/clubes_2025/silhuetas/BAH/FORMATO.png,K. Furquim,6,kaue-furquim,22,BAH,0.0,Kauê Junior Furquim da Silva,0,Kauê Furquim,,,,,,,,,,,,,,,,,,,,,Atacante,0,0.0,Não Jogou,False
756,0.0,287,4,0.0,False,145387,4.56,https://s3.glbimg.com/v1/AUTH_58d78b787ec34892b5aaa0c7a146155f/clubes_2025/silhuetas/VIT/FORMATO.png,R. Ismael,5,ruben-ismael,22,VIT,0.0,Rúben Ismael Valente Ramos,1,Rúben Ismael,,,,,,,,,,,,,,,,,,,,,Meia,0,0.0,Não Jogou,False
757,0.0,267,2,0.0,False,145396,1.0,https://s3.glbimg.com/v1/AUTH_58d78b787ec34892b5aaa0c7a146155f/clubes_2025/silhuetas/VAS/FORMATO.png,B. Vereza,6,breno-vereza,22,VAS,0.0,Breno Vereza da Silva,0,Breno Vereza,,,,,,,,,,,,,,,,,,,,,Lateral,0,0.0,Não Jogou,False
758,0.0,280,2,3.25,False,145400,2.92,https://s3.glbimg.com/v1/AUTH_58d78b787ec34892b5aaa0c7a146155f/clubes_2025/silhuetas/RBB/FORMATO.png,Cauê,6,caue,22,RBB,0.0,Cauê Nascimento Santos,2,Cauê,,1.0,,,,,,1.0,,,,,,,,,,,,,Lateral,0,0.0,Não Jogou,False
759,0.0,275,2,0.0,False,145404,1.0,https://s3.glbimg.com/v1/AUTH_58d78b787ec34892b5aaa0c7a146155f/clubes_2025/silhuetas/PAL/FORMATO.png,Arthur,6,arthur,22,PAL,0.0,Arthur Gabriel Santana Marcolino,0,Arthur,,,,,,,,,,,,,,,,,,,,,Lateral,0,0.0,Não Jogou,False
760,0.0,292,2,0.0,False,145412,1.0,https://s3.glbimg.com/v1/AUTH_58d78b787ec34892b5aaa0c7a146155f/clubes_2025/silhuetas/SPT/FORMATO.png,C. Berrío,6,caua-berrio,22,SPT,0.0,Cauã Alves de Mattos,0,Cauã Berrío,,,,,,,,,,,,,,,,,,,,,Lateral,0,0.0,Não Jogou,False
761,0.0,275,4,0.0,False,145413,1.0,https://s3.glbimg.com/v1/AUTH_58d78b787ec34892b5aaa0c7a146155f/clubes_2025/silhuetas/PAL/FORMATO.png,R. Coutinho,6,rafael-coutinho,22,PAL,0.0,Rafael Barbosa Coutinho,0,Rafael Coutinho,,,,,,,,,,,,,,,,,,,,,Meia,0,0.0,Não Jogou,False
762,0.0,275,4,0.0,False,145436,2.0,https://s3.glbimg.com/v1/AUTH_58d78b787ec34892b5aaa0c7a146155f/clubes_2025/silhuetas/PAL/FORMATO.png,Belé,6,bele,22,PAL,0.0,Erick Machado Belé,0,Belé,,,,,,,,,,,,,,,,,,,,,Meia,0,0.0,Não Jogou,False
763,9.8,287,2,9.8,True,145510,4.67,https://s3.glbimg.com/v1/AUTH_58d78b787ec34892b5aaa0c7a146155f/clubes_2025/silhuetas/VIT/FORMATO.png,P. Roberto,7,paulo-roberto,22,VIT,3.67,Paulo Roberto dos Santos Almeida,1,Paulo Roberto,,4.0,4.0,,,,,,,,,1.0,,,,,,,,,Lateral,26,92.47,Bom,True
764,0.0,266,3,0.0,False,145560,1.0,https://s3.glbimg.com/v1/AUTH_58d78b787ec34892b5aaa0c7a146155f/clubes_2025/silhuetas/FLU/FORMATO.png,Loiola,6,loiola,22,FLU,0.0,João Victor Loiola Santos,0,Loiola,,,,,,,,,,,,,,,,,,,,,Zagueiro,0,0.0,Não Jogou,False
765,0.0,277,3,0.0,False,145563,1.0,https://s3.glbimg.com/v1/AUTH_58d78b787ec34892b5aaa0c7a146155f/clubes_2025/silhuetas/SAN/FORMATO.png,J. Ananias,6,joao-ananias,22,SAN,0.0,João Paulo Ananias Bento,0,João Ananias,,,,,,,,,,,,,,,,,,,,,Zagueiro,0,0.0,Não Jogou,False
766,0.0,354,2,0.0,False,145602,2.0,https://s3.glbimg.com/v1/AUTH_58d78b787ec34892b5aaa0c7a146155f/clubes_2025/silhuetas/CEA/FORMATO.png,S. Barreto,6,samuel-barreto,22,CEA,0.0,Samuel Barreto dos Santos,0,Samuel Barreto,,,,,,,,,,,,,,,,,,,,,Lateral,0,0.0,Não Jogou,False
767,0.0,275,1,0.0,False,145612,1.0,https://s3.glbimg.com/v1/AUTH_58d78b787ec34892b5aaa0c7a146155f/clubes_2025/silhuetas/PAL/FORMATO.png,L. Sá,6,luiz-sa,22,PAL,0.0,Luiz Felipe Vieira Santana de Sá,0,Luiz Sá,,,,,,,,,,,,,,,,,,,,,Goleiro,0,0.0,Não Jogou,False
768,0.0,286,3,0.0,False,145647,1.0,https://s3.glbimg.com/v1/AUTH_58d78b787ec34892b5aaa0c7a146155f/clubes_2025/silhuetas/JUV/FORMATO.png,Bernardo,6,bernardo,22,JUV,0.0,Bernardo Tichz Toffolo,0,Bernardo,,,,,,,,,,,,,,,,,,,,,Zagueiro,0,0.0,Não Jogou,False
769,0.0,356,3,0.0,False,145648,1.0,https://s3.glbimg.com/v1/AUTH_58d78b787ec34892b5aaa0c7a146155f/clubes_2025/silhuetas/FOR/FORMATO.png,Cristovam,6,cristovam,22,FOR,0.0,Guilherme Cristovam dos Santos,0,Cristovam,,,,,,,,,,,,,,,,,,,,,Zagueiro,0,0.0,Não Jogou,False
770,0.0,276,2,0.0,False,145659,1.0,https://s3.glbimg.com/v1/AUTH_58d78b787ec34892b5aaa0c7a146155f/clubes_2025/silhuetas/SAO/FORMATO.png,Nicolas,6,nicolas,22,SAO,0.0,Nicolas Bosshardt,0,Nicolas,,,,,,,,,,,,,,,,,,,,,Lateral,0,0.0,Não Jogou,False
771,0.0,285,2,0.0,False,145660,1.0,https://s3.glbimg.com/v1/AUTH_58d78b787ec34892b5aaa0c7a146155f/clubes_2025/silhuetas/INT/FORMATO.png,L. Felipe,6,luiz-felipe,22,INT,0.0,Luiz Felipe de Morais Francisco,0,Luiz Felipe,,,,,,,,,,,,,,,,,,,,,Lateral,0,0.0,Não Jogou,False
772,0.0,264,4,0.0,False,145744,1.0,https://s3.glbimg.com/v1/AUTH_58d78b787ec34892b5aaa0c7a146155f/clubes_2025/silhuetas/COR/FORMATO.png,André,6,andre,22,COR,0.0,André Luiz Santos Dias,0,André,,,,,,,,,,,,,,,,,,,,,Meia,0,0.0,Não Jogou,False
773,0.0,292,2,0.0,False,145750,1.0,https://s3.glbimg.com/v1/AUTH_58d78b787ec34892b5aaa0c7a146155f/clubes_2025/silhuetas/SPT/FORMATO.png,V. Hugo,6,victor-hugo,22,SPT,0.0,Victor Hugo Viana da Silva,0,Victor Hugo,,,,,,,,,,,,,,,,,,,,,Lateral,0,0.0,Não Jogou,False
